place_id,name,address,latitude,longitude,open_now
"ChIJHxjYFNM4KToR9MD6hYh-T64","Hamara Petrol Pump - Bharat Petroleum","Devada, Durg, NH-6, Armori Bhandara Highway, Durg, Durg","21.148958","81.20088299999999","true"
"ChIJTXLjCtI4KToRISWVVJkxqHY","Hindustan Petroleum Corporation Limited","Ground Floor, NH 6, Dewada","21.14662","81.1962805","true"
"ChIJ1WbboX09KToRMaSDCDe1Lf4","IndianOil","Ground Floor, Civil Line, No F1, Durg","21.0686715","81.22154979999999","true"
"ChIJM0pJoTQ6KToRJgXe1kElUdI","Bharat Petroleum","India","21.1053963","81.2681905",""
"ChIJ-YFoHTg7KToRxFrSBwdKQNg","SHUBHAM PETROLEUM","Konari","21.1060375","81.26807099999999","true"
"ChIJIemBJwA7KToRbtLLMzU39cI","GHANASHYAM FUELS --- INDIAN OIL","Kuthrel","21.0982363","81.26957190000002","true"
"ChIJy_jG0oY5KToRztSG7wkljXg","IndianOil","Ground Floor, Dhamnod,Borsi, near Anjora, Borsi","21.131369","81.2089001","true"
"ChIJ87tmI2s5KToRkAWjHLyWpQg","Hindustan Petroleum Corporation Limited","Khasra No 1545/2, Nikum","21.057451","81.213797","true"
"ChIJ66mw0mw6KToRZN8CQVxAi-I","Hindustan Petroleum Corporation Limited","Ground Floor, Durg-Balod Road, Anda","21.075065","81.2733839","true"
"ChIJn9ZVURs7KToRdxAAZ5s9HFI","IndianOil","Ground Floor, Chandkhuri, Albaras","21.132287","81.26243199999999","true"
"ChIJazZUWEs3KToRjnfRYazDaU4","IndianOil","Civic Centre, Ground Floor Nikum, Durg","21.0517001","81.1983001","true"
"ChIJmZoagaM7KToRhofKuFOt9s4","Upasana Fuels","Bharat Petroleum,Upasana Fuels, Anda SH07,Durg Balod Road , Near Anda Chowk,Anda,DURG, CHHATTISGARH,Pin-491221","21.0625137","81.2768696",""
"ChIJB-I1bNI4KToR5MSMYvZBNjQ","IndianOil","Ground Floor, NH 6, GE Road, Dewada","21.146398","81.19742","true"
"ChIJC8QNG8w4KToR9cckUcGwt3Y","IndianOil","Ground Floor, NH 6, GE Road, Dewada","21.1442001","81.1924001","true"
"ChIJoc4HLho5KToRzR8fGm-ype4","new petrol pump","Tendesara","21.1404323","81.18586119999999",""
"ChIJH9VMCLc4KToRRHSsiEcSdo4","Hindustan Petroleum Corporation Limited","Ground Floor, Tedesara, Rajnandgaon","21.139901","81.182901","true"
"ChIJWzOsx_s5KToRBr9P4eDJF8E","IndianOil","Ground Floor, NH 6, Tedesara, Arjuni, Rajnandgaon","21.1357987","81.1751081","true"
"ChIJiRaS4kw_KToR9YjbzRjoMFI","Jaiswal Fuels","Ground Floor, Anjora","21.1610076","81.22461009999999","true"
"ChIJz8lTyLo4KToRCmyXehvPY1Q","IndianOil","Ground Floor, NH 6, GE Road, Tedesara, Arjuni","21.136313","81.17397199999999","true"
"ChIJ8-WkY9I3KToRHOWcffYBc9s","Krinal Fuels (BHARAT PETROLEUM)","mata mandir, Gudela Arjunda, near gudela, road, Gurela","21.0428651","81.1820465","true"
"ChIJQxmjMtg_KToRT-Cslg4HUoM","Hindustan Petroleum Corporation Limited","Khasra No 572, 4 & 572/7, Mahmara","21.168149","81.23464799999999","true"
"ChIJWRujB5c7KToRvKblDI_MJRU","Sai fuels bpcl","3862+HQR, Durg - Anda Road, Daukidih","21.06148169999999","81.3018957",""
"ChIJExvKtnQ7KToRZmAOyvYRzqo","IndianOil","Ground Floor, Pauwara,Dundera, Patora","21.10303","81.33794","true"
"ChIJPUw5MQA7KToRmHo9DTBhNRE","R.S. FUELS","48M2+945, Durg","21.13338139999999","81.30035459999999",""
"ChIJfbFDCfcxKToR4JiZPTmzpVs","IndianOil","Ground Floor, Risama","21.060261","81.3114277","true"
"ChIJOVBngTM7KToRHlMERlSSgWI","Hindustan Petroleum Corporation Limited","Khasra No 578, 1 & 578/2, Hanoda","21.141973","81.30256500000002","true"
"ChIJrygGq0U7KToRyW03GAQasOM","Manav Petrol Pump","48RG+RGX, Dhanora Main Road, Sarojini Nagar, Dhanora","21.1421059","81.32634759999999","true"
"ChIJ-3UZFmI9KToRGyByOttiiiM","Hindustan Petroleum Corporation Limited","Khasra No 234, 24 & 235/19, Borsi","21.156648","81.310737","true"
"ChIJSTe9-zslKToRVsfLDOE-Eec","IndianOil","Ground Floor, Dundera, Purai","21.11933","81.36089","true"
"ChIJNbxQOAAxKToR-lxpVXB-vkY","shree mahaveer fules","28P3+3XJ, Sirsida","21.035062","81.305779","true"
"ChIJGfZzH7okKToR2lTRagbNSlE","IndianOil","Ground Floor Umarpoti,Industrial Estate Bhilai, Bhilai","21.140719","81.35211799999999","true"
"ChIJtzr7Sns7KToRcikNx2FEOTs","IndianOil","Anda, Machandur, Road, Funda","21.0494841","81.3516891","true"
"ChIJJUFhZgAlKToR8iNStRjHREo","Maheshwara Fuels","39HC+F5P, Utai-Machandur Road, Ghughsidih","21.079802","81.3704219",""
"ChIJ5bHsDO47KToRZvV0ufCUqX8","Hindustan Petroleum Corporation Limited","Ground Floor, Dhanora Main Road, Bhilai","21.1554201","81.338618","true"
"ChIJEcaqI1U7KToRTtzuxqHYUFk","Addoc Fuel pump","584Q+5CH, Hind Nagar","21.1554273","81.33862309999999",""
"ChIJy7v5eVYkKToRy5Hb5uHL12s","Bharat Petroleum Solanki Fuels","22, Durg - Patan - Abhanpur Road, Utai","21.119137","81.38602999999999","true"
"ChIJNVNFaAAlKToRcDZT7QrLETQ","Thap house","497P+P2, Patora","21.114335","81.38500499999999",""
"ChIJk8d5UgAlKToRvWPvTINVvwU","Petrol.pump","499J+C4Q, Utai","21.118584","81.3803461",""
"ChIJiXxrFlMkKToRLf93bjeGCGQ","Hindustan Petroleum Corporation Limited","Ground Floor, Dumardih","21.114761","81.39107400000002","true"
"ChIJSYFd-MklKToRI0w8C3REIvY","IndianOil","Ground Floor Patora, Patan","21.107534","81.40660299999999","true"
"ChIJAXL-R-IlKToROoFOO6Wvc_Q","Bharat Petroleum Petrol Pump , SHREE RAJ FUELS","TEHSIL, VILLAGE MUDPAR, Patan","21.114629","81.42264999999999","true"
"ChIJ7XSIGx8nKToRiM-GVVg7CHk","Bharat Petroleum, Petrol Pump -Siddharth Fuels","JAMGAON","21.092188","81.4342801",""
"ChIJ4XsSulkjKToRe9k84HJ57OM","IndianOil","Newai, Maroda Basti","21.162609","81.352867","true"
"ChIJP_uUMgAjKToR1Gg1UTT007g","BASTER Fuel,s","5972+537, Maroda Basti","21.162924","81.3501727",""
"ChIJD3I0Y2kvKToR6TWc20OYfD4","IndianOil","Ground Floor Fekari, Patan","21.041598","81.414919","true"
"ChIJT7bkCBA8KToR3SzsCVtOKpU","Payal Travels Fuel Station","opp. Gayatri Mandir, Pulgaon Road, Chowk, Durg","21.166557","81.26296099999999","true"
"ChIJOV_YuT08KToRPE4VbSWI2EY","Bharat Petrol Pump","Pulgaon Road, Ganjpara, Durg","21.1799","81.26679999999999",""
"ChIJqRoFc2Q8KToRpwuaPPQo0jI","Hindustan Petroleum Corporation Limited","Ground Floor, Pulgaon Road, Durg","21.1707106","81.2901182","true"
"ChIJuwkCTlI8KToRE9fMM0l0jkc","SURYAKANT VALLABHDAS FUELS","Station Road, Guru Nanak Nagar, Durg","21.1988022","81.28752999999999","true"
"ChIJn3qlnfg8KToRoYVjuf3mHc0","IndianOil","Ground Floor, near Science College, Durg","21.1946909","81.2959944","true"
"ChIJl7VuAAA_KToRxsH9T0KJVJY","BPCL","56P7+FPX, Khapri","21.186774","81.21459999999999",""
"ChIJmfMAUgU8KToR9gEyBBEIlJM","Hindustan Petroleum Corporation Limited","Ground Floor, Ganjpara, Durg","21.165073","81.261804","true"
"ChIJVVVVlRo8KToRNgmHreQmUFs","IndianOil","Ground Floor Pulgaon Chowk, Pulgaon Road, Borsi","21.167","81.2628","true"
"ChIJZa8J5fg-KToRKmURBZQWgyY","Hindustan Petroleum Corporation Limited","Ground Floor, Industrial Growth Centre, Rasamada","21.1967183","81.215355","true"
"ChIJSzBm4_c-KToRMqc9HjnQ7rs","IndianOil","Ground Floor Durg Bypass Road,Rasmada, Borai","21.198476","81.219942","true"
"ChIJ63npCNk9KToRuXf5c9dJ1Vs","Reliance Petroleum","Reliance Petrol Pump, Survey No 492, State Higway 7 Pulgaon Naka. Near KM stone Durg City","21.1786363","81.2650108",""
"ChIJB9F64Fw9KToR_tsVdX6L2Sg","Satyam Powers","Nadi Road, Nayapara, Durg","21.1843049","81.262974","true"
"ChIJtzxrxss9KToRFzGJD6I796w","Hindustan Petroleum Corporation Limited","No 95/1/96/2/96/1/94, Nadi Road, Nayapara, Durg","21.184431","81.263164","true"
"ChIJuUcUEC8_KToRgJJFVV5XZdI","HP PETROL R R FUELS","663C+56Q, Rasmarah Station Road, Rasamada","21.2029555","81.2206037",""
"ChIJa83SyAw9KToR-6HLjqYs4J4","IndianOil","Ground Floor, Minimata Chowk, Adarsh Nagar","21.167493","81.273983","true"
"ChIJ_U3hvc0_KToRdPtxENC6e2E","Bharat Petroleum, Petrol Pump -Hamara Transport Company","G.E ROAD ANJORA, Durg","21.208679","81.215057",""
"ChIJG1BZ9gI9KToRwinUhhP3Gwk","IndianOil","Ground Floor, Potiya Road, Kalan, Borsi","21.1678007","81.2797302","true"
"ChIJcfFBPkc8KToR6dI4Yok4-zY","Dave Petrol Pump","kacchari, Chauk","21.1854178","81.27553780000001","true"
"ChIJ16qeG0c8KToRrWjed_Ap6Ss","Hamara Petrol Pump","Shanichari Bazar, Durg","21.18609919999999","81.2762513","true"
"ChIJoZrvTgA9KToRhZl-xg_Q9Lg","Endracaloni shiv nagar durg hemant kirana store ke pas aanand vihar ke aage","57HJ+MJQ, Potiya Road, Rishabh Nagar","21.1794547","81.2817412",""
"ChIJyX8s-NA9KToRMeVWPX8_rew","HP PETROL PUMP - BAFNA EARTHMOVERS LIMITED CNG AVAILABLE","Ground Floor, NH 53, Durg Bypass, Baghera","21.2104066","81.2597976","true"
"ChIJU9ia-dA9KToRz66nn2TEsqw","BEML FUELS","India","21.2104302","81.2598452",""
"ChIJiXTf2EQ9KToR3PaRyxYsvOo","Bharat Petroleum Petrol Pump , LAXMI FUELS","NH 6, Durg Bypass, Durg","21.2111855","81.25861410000002","true"
"ChIJT6jevFo8KToRfgt50lfw4IU","Hindustan Petroleum Corporation Limited","Ground Floor, Rajendra Park Chowk, GE Road, Durg","21.1891627","81.2858981","true"
"ChIJeZyzzrI9KToRPoDDADX4Mps","Hindustan Petroleum Corporation Limited","Ground Floor, GE Road, Durg","21.192247","81.28991099999999","true"
"ChIJcS8VtlA8KToR3DnzVvNze6Q","Todhi Petrol Pump","57RR+R2J, Pulgaon Road Sindhi Colony Malviya Nagar Bhilai Nagar, Durg","21.1920806","81.2900085",""
"ChIJH_TYYWU9KToRLQHikXK48w0","Bharat Petroleum","57FW+G6M, Jain Nagar, Vidyut Nagar","21.1738467","81.2955585",""
"ChIJOQnFIwA9KToR2yoKXTQgMGE","Central Jail Petrol Pump","15, Jail Road, Civil Lines, Padmanabhpur","21.1834895","81.2967283",""
"ChIJ_fgPk_U8KToR1QsW8MG-YHE","IndianOil","57MW+CP8, Jail Road, Civil Lines, Durg","21.1835345","81.2968286",""
"ChIJIdpmwBJBKToR_wK8y4Wg3AU","Arihant Fuels","Tedesara,kaldabri, road, Fulzar","21.1677895","81.1568051","true"
"ChIJ58LZorg_KToRLvkX_9axwFQ","IndianOil","Ground Floor, Rajnandgaon","21.1674626","81.15667959999999","true"
"ChIJ6XbAuqc_KToRJsPhYehK0dQ","Deepanshu Fuels Bharat Petroleum","kotni Road, Nagpura","21.2375897","81.2354833",""
"ChIJcYi1dec8KToRCKckDM8Yntk","IndianOil","near Sector 9 Hospital, Bhillai, near Sector 9 Hospital, Township, Sector 8, Durg","21.195181","81.31702399999999","true"
"ChIJH6eezcs8KToR6cZzaIOf4D4","Indian Oil LPG Agency","58MP+P46, Street Number 5, Sector 10, Bhilai","21.1842915","81.33527880000001",""
"ChIJDR436N48KToRimhvaxdV3DQ","Hindustan Petroleum Corporation Limited","Ground Floor, Infront of, NH 53, Durg Bypass, Nehru Nagar","21.200454","81.322037","true"
"ChIJ66agw6c9KToRSU-kHPHolsU","IndianOil","Ground Floor, Sikola Bhata","21.2154903","81.29431269999999","true"
"ChIJMZgWeKc9KToRve2g2sBcCgc","Petrol Pump","679W+347, Durg","21.2176625","81.295299",""
"ChIJt8ezICYjKToRSS8USFmFRlY","IndianOil","Mahila Samaj, Bhilai Steel Plant Run By, Sector 2, Bhilai","21.2015116","81.3506669","true"
"ChIJT9DZkRgjKToR9rEU3ccmrj4","Ashok fuels Petrol Pump","Street Number 83, Sector 6, Bhilai","21.20218569999999","81.349158",""
"ChIJxapUpnIjKToRrFPJ8o9vG9E","CIA Office","59JF+W65, Bhilai Steel Plant, Bhilai","21.1822569","81.3731092",""
"ChIJoc2lT-08KToR_Yrv2uU__uQ","Hudco Petrol Pump","Utai Road, Amdi Nagar, Hudco Colony, Hudco, Bhilai","21.1804252","81.30789399999999","true"
"ChIJZev5_-M8KToR6K6EtxQF_LU","Hindustan Petroleum Corporation Limited","Khasara No 118, NH 6, Katulbod, Durg","21.198131","81.311681","true"
"ChIJX1tnbbM8KToR-qlaO5V30mw","IndianOil","Forest Avenue Road Bhilai Niwas, Township, Bhilai","21.1743029","81.33798829999999","true"
"ChIJ9ZQ10aw8KToRB27MKkKYTi8","Pawar Petrol Pump (Mahamaya Fuels)","Street 3A, Maitrinagar, Risali","21.166341","81.3396406","true"
"ChIJkZ6nwjc9KToRo1zuXMmesNE","Shahid Kaushal filling station","9, Steel Colony, Katulbod, Nehru Nagar","21.2009906","81.3191257","true"
"ChIJre5Kfcs8KToR71bU5uTFn_E","Hindustan Petroleum Corporation Limited","Ground Floor, Central Avenue, Sector 10, Durg","21.187231","81.337949","true"
"ChIJB1SE5WU9KToRyqaXTKVkKbc","Police petrol pump","58QQ+5PF, State Bank Colony, Sector 6, Bhilai","21.1877592","81.3408025",""
"ChIJLRBNDN49KToRzp0N0pv-TWQ","Manish Grocery","Priyadarsani, west, Bhilai","21.199407","81.3308007",""
"ChIJBRjgQjMjKToRAa4H0jQ300Y","IndianOil","Steel Plant, Central Avenue, State Bank Colony, Sector 6, Bhilai","21.188294","81.3411059","true"
"ChIJ9wgwdtQ8KToR8SSybgjmR0s","Hindustan Petroleum Corporation Limited","Ground Floor, Infront of Maharan Pratap, Garage Road, Sector 7, Durg","21.1985545","81.3348733","true"
"ChIJDSIi_qg9KToRocBHRY6Iehc","Rajesh petrol pump","676V+V6H, Durg - Bemetara Road, Sikola Basti, Durg","21.2121913","81.29311369999999",""
"ChIJv-gIp209KToR35mWHjpJiEY","Hindustan Petroleum Corporation Limited","PC No 17/8, Khasra No 195/7, near New Ganj Mandi, 195/8, Durg - Dhamdha Road, Durg","21.2122247","81.2930641","true"
"ChIJHd7caGs9KToR7sB3EYzrRHM","AMBIKA FUELS BPCL","Pushpak Nagar, Junwani Road, Smriti Nagar","21.2104722","81.3163466","true"
"ChIJNeRUHIEjKToRP6_9yZHaoMs","Bharat Petroleum, Petrol Pump -Civic Centre Autos","Central Avenue, Sector 6, Bhilai","21.1892573","81.345466","true"
"ChIJ1T7EhVw9KToRs2VbHGFBU6Q","Hindustan Petroleum Corporation Limited","Khasra No 275/3, near Surya Treasure Island Mall, Junwani Road, Bhilai","21.218016","81.312558","true"
"ChIJFVjV1hc9KToROgUYPlXOOTo","Hindustan Petroleum Corporation Limited","Ground Floor, Junwani Chowk, Smruti Nagar, Durg","21.218211","81.31762499999999","true"
"ChIJi4_Sd9UiKToRPJWLo_CVj9E","IndianOil","Nh 6, Supela, Krishna Nager","21.206051","81.34271199999999","true"
"ChIJA7-THgA9KToR_ptHpSbL1MM","IndianOil","Ground Floor, Avanti Bai Chowk, near Surya Mall, Bhilai","21.2175193","81.3308807","true"
"ChIJj5FB6v0iKToR7IDqINSSYmU","Bharat Petroleum","Camp 2, Bhilai","21.2084","81.37729999999999",""
"ChIJtWeuOf4iKToRq1-JGBFyaFU","IndianOil","Great Eastern Road, power house, Bhilai","21.2085","81.3805","true"
"ChIJB6EafvYiKToRaJlC9yCIFto","RAHUL AUTOMOBILES (PPD) Bharat Petroleum","Nandini Road, Light Industrial Area, Bhilai","21.2247137","81.3807241","true"
"ChIJq3uLrdUjKToRsH6ScIL69fg","IndianOil","NH 6, 3, Bajrang para, Bhilai","21.20597099999999","81.42571029999999","true"
"ChIJoRKbAEQiKToR0n0TYBUZM0c","IndianOil","Ground Floor, Hathkhoj Transport Ngr, Heavy Indl Area,I E Bhilai, Bhilai","21.225729","81.40024","true"
"ChIJsb7Oq7AiKToRE51Y7MpZV9M","Hindustan Petroleum Corporation Limited","Khasra No 1481 & 1482, Kurud Road, Kurud, Kohka, Bhilai","21.2355891","81.3507573",""
"ChIJ7_zYmRYjKToRXLYdGamLSP4","Bharat Petroleum Waghela Filling Station","near Boriya Gate, Forest Avenue Road, Sector 4, near Boriya Gate, Bhilai","21.1892329","81.3659957",""
"ChIJVwjBSukjKToRFMue1Pnafsw","Khan Petrol Pumps","Ambikapur Shop, Bhilai","21.1954199","81.3712012",""
"ChIJFcrF7SUjKToRgy058ymapIU","Bharat Petroleum, Petrol Pump -Bhilai Service Station","Central Avenue, Sector 4, Bhilai","21.1981428","81.3628136","true"
"ChIJS6ExMf0iKToRZqRHua95GZ8","Highway Petrol Pump","695F+F9C, Raipur-Bhilai-Durg Expressway Road (NH6), Camp 2, Bhilai","21.2087","81.37339999999999","true"
"ChIJobi0O_0iKToRQW2e-ExKIm0","Hindustan Petroleum Corporation Limited","Ground Floor, NH 53, Great Eastern Road, power house, Bhilai","21.208651","81.374611","true"
"ChIJp2bovf0iKToR2gt6OlLfNMM","Hindustan Petroleum Corporation Limited","Ground Floor, NH 53, power house, Chowk, Durg","21.2085783","81.3768166","true"
"ChIJByagE9giKToR3HotLvgufWU","IndianOil","GE Road, Supela, Bhilai","21.206852","81.352013","true"
"ChIJGfMBoB4jKToR3WsACzOvlHE","Deepanshu Petrol Pump","Link Road, Bhilai","21.2115243","81.3740809",""
"ChIJOUAT4TsjKToRfnA8uwrwG0Q","Hindustan Petrol Pump","Camp 2, Bhilai","21.2113355","81.376578",""
"ChIJaSsu2DAjKToRq8puwG6Dr7U","Mirza Petrol Pump","Mirza Azam, Bhilai","21.2117824","81.37584",""
"ChIJTTWyPSMjKToRJFL5CWr9o5c","Rahul Petrol Pump","Bhilai","21.2123013","81.3781649",""
"ChIJ_z-c6iUjKToRCUxLqmabVwY","Vishva Petrol Pump","Vrinda Nagar, Camp 1, Bhilai","21.2158875","81.3602849",""
"ChIJ__VlpBMjKToRyiZ5Eoq0Vfo","Shivam Petrol Pump","Vrinda Nagar, Camp 1, Bhilai","21.2183481","81.3653125",""
"ChIJ12jZMLsjKToRKcLCjLSDYEE","Hindustan Petroleum Corporation Limited","8251/8, Kh No 8251/5, Gaurav Path, Bhilai","21.220816","81.358604","true"
"ChIJIQH0_vYiKToRTVr3zQgp5f8","IndianOil","Nandini Road, Chowk, Chavni","21.2218822","81.3811409","true"
"ChIJ26cm_0wjKToRxnhDTLljUKc","IndianOil","Housing Board, Camp Area, Vaishali Nagar","21.2233804","81.3679952","true"
"ChIJUSZP0AIjKToRy7v6bNbBhC4","Rupesh Petrol Pump","Kumari Road, Bhilai","21.2236771","81.376522",""
"ChIJk-d_RcwiKToRO0S3sDO9Gog","BPCL Sao Petrol Pump","Kohka, Bajarang Para","21.2208371","81.3435959","true"
"ChIJt1hCPr09KToR5oiIp6Mi_YM","Hindustan Petroleum Corporation Limited","Khasra No 1879, 2 & 3309/2, Kohka, Bhilai","21.218495","81.33689199999999","true"
"ChIJTTtNq48jKToRrQJ-DkanB1M","Sai Petrol Pump","Bhilai","21.2273784","81.37521509999999",""
"ChIJf2GooEAjKToR9F0Paj8dHDU","ATUL OXYGEN COMPANY","28/B, Light Industrial Area, Bhilai","21.2281949","81.3866812","true"
"ChIJK10xczM9KToR629qlpDhFqg","UV power service station","Kohaka, Main Road, Bhillai, Kurud, Durg","21.2208489","81.3332683",""
"ChIJI_r7xgUjKToROTKvJNqiFiY","Shakti Shambhu","Maharaj 33, Bhilai","21.2312725","81.3686829",""
"ChIJQXNJJqUVKToRp0FUBtKcHPc","IndianOil","Ground Floor, Dhamdha, Sewti","21.278688","81.217801","true"
"ChIJsxe66Ho9KToRv8kozG2Hxj0","IndianOil","Ground Floor, Durg - Dhamdha Road, Admabad, Khapri","21.240964","81.305358","true"
"ChIJo_UNjiY-KToR2uUda1i62XQ","Nagpura petrol pump","7777, Jalbandha Road, Nagpura","21.24145589999999","81.22220949999999",""
"ChIJQcKjDwAVKToRBUaDl-qzcZQ","Gupta fuels Nagpura","Khasra No 1838/2 Borai, Road, Nagpura","21.252343","81.21986199999999","true"
"ChIJ2Xu7fHprKToR65vEBkmWYoU","IndianOil","NAGPURA, ROAD, Dudiya","21.2509285","81.1612415","true"
"ChIJb-2CTnA9KToRgsR17yC9yBw","IndianOil","Ground Floor Khapri, Motilal Nehru Nagar","21.2361835","81.30508449999999","true"
"ChIJj4sDHQA9KToRq0XIvr9ggSQ","Naina fuels (BPCL)","68V4+VH6, Khapri Alias Pipardih","21.244669","81.3063926","true"
"ChIJv2OkbFg9KToR_t80Svq45PE","M/s Abhishek Fuels","Kohka jewara, Sirsa Road, Bhilai","21.2388812","81.32188769999999","true"
"ChIJc3f1q8IXKToRDDUII5ggDY0","Bharat Petroleum, Petrol Pump -Maa Gumano Fuels","DURG, NEAR BYPASS FLYOVER, Durg","21.26568499999999","81.30432499999999",""
"ChIJQX8LWac9KToR8TO0NrYURcg","IndianOil","Sirsa Road, Jewra, Arya Nagar, Kohka, Bhilai","21.230789","81.33144399999999","true"
"ChIJT8LFtZkXKToRuFx-YDZBq-I","Hindustan Petroleum Corporation Limited","Khasra No 66/2, Jevra Sirsa","21.268625","81.309953","true"
"ChIJJ0Tjb6MXKToRr2HY21gcx1k","Hindustan Petroleum Corporation Limited","Khasra No 266/4, Durg - Dhamdha Road, Karanja B","21.2844897","81.31820920000001","true"
"ChIJFdM-nbUjKToRP2xybrZdE5s","Rohit Petrol Pump","Rohit Petrol Pump, Bhilai","21.2395206","81.36458879999999",""
"ChIJl3xiofwXKToRlyi5KRrQcXk","Bharat Petroleum M/s Sumitra Devi Fuels","78WF+6HM, Durg","21.2955834","81.32392279999999",""
"ChIJbbfoTR8iKToRyGV4lsGoMg8","Hindustan Petroleum Corporation Limited","Ground Floor Aklordih, Road No 3, Hathkhoj","21.234077","81.42262199999999","true"
"ChIJNW7hifUhKToRmrk2dSs7Yhk","Maruti Petroleum Bhilai Umda Bharat Petroleum","Bhilai Marshalling Yard, Charoda","21.2370977","81.4280675","true"
"ChIJP4e3X4IhKToRWfM2-44lHEg","Hindustan Petroleum Corporation Limited","Ground Floor, Sirsha chowk, near Sirsa Gate, Umda Road, Bhilai","21.211739","81.43615799999999","true"
"ChIJFxdR04YiKToR1aOPGdPy_lg","Hindustan Petroleum Corporation Limited","Power House, Ground Floor Nandini Road, Road, Jamul","21.248631","81.381085","true"
"ChIJ8YIsHGcjKToR51YEhFA6z0k","Onkar Fuels","69XM+V54, Nandini Road, Nakapara, Jamul","21.2496275","81.3829573","true"
"ChIJ_6f1nYAiKToRKo1911W81gA","IndianOil","Ground Floor, Jamul, Kurud, Bhilai","21.250635","81.383883","true"
"ChIJowLDR0EiKToRi2JWcTDTZEI","Reliance Petrol Pump","Hathkhoj","21.2268","81.40169999999999","true"
"ChIJ7e5KMIAjKToRA9W13dNoomc","Reliance Petroleum","No 46, Heavy Industrial Area Hathkhoj, Bhilai","21.23551","81.41416199999999","true"
"ChIJS8KnoB8iKToRgSAjaEVC8O8","IndianOil","Ground Floor, Abhanpur, Tekari-2","21.23480099999999","81.425101","true"