place_id,name,address,latitude,longitude,open_now
"ChIJOWqUTLU9DTkR67uZD2hmOxM","IndianOil","Imt Manesar, Gurugram","28.3675234","76.94225039999999","true"
"ChIJs9Ol0ow9DTkRfbTlHpdbdqI","Nayara Petrol Pump-Shree Balaji Fuels","CW4R+6JF, Badha, Gurugram","28.4060763","76.9410224","true"
"ChIJP8oxxD89DTkRG8vZA0_1u2c","Hindustan Petroleum Corporation Limited","Ground Floor, Wazirpur, Manesar Road, Nawada Fatehpur, Sector 86, Gurugram","28.3960982","76.9329724","true"
"ChIJjeWi7O89DTkR2QzSwTmf2jU","Hindustan Petroleum Corporation Limited","Ground Floor, Sector 87, Gurugram","28.3983761","76.9295041","true"
"ChIJkVG9bzsWDTkR-Cx9XSEB2JQ","Essar Petrol Pump","CWGW+VMM, Pataudi Road, Gurugram","28.4272246","76.9466729","true"
"ChIJexDerio8DTkRKQ7_acFsI24","Hindustan Petroleum Corporation Limited","HSIIDC Indl Estate, Plot No 10, Sector 3, Manesar, Gurugram","28.364408","76.918697","true"
"ChIJQ8CRpuIXDTkRHN7mokNfog4","IndianOil","CX9X+M73, NH 8, Sector 35, Narsinghpur","28.4188239","76.9980334","true"
"ChIJiRQg6PoVDTkRQTi--P0D8qI","H.P. Petrol Pump jupiter","CWC5+2FX, SH-15A, Sector 95B, Gurugram","28.4201174","76.9087493",""
"ChIJAWfXNY0XDTkR2XiAoZ4c58Q","Petrol Pump Khandsa","1656, Kargil Shaheed Sukhbir Singh Yadav Marg, Udyog Vihar Industrial Area Phase VI, Sector 10A, Gurugram","28.4422675","77.00044369999999","true"
"ChIJxRtP4a9HDTkRJRuLFp6NMXE","IndianOil","Ground floor, Mau, Pataudi, Inchha Puri, Gurugram","28.3897297","76.95582410000002","true"
"ChIJPz2MNMw9DTkRtgGw2GBKDO0","Sonu Tyre Shop","Shop No 3, VATIKA INDIA NEXT, Sector 82, Gurugram","28.390796","76.9630456",""
"ChIJTXH0ef49DTkRFgI0HnIbrS0","IndianOil","Ground Floor, Manesar To D Road, Sector 85, Gurugram","28.3968575","76.95336019999999","true"
"ChIJ4yGdIwA9DTkRxn_39r30rmc","Hariom filling station","Ground Floor, Gurgaonimt, Manesar To D Road, Sector 85, Gurugram","28.3968846","76.9532493","true"
"ChIJZ4bUOdA9DTkRcj62B5SuKII","IndianOil","near Sector 82, Ground Floor Dividing Road, Sikanderpur, near Sector 82, 85, Khandsa, Gurugram","28.39792","76.958854","true"
"ChIJa9--PKc9DTkREJF6WUgNHvk","Bharat Petroleum","9XW2+P28, Dwarka Expressway Link Road, Gurugram","28.3967863","76.9500758","true"
"ChIJSwgiJ2k9DTkRWkajSvoodw0","Tata motors","9XM9+472, National Highway 48, Sector 78, Gurugram","28.3827527","76.9681449",""
"ChIJ0ckgbAA9DTkR9jdhGGJ7Zt4","CNG pump sector 84","2, Sector 84, Gurugram","28.4011492","76.9614242","true"
"ChIJ7wvOz2s9DTkR_1h-FGYbGuk","Hindustan Petroleum Corporation Limited","Ground Floor, Sikandarpur Badha, Sector 84, Gurugram","28.401253","76.96131100000001","true"
"ChIJO72uhQg9DTkRQs4w9dQf3cE","IndianOil","NH 8, 44, KM Stone, Delhi - Jaipur Expressway, Shikohpur, Gurugram","28.3817581","76.967839","true"
"ChIJ29nT0Ag9DTkRL8qSJECBg5s","गुप्ता कल्च रिपेरिंग","9XM9+JQ9, National Highway 48, Sector 78, Gurugram","28.38404","76.96949599999999","true"
"ChIJsavZjcg9DTkRWPFLVyaiqsc","IndianOil","Mustil No 30, 11/2/1 Dwarka, Manesar Road, Sector 81, Gurugram","28.390277","76.942088","true"
"ChIJB0mG6DI9DTkRgvxonQ-4kVs","HP Petrol Pump","Jai Singh Chowk, H14 Street, Sector 82, Gurugram","28.4016287","76.9612113",""
"ChIJqd9Lmd09DTkRqv4amR_56Jc","IndianOil","Ground floor, Lakhnola NH 8, 45/6, Mile Stone, Sector 80, Gurugram","28.376224","76.956869","true"
"ChIJqfzdZK49DTkRLMrFWAW3ssU","Hindustan Petroleum Corporation Limited","Ground Floor, KM 46 Stone, near Macdonalds, Nakhrola Road, Manaser, Gurugram","28.375381","76.955101","true"
"ChIJqfuC58w9DTkRlHSRHBW9rC4","Sita services Indian oil corporation","9XVH+28J, Sector 84, Gurugram","28.3925949","76.9782561",""
"ChIJIxbj55A9DTkRzHVcXWBPP5A","IndianOil","Ground Floor, NH 8, South City 1, Kherki Daula, Gurugram","28.3926813","76.9782792","true"
"ChIJBTO8i1s9DTkRvPsjdsgPWDc","IndianOil","No 19 2, 2 19/2/2/1/1, Sector 86 Road, Badha, BB Ashram, Rewari","28.40581199999999","76.9439556","true"
"ChIJHYZuyaw9DTkRfhDj3TIe_6A","Bharat Petroleum","CW4V+7CH, opposite Nayara Petrol Pump-Shree Balaji Fuels, Sector 86, Gurugram","28.4056846","76.9436132",""
"ChIJs9CSTwA9DTkRfCmynbN3VF8","Bharat Petroleum sec 85","CW5X+CGW, Gurugram","28.4086243","76.9488403","true"
"ChIJXbzHtXk9DTkRcOJ-HkTn9Vs","SS Petromart","Sector 85, On Sector 85 & 89, Dividing Road, Gurugram","28.4086315","76.9488507",""
"ChIJNRPWD3M9DTkRJLD44j4AfMM","Hindustan Petroleum Corporation Limited","Ground Floor, Nawada Fatehpur, Sector 87, Gurugram","28.3934814","76.93375069999999","true"
"ChIJPRYmapM9DTkRFMIZg4IyJS0","Indraprastha Gas Limited CNG Station","Gurgaon - Delhi Expressway, Gurugram","28.3936753","76.9806057",""
"ChIJv3twHwA9DTkRZ5ENbWhSHlU","R.C Millennium","9XJJ+F26, Sector 77, Gurugram","28.3811727","76.9800154",""
"ChIJ98EkXgA9DTkRizwjfLrbvVg","Shree shyam fuel point","214Y, Sector 89, Manesar","28.4137636","76.9534147","true"
"ChIJV5xe3EY9DTkRvIcOF0V6Dxg","IndianOil","Ground Floor, South City 1, Badha, Manesar, Gurugram","28.411774","76.94345299999999","true"
"ChIJk4b0EGM9DTkRXASpmo7G3qo","Indraprastha Gas Limited CNG Station","BEFORE Kherkidaula toll plaza 42 Milestone Delhi - Jaipur Expressway, NH-8, Kherki Daula, Gurugram","28.3974467","76.98425069999999","true"
"ChIJG8RVxEs9DTkRkRnM4pDvKDQ","Petrol Pump BP","9XPP+Q9F, Toll Bypass Road, Sector 76, Gurugram","28.3869254","76.9859099",""
"ChIJ73dQTGo9DTkRRsdrKUkNrYc","Shree Shyam petro","9XPP+WGM, To Shikohpur Village, Sector 77, Gurugram","28.3873309","76.98630539999999","true"
"ChIJA6ALbAA9DTkRyf1S1L_RIQk","Kalu gas shop","9WGJ+6F, Gurugram","28.3755905","76.9311501",""
"ChIJBWllCro9DTkRC4Tk0R4RNpA","indraprastha gas limited cng station","9XPP+MH, Sector 77, Gurugram","28.3864511","76.9869531","true"
"ChIJqZ3mYYwXDTkRvuovqVBxvhY","Hindustan Petroleum Corporation Limited","Survey No 63, opposite Sector 84, 16/1/1, Hayatpur, Gurugram","28.4166691","76.96108679999999","true"
"ChIJz0OLk0s9DTkRD7U7XsSpI5c","MILLENNIUM (BPCL PUMP)","Sector 77 Road, To Shikohpur Village, Sector 77, Gurugram","28.3837193","76.98742969999999",""
"ChIJq4FKVz09DTkR5WRGW6XzuM8","IndianOil","Ground Floor, Sector 77, Gurugram","28.3830745","76.9880029","true"
"ChIJHVsIXwA9DTkRSkFKpo8rkLw","Bk puc","9WWF+VR3, Gurugram","28.397134","76.9245502",""
"ChIJxaTxb_A9DTkRWHMGbLMtKpw","SHREE SAI PETROLEUM BHARAT PETROLEUM PETROL PUMP","9WWF+WM, Gurugram","28.3973204","76.9241838",""
"ChIJmYvZAAA9DTkRAyd73XMT1rM","BPCL RC 76 Petrol Pump","9XJQ+HW6, Sector 77, Gurugram","28.3822509","76.9897043","true"
"ChIJhd_9LQA9DTkRL1NLNqNTSTI","Dwarka","CX3Q+8C4, Northern Peripheral Road, Block D, Vishnu Garden, Sector 105, Gurugram","28.40325499999999","76.9885867",""
"ChIJA2v1Mvg8DTkREOzayxhMWZ8","IndianOil","Ground Floor, South City 1 Rampura, Naurangpur Road, Manesar, Gurugram","28.359301","76.966923","true"
"ChIJ4SPfdAA9DTkRaQppRfkaw0I","krishna service centre","9XJR+FG, Gurugram","28.3812","76.9913",""
"ChIJDSDZ0fY8DTkRflUaVUiWYzk","Sanwariya Petro","Naurangpur Road, Sector 79, Naurangpur","28.3591081","76.9671455","true"
"ChIJ-z92dhg9DTkRfxs-DSgleBg","SH MAMAN SINGH BOHRA FUELS","DLF ROAD, 87/91, Dividing Road, Kankrola, Gurugram","28.3961251","76.9210222",""
"ChIJRXAze_c8DTkRKTuesAOMRE4","Bharat Petroleum","India","28.3579653","76.9678977",""
"ChIJt8yCUbw9DTkR_Oba9xGLZrs","Shyam Sai Fuels","Naurangpur, New Sector Road, Sector 79, Gurugram","28.3578414","76.9688224","true"
"ChIJaXtaAwAXDTkR9wpeESK_Rts","Hindustan Petroleum Corporation Limited","Ground Floor, NH 48, Hayatpur Road, Sector 89, Pataudi","28.419551","76.938891","true"
"ChIJy3Alppo9DTkRS1hPaSMjYLE","Hindustan Petroleum Corporation Limited","Ground Floor, NH 8, Shikohpur, Manesar, Gurugram","28.37976299999999","76.9941751","true"
"ChIJMeVbM8E_DTkRSf7ZoZSQUZ4","IndianOil","Vill kankrolo, Sector 87, Gurugram","28.3958974","76.9179212","true"
"ChIJk_H1KtY_DTkRarUVAWijGvY","Puc Check Point","Shop No 1, Sector 87, Gurugram","28.3957051","76.9173847",""
"ChIJmYH4hVw9DTkR2KFKtEvWNro","SBI","India","28.4091973","76.99238799999999",""
"ChIJeQamflw9DTkRWG40wb0lgi8","IndianOil CNG","Delhi - Jaipur Expressway, Sector 74A, Narsinghpur","28.4097878","76.9926912","true"
"ChIJuwkAvXcXDTkRXoK19qVd-es","Hindustan Petroleum Corporation Limited","Ground Floor, Hayatpur, Sector 94, Hisar","28.419444","76.93027699999999","true"
"ChIJu4IoqXQYDTkRmrTDYMB1Ke8","Hindustan Petroleum Corporation Limited","Ground Floor, Subhash Chowk, near Hero Honda, Chowk Road, Sector 48, Gurugram","28.4274846","77.0342605","true"
"ChIJMxgVg3QYDTkRTkvdaVeO7X0","STARK PETROLEUM","36, Omaxe Celebration Mall, Sohna Road, Gurugram","28.4278498","77.03567559999999",""
"ChIJQSXq6GwYDTkRA890D0odapI","Bharat Petroleum","Shop No - 38, State Highway 13, Sector 38 Islampur Village, Sector 38, Gurugram, opposite AIRFORCE Station, 38, Badshahpur Sohna Road, Islampur Village, Sector 38, Gurugram","28.4375003","77.03514179999999","true"
"ChIJA3GbRnQiDTkRvVX1q96AqQ0","Nayara Petrol pump & CNG Station","near CNG pump, Sector 57, Gurugram","28.422272","77.0753908","true"
"ChIJz8mEaCIYDTkRfv5Fcw8soh8","BPCL Fuel Station","Delhi - Jaipur Expressway, Rajiv Colony, Sector 33, Gurugram","28.4448969","77.01829850000001","true"
"ChIJBRRxo5ojDTkR3TxQMuelLtk","Hindustan Petroleum Corporation Limited","Ground Floor, near Police Post, Badshahpur Sohna Road, Bhondsi, Gurugram","28.346201","77.067391","true"
"ChIJEQXl5Q8iDTkRLshWkHUP1M4","Hindustan Petroleum Corporation Limited","Ground Floor, Southern Peripheral Road, Sector 62, Gurugram","28.41628649999999","77.089128","true"
"ChIJFYBXbVyRyzsR_Oxo3oLw09Y","IndianOil","Ground Floor, Part 1, NH 8, Sector 15, Gurugram","28.4501857","77.03960219999999","true"
"ChIJ6fld5kMYDTkR1eDYwr3xnJ4","Haryana City Gas CNG Station","Delhi - Jaipur Expressway, Sector 15 Part 1, Gurugram","28.4504697","77.03979269999999","true"
"ChIJO8DzUiYZDTkRlBB3Dl1ZIoE","Bharat Petroleum, Petrol Pump -Jawala Service Station","Delhi - Jaipur Expressway, Sector 31, Gurugram","28.45586579999999","77.04639900000001","true"
"ChIJGUFk7VoYDTkRKyZonNFDqwE","Cng Pump sec 15","14, Delhi - Jaipur Expressway, LIG Colony, Sector 31, Gurugram","28.4563465","77.0470625","true"
"ChIJYV4InFoYDTkRDF7SsyJjaYM","Haryana City Gas CNG Station","Delhi - Jaipur Expressway, Sector 15 Part 2, Gurugram","28.4580247","77.04713","true"
"ChIJh5WgPd0jDTkRjYj21BpML2U","IndianOil","Southern Peripheral Road, Sector 71, Gurugram","28.4014961","77.0204052","true"
"ChIJM9duN9kjDTkRLsDGfAX5RJU","COCO BP BADSHAHPUR","92HV+J47, Aklimpur - Teekli Road, Gurugram","28.379037","77.042794","true"
"ChIJTUYfqm09DTkRZBTzxg1lpKQ","IndianOil","17/9/2/4/2 & 10/1, Wml 1, Darbaripur, Gurugram","28.386207","77.006227","true"
"ChIJB4PbHwA9DTkRG8Xav3CLyBQ","IndianOil","Central Park II, Sector 48, Gurugram","28.3878361","77.0040179",""
"ChIJPTOeKBY9DTkRdK50YjRZRwU","Bhanu fuels ksk","92Q3+3GX, Darbaripur Road, Gurugram","28.3877265","77.0038659",""
"ChIJiWk9jUsjDTkRY7lZEdMyfOY","Indraprastha Gas limited","NH - 248 A, Main Sohna, Gurugram Road, Dhani, Sector 48, Gurugram","28.4059805","77.0432423",""
"ChIJ0fYn3a49DTkRJbXTTg-ZKn4","Pradooshan Janch Cendra","Shop 678, near Hp Pump, Sector 73, Gurugram","28.3995374","77.00289959999999",""
"ChIJ6YWfZvY9DTkRiasxkzcW2s0","Hindustan Petroleum Corporation Limited","Ground Floor, NH 8, Begumpur Khatola, Sector 75A, Gurugram","28.399423","77.00252499999999","true"
"ChIJCcyqGTo9DTkR4-_TNaeFwDo","RAMA Filling Station Bharat petroleum","C232+5F6, Southern Peripheral Road, Sector 74A, Gurugram","28.4029211","77.00114669999999","true"
"ChIJbSYneAA9DTkRcyXI5RyI_Hs","प्रदूषण जांच केंद्र","CX3W+7X7, Southern Peripheral Road, Sector 75A, Gurugram","28.4031503","76.9974159",""
"ChIJS9ukajQjDTkRqqkOGxOE55Y","IndianOil","2, Urban Estate, Sector 49, Gurugram","28.417473","77.041679","true"
"ChIJG2qwCukjDTkRgxR2ji865fA","Nain singh tyagi filling station","67 road, Sector 66, Gurugram","28.3925187","77.0617986","true"
"ChIJwWL5fZwiDTkRIkynStDr1s4","Haryana City Gas CNG Station","SF-06 State Highway 13 Sector 49, Park Hospital Road, Block S, Sispal Vihar, Gurugram","28.4175731","77.0421844","true"
"ChIJjZamTAAjDTkR6b3JE1YgLuo","Ajay puc centre","C29R+4VP, Park Hospital Road, Block S, Sispal Vihar, Sector 49, Gurugram","28.4178278","77.0421951",""
"ChIJMcyezjEjDTkRMWbfZDoPTmM","IndianOil","Ground Floor, Sector 47, Gurugram","28.4181157","77.04272089999999","true"
"ChIJEbFm-oIjDTkRvURzuA6nU-s","Hindustan Petroleum Corporation Limited","Ground Floor, Medawas, Sector 66, Gurugram","28.39304899999999","77.062716","true"
"ChIJB0fKWn0jDTkR5rJZuSKbQvw","Harsh Fuels","opposite Police Station, Golf Estate Road, Sector 66, Gurugram","28.4010136","77.0616149","true"
"ChIJHYrzewUZDTkRZ-bCkbNKDZE","Indraprastha Gas Limited CNG Station","C2GG+983, Unnamed Road, Sector 72A, Sector 72, Gurugram","28.42587580000001","77.02580859999999","true"
"ChIJVSwKGYwZDTkRLatFfD-ePvg","IndianOil","Sohna - Gurgaon Road, Sector 48, Gurugram","28.425138","77.037613","true"
"ChIJRbIvYTEZDTkR5woPE3LSsPU","Mohd Firoz Enterprises","Hero Honda, near CNG Pump, Road, Sector 33, Gurugram","28.4267208","77.0237008",""
"ChIJe7HiKHAZDTkRc9adBqCafeg","HCG CNG STATION SEC 33","C2HF+39F, Sector 33, Gurugram","28.42748010000001","77.0234849",""
"ChIJbd_9GlgjDTkRWksujzz72BY","IndianOil","Ground Floor, Sohna - Gurgaon Road, Fazilpur, Gurugram","28.3651955","77.059997","true"
"ChIJ_8xXTgAZDTkRY58521tFM_A","HCG","C2HC+5FP, Sector 72A, Sector 72, Gurugram","28.4279723","77.0212174",""
"ChIJG9o-WsEZDTkR5nDzMeLUX8g","Petrol pump","village, yakubpur, Farukh Nagar","28.4292937","77.02727449999999","true"
"ChIJZ8tR3WUiDTkRLNfWP1IcBFY","IndianOil","Opp Nirvana Country Spa, Golf Course Extension Road, Badshahpur, Sector 65, Gurugram","28.408913","77.06639899999999","true"
"ChIJe1AH7AQYDTkRXsI25n8XFjo","Diesel Yard","C2J9+45M, Info Technology Park, Sector 34, Gurugram","28.4303426","77.0179179",""
"ChIJ9xMNyX0ZDTkRteMc5pjY5P4","TWENTY FOUR HOUR FILLING STATION","Indian Oil Petrol Pump, near Subhash Chowk, 354/3, Badshahpur Sohna Road, Islampur Village, Gurugram","28.4302244","77.0362411","true"
"ChIJdSmDIwAZDTkRWEX92a2AfQk","Jatin glass &alluminium","Badshahpur Sohna Road, Bhondsi","28.4303253","77.03691069999999",""
"ChIJo-EXagAZDTkRdBMB_vlaq0g","Vicky puncture shope","Subhash Chowk, 4, Badshahpur Sohna Road, Islampur Village, Sector 48, Gurugram","28.4309242","77.0389168",""
"ChIJ__w6sEYiDTkRGs7KZ7a4qD4","Modern Fuels, Petrol Pump, Bharat Petroleum","93WF+RR9, VILLAGE MEDHAWAS, near Modern Fuels, Gurugram","28.3970093","77.0748177","true"
"ChIJ6ZPHmrsYDTkRExoPBfdhzs4","SKN-HCG CNG Station","Sector 52A, Gurugram","28.4422851","77.08596949999999","true"
"ChIJ5XMtINMhDTkR6qKWstlRVXI","Fuel and Fun - Bharat Petroleum","C4FW+PVR, Baliawas, Bandhwari","28.4243629","77.1471254","true"
"ChIJkwLJ9rcYDTkRBbnSd_tVJQY","Bharat Petroleum Retail Outlet","141, Saint Thomas Marg, DLF Phase 5, Sector 43, Gurugram","28.449704","77.09149719999999",""
"ChIJDeq4n-sYDTkRWCnKwb7H68g","Haryana City Gas CNG Station","44, Institutional Area, Prem Puri, Sector 32, Gurugram","28.45215809999999","77.0752005","true"
"ChIJ579CbAAjDTkRbt8q_A9X9Kc","Nicky petrol pump","24/2-A, CRPF Road, Sector-63A, Kadarpur","28.3896257","77.09236299999999",""
"ChIJjbyiZ90jDTkR0Hh5C6vForw","IndianOil","Kadarpur Road, Sector-63A, Gurugram","28.39338799999999","77.0939017","true"
"ChIJLwL0HwAjDTkRBMujLkN3ghM","Hindustan Petroleum Corporation Limited","Ground Floor Medawas, & 64, Sector 63, Gurugram","28.395018","77.081595","true"
"ChIJj7M_9BMjDTkRT0YWxK1HTIw","IndianOil","No 20, South City 1, 2/1/2, Ullawas Dhani Road, Sector 62, Gurugram","28.4010985","77.0866971","true"
"ChIJTXNc4RYjDTkRYVIktV1A1lk","A.S CHAHAR ENERGY JUNCTION","64 Dividing Road, Sector 65, Sector 65, Gurugram","28.3989842","77.0773664","true"
"ChIJKTsUZl8jDTkRzx2CjMOhPek","IndianOil","Ulhawas Kadarpur, Sohna, Sector 62, Gurugram","28.409389","77.091469","true"
"ChIJg70c1w8iDTkRkMECtwsfW0k","Hindustan Petroleum HCG CNG Pump","C38Q+CFQ, Golf Course Extension Road, Block F, Sector 57, Gurugram","28.4160981","77.08874639999999","true"
"ChIJMYpkJG0iDTkRv7ZJPN0mhfo","IndianOil","Ground Floor, Tigra, Sector 62, Gurugram","28.4128867","77.0785045","true"
"ChIJhxU_paUjDTkRargYVaVNE64","Golf Ex Petrol Pump","C37H+898, Golf Course Extension Road, Sector 62, Gurugram","28.4132796","77.078468","true"
"ChIJ5UHcTCAjDTkRGiFLL-8OQyk","Ajay Pollution Checking Centre","Golf Course Ext Rd, Sushant Lok III Extension, Sector 57, Sector 62, Gurugram","28.4144759","77.07838199999999",""
"ChIJ5U12ktkjDTkRfHphdxQ3poU","Hindustan Petroleum Corporation Limited","Ground Floor, Southern Peripheral Road, Tigra, Gurugram","28.4109951","77.0725721","true"
"ChIJvRae9G4iDTkRebs2Lxlawy4","HP Petrol Pump, Sec 65","Vill Tigra Southern, Golf Course Extension Road, Sector 65, Gurugram","28.4109064","77.0724324","true"
"ChIJKzkqPwAjDTkRGMJOWzP8IdE","Nayara Petrol Pump","Rail Vihar, Dharm Marg, Block C, Sector 57, Gurugram","28.4223522","77.0753843","true"
"ChIJY7eXqasYDTkRllGUsbq6tTQ","Hindustan Petroleum Corporation Limited","Ground Floor, opposite Jalvayu Towers, Sector 53, Gurugram","28.4317748","77.0994491","true"
"ChIJoXwXMzEZDTkRHgtSnxprUAU","Cng Pump","Near, IILM Institute, Sector 53, Gurugram","28.4318667","77.09985429999999","true"
"ChIJo77VwiUZDTkRv6mFi62CMKI","IndianOil","&, Dividing Road, 52, Wazirabad, Sector 51, Gurugram","28.430385","77.081845","true"
"ChIJ4T9AeQAfDTkRS4MgUJgaDOw","Ibeju lekki Lagos","AIT Chowk, Suncity, Sector 54, Gurugram","28.4364449","77.1042824",""
"ChIJ4_j9TqUYDTkRAr_gF9ey-lI","IndianOil","Ground Floor, Sector 52A, Gurugram","28.4389571","77.08988889999999","true"
"ChIJIQWwvJojDTkRkQNA5pWaDj0","Raghav Fuels","Vill, Badshahpur Sohna Road, Bhondsi, Gurugram","28.3459487","77.06771189999999","true"
"ChIJ4RnjIv8fDTkR2Q8ufjhXkm8","BPCL S.S.FILLING STATION","Golf Course Road, Sector 54, Gurugram","28.4399039","77.1031558","true"
"ChIJlafOkbsYDTkRlAcMPj4VVfM","IndianOil","Ground Floor, Sector 52A, Gurugram","28.4425402","77.08582969999999","true"
"ChIJi3wuYTghDTkRtdZYJXrP-xc","CNG FILLING STATION HCG","MDR137, Baliawas, Bandhwari","28.4306092","77.1391865",""
"ChIJ8RWFxzcjDTkRQTROH5TQITc","Bharat Petroleum Petrol Pump , GROVER PETROMART","VILLAGE BHONDSITEHSIL, Sohna - Gurgaon Road, Gurugram","28.3395234","77.0681833","true"
"ChIJ9yE2YwAfDTkR2fkik9kF8BA","Indian Oil Petrol Pump Neem Tree Fuels","12/1/2/2/13, Baliawas, Bandhwari","28.4360589","77.1328345","true"
"ChIJY8Ao0NIhDTkRlW_8vFDDcco","Hindustan Petroleum Corporation Limited","Ground Floor, near 10 Km Mile Stone, Faridabad - Gurgaon Road, Balola, Gurugram","28.4239956","77.14793","true"
"ChIJWc6hSAAZDTkRyd3CQ-ScAes","Torrent CNG GAS","C3XR+VC7, DLF Phase 5, Sector 53, Gurugram","28.4496532","77.0910487",""
"ChIJkViIGXsYDTkRMjqvB_TTBqU","Bharat Petrol Pump","Netaji Subhash Marg, Sector 47, Gurugram","28.4324101","77.04772969999999","true"
"ChIJVwNeSvohDTkRFIKeLOuibG8","Hindustan Petroleum Corporation Limited","Ground Floor, near 11 Km Mile Stone, Faridabad - Gurgaon Road, Gwal Pahari, Gurugram","28.418851","77.157445","true"
"ChIJVVoYPe8ZDTkRtO-2iQr7g3A","IndianOil","IOCL PetrolPump, Sector 44, Gurugram","28.44856489999999","77.0776388","true"
"ChIJd9DLSKsZDTkRKDKs5a7Pa_U","IndianOil","Ground Floor, Sector 39, Gurugram","28.4365912","77.0504213","true"
"ChIJSfsF0xslDTkR1HPlxLz61pw","Hindustan Petroleum Corporation Limited","Ground Floor, Toll Plaza, near Ghamroj, Sohna - Gurgaon Road, Ghamroj","28.3301705","77.0678655","true"
"ChIJFUIK-q0ZDTkRFgP-96vAdBo","Bharat Petroleum, Petrol Pump -BP-Sector44","SEC 44, OPP GOLD SUKH MALL, Gurugram","28.4518303","77.0753667","true"
"ChIJd0VVVQAZDTkRJg2NdsarMJY","Pollution checking centre","F34H+48W, Dr. Fuel indian oil petrol pumpSushant, Sushant Lok Road, Phase I, Sector 43, Gurugram","28.455363","77.0783275",""
"ChIJ90Y4rk4hDTkRCS7Esu-l-uM","IndianOil","Ground Floor, Faridabad - Gurgaon Road, Factory Area, Mangar","28.4044899","77.1748156","true"
"ChIJWSqrT-MWDTkRY_0y18NAJc0","Rahul Pan Shop","Near Petrol Pump Village Dhankot, Gurugram","28.4728067","76.9593002","true"
"ChIJdfX8fZoWDTkRXxJJsfEXaQ4","Hindustan Petroleum Corporation Limited","Ground Floor, Sultanpur Lake Road, Budhera, Gurugram","28.4725063","76.9264523","true"
"ChIJ98ewNywYDTkRdLQpp6XJBY4","IndianOil","Pataudi Chowk, near Public Health Office, Madanpuri Road, New Colony, Gurugram","28.4635182","77.0189993","true"
"ChIJfdBhkNkZDTkRUnD4Vydr68s","Hindustan Petroleum Corporation Limited","Ground Floor, Station Road, Gurugram","28.4798529","77.0152465","true"
"ChIJx3sSpMUZDTkRdM_ade68XR4","Bharat Petrol Pump","LT Atul Kataria Marg, Part- 6, Masani Village, Sector 6, Gurugram","28.4805719","77.0253108","true"
"ChIJs7-bMcoZDTkRIqBQutcQjeg","Hindustan Petroleum Corporation Limited","Ground Floor, Sector Road, Sector 12A, Gurugram","28.472691","77.03096099999999","true"
"ChIJ1ZRMO-YXDTkRHw2b-rTrRHA","IndianOil","Ground Floor, Kadipur, Dwarka Expressway, Kherki Majra","28.4653136","76.9709194","true"
"ChIJpwBatGwXDTkRP8mShq3PA8E","Bharat Singh fuel company","Khasra no 224/2/2/2, Sector 37D, Gurugram","28.4570333","76.97436379999999","true"
"ChIJpXJJVwAXDTkRsrCDJOtjf6I","HCG CNG Station","Shri Hari Filling Station, Northern Peripheral Road, Harsru, Sector 37D, Gurugram","28.4435732","76.9616898","true"
"ChIJr8mDIisXDTkRRx4Te3GpHKk","IndianOil","Ground Floor, Sector 37, Gurugram","28.4535194","76.9777007","true"
"ChIJVyB3iGEXDTkRRIBN0ry2TCA","IndianOil","Ground Floor, Sector 37, Gurugram","28.4535119","76.977702","true"
"ChIJV93VfFAXDTkRanDLc4CX_Tg","Maximum Fuel Services","opposite to BPTP Park Generation, DISCOVERY PUBLIC SCHOOL Gali 3, 1st Street, opposite to BPTP Park Generation, GATE, Sector 37D, Gurugram","28.453485","76.977762",""
"ChIJ5bngQQAXDTkRwok8SbquNCE","JMD Fuels","Global Heights, Sohna -Gurgaon Road, Sector 33, Gurugram","28.478022","76.964794",""
"ChIJ72E5bEQXDTkREoQBiaMW7nY","Shivam Enterprises","near Indian Oil Petrol Pump, Dhankot","28.4725546","76.9393899",""
"ChIJY-uZDt8XDTkRml8WpnEIio4","IndianOil","Ground Floor, Farukhnagar Road, South City 1, Sultanpur, Gurugram","28.472845","76.939267","true"
"ChIJe1kHMjQXDTkRPE9pChjskKs","Bharat Petroleum","FXCG+XQ8, Dwarka Expressway, Sector 101, Gurugram","28.4732543","76.9762763",""
"ChIJIaK_ZwAXDTkRuVKvzxRnW2s","Petrol pump ⛽","FXFG+8G3, Gurugram","28.4732522","76.9763071",""
"ChIJAR9FRyYXDTkRc5uW-mqwBgk","Bharat Petroleum, Petrol Pump -Shree Sai Fuels","FWCM+VQQ, Gurugram Road, Budhera, Chandu","28.471814","76.93383419999999","true"
"ChIJuYW4W80XDTkRi3FphzpmQ3I","IndianOil","Ground Floor, Main, Northern Peripheral Road, Sector 37D, Gurugram","28.4355187","76.9608957","true"
"ChIJgfk5QwAXDTkRd0-gWfi3bys","CNG Hindustan petrol pump ⛽","48D, Garauli Kalan, Sector 37C, Gurugram","28.446908","76.980695",""
"ChIJo72Oh4oXDTkRR8_sRBnY7o4","Hindustan Petroleum Corporation Limited","Khasra No 9, 6/2, Godoli, Khurd, Sector 37D, Gurugram","28.446945","76.980959","true"
"ChIJB-OyvegXDTkRFG0_WQTganY","IndianOil","SH 15A, Gurgaon - Farukhnagar Road, Budhera, Chandu","28.4728126","76.9326131","true"
"ChIJi-VlSHEXDTkRLZnbNosUUC8","Bharat Petroleum Gas Station","FX3P+FVX, Sector 37 C Road, Basai Village, Sector 37D, Gurugram","28.4539707","76.9867292","false"
"ChIJC_Z5eU0XDTkRZHK8KfYrMA0","Petrol pump","CXRJ+4GM, Gadauli Kalan / Gadauli Khurd, Godoli, Sector 37B, Sector 37D, Gurugram","28.4403344","76.9812853","true"
"ChIJ2QpyqFgXDTkRFzibhy4VMhU","IndianOil","Sec 88 B, Northern Peripheral Road, Harsaru, Gurugram","28.4300148","76.9617074","true"
"ChIJk0SIBJkXDTkR8sryAVrvhS4","Guru Industrial Gases","Shop No 5, Basai Road, Kataria Market, Gurgaon, NCR, Region","28.4558649","76.99063989999999","true"
"ChIJ20y_Lr4XDTkRuHpEqfgg_84","Hindustan Petroleum Corporation Limited","Ground Floor, Pataudi Road, Sector 37, Gurugram","28.443931","76.986921","true"
"ChIJkaPJDQAXDTkR8-66_5Vuogo","HCG Gas CNG Pump","CXVP+HQF, Pataudi Road, Sector 37A, Sector 37, Gurugram","28.4439143","76.9870306",""
"ChIJLYxFuTwWDTkRfpmgeO2M090","Haryana City Gas CNG Station","Jai Maa Santoshi Filling Station, near Tulip Petals, Gurgaon, Sector 89, Grurugram","28.4271454","76.9467003","true"
"ChIJAxoNZgAXDTkRPvjrCYoGTGc","Delhi","FX4W+V9J, Gurugram Road, Vikas Nagar, Sector 9, Gurugram","28.4572126","76.9958994",""
"ChIJL2PHIwAXDTkRVIUWPTmRMoM","Indian Oil petrol pump","Secto 103, Daulatabad, Gurugram","28.4909198","76.9734067",""
"ChIJt6-UAwAXDTkRTXCTSx6Timw","Haryana city gas sec 10","24, Sector 10, Gurugram","28.4520437","76.99555699999999",""
"ChIJ7R-RySYXDTkRcVofZhYRG3M","Home town","FXHR+4GQ, Gurugram","28.4778375","76.9913594",""
"ChIJ7R0OMwAXDTkRRjhqMHg66AA","Petrol pump HP","FXVF+85J, near DAULATABAD STADIUM, Sector 103, Gurugram","28.4926828","76.97266669999999",""
"ChIJNeHpGUIXDTkRkefCr0jHBpw","Haryana City Gas CNG Station","near Umang Bhardwaj Chowk, Kadipur Village, Sector 10, Gurugram","28.44977879999999","76.9969053","true"
"ChIJybXCLYUXDTkRPXullz32Iac","Hindustan Petroleum Corporation Limited","Ground Floor, Daulatabad, Sector 102, Gurugram","28.4939805","76.9729072","true"
"ChIJwwv40X4XDTkRYJ4vtlGSeic","IndianOil","Ground Floor, Sector 9A, Gurugram","28.471104","76.99810409999999","true"
"ChIJ____z48XDTkRCWqkvHM1nss","IndianOil","Ground Floor, Kadipur, Pataudi Road, Gurugram","28.449579","76.999428","true"
"ChIJNSZL-oQXDTkRUSolGaxRSko","IndianOil","No 189/201, Rec No 6, Killa No 16, Factory Area, Industrial Area, Faridabad","28.45712","77.00099100000001","true"
"ChIJa69RfwAXDTkRSmcPCn3_A_w","Riddhi Fuels Station","Daulatabad, Gurugram","28.495658","76.9740547","true"
"ChIJkUBZO9cXDTkRMZdbqlz47XM","A.S CHAHAR FUELS","A.S CHAHAR FUELS, Sector 10, Gurugram","28.4570177","77.0013442","true"
"ChIJCzs3bQAXDTkRSflZMBTaREc","Bharat Petroleum DS Fuels","Shop 21Pataudi Road, Kadipur Road, Kadipur Village, Sector 10A, Gurugram","28.449652","77.000091","true"
"ChIJCc0mSgAXDTkRTImGJSPto-E","RM engineering works","F242+FH6, Sector 10, Gurugram","28.456184","77.00135499999999",""
"ChIJ-3su0HYXDTkRC-FHnc6HteA","Online Puc Center","shop no 1, Petrolm, Gurugram","28.4232958","76.9360955",""
"ChIJac0flhIXDTkRsyfvh_fxbTg","Hindustan Petroleum Corporation Limited","Ground Floor, Hayatpur, Sector 94, Gurugram","28.423001","76.935459","true"
"ChIJs0UqBBAWDTkRNNibk1LY7WQ","IndianOil","Ground Floor, Pataudi Road, Hayatpur, Gurugram","28.424239","76.93032800000002","true"
"ChIJ_wIZ69wZDTkRpun1lKYR_1Y","IndianOil","Ground Floor, Gurgaon Basai Road, Chowk, Pataudi","28.4571079","77.0045693","true"
"ChIJza3HcjAZDTkRXTxB57kDVHc","Geeta Petro Station","KILA NO-15/2/2, 15/2/3, near MALWA HONDA, KHE/KHA-723/787, Basai Road, Gurugram","28.457312","77.004684","true"
"ChIJ04DsBhAWDTkRjkbc2P4i5z0","Haryana City Gas CNG Station","Vijay Fuels, State Highway 15A, Hayatpur, Gurugram","28.4239769","76.93014509999999","true"
"ChIJAxH8ZLwXDTkRP1wH3gDqIo4","IndianOil","Ground Floor, Sector 104, Gurugram","28.484426","77.000053","true"
"ChIJSUzX7VUYDTkRerzmun1vS4Q","Bharat Petroleum","Delhi - Jaipur Expressway, Block A, Sector 30, Gurugram","28.465562","77.0556369",""
"ChIJj0X8pwQZDTkRvsGqIm9Co0Y","Hindustan Petroleum Corporation Limited","Ground Floor, Mehrauli-Gurgaon Road, Sector 17C, Gurugram","28.476711","77.066541","true"
"ChIJYeJrLOQYDTkR5Gt7v3-BJd4","Haryana City Gas CNG Station","Near Near HUDA City Center Metro Station, August Kranti Marg, Sector 29, Gurugram","28.4635142","77.0733094","true"
"ChIJ7_wwzYIZDTkRzxNFVBH848o","Hindustan Petroleum Corporation Limited","Ground Floor, near Tau Devi Lal Park, Sector 23A, Gurugram","28.50453669999999","77.05440949999999","true"
"ChIJo44tZogZDTkRzwROTiSomYc","IndianOil","near Ansal Plaza, opposite Sector 23, Sector 1, Palam Vihar, Gurugram","28.5129539","77.0435676","true"
"ChIJ00QJN2QfDTkRFib7Vu7uNds","Bharat Petroleum, Petrol Pump -Shri Ram Fuel Centre","Mehrauli-Gurgaon Road, Sikanderpur, Gurugram","28.482508","77.1030363","true"
"ChIJRQnRNosZDTkRNxNEi8Lyp88","Delhi Oil Corporation","shop no, 25, Khandsa Road, Sector 11, Gurugram","28.4560795","77.0228807",""
"ChIJxTJJvDkYDTkRdxuSEal7O2A","IndianOil","Ground Floor, Court Road, Sector 9, Gurugram","28.45427099999999","77.029191","true"
"ChIJ31GhQgAZDTkRx2nmr_Mvm-M","Man","F268+4MV, Gali Number 6, Madanpuri, Sector 8, Gurugram","28.4603683","77.016667",""
"ChIJey83cOYZDTkRPwR882mvfKY","IndianOil","Ground Floor, More, New Colony, Sector 7, Gurugram","28.465927","77.019615","true"
"ChIJD3rwAnEZDTkRxYYLAiXPVcg","IndianOil","Mahavir Chowk, Mehrauli-Gurgaon Road, Maharana Pratap Chowk, Gurugram","28.464801","77.037384","true"
"ChIJS1VVFa0ZDTkR3WTAKNNUHVI","Haryana City Gas CNG Station","Mehrauli-Gurgaon Road, Sector 14, Gurugram","28.4650189","77.03730089999999","true"
"ChIJdYaSL5AZDTkRZ-nVBH1tFZc","Uranium Fuels","Ground Floor, near Pataudi Road, Basai Road, Manohar Nagar, Chowk, Gurugram","28.4570711","77.0135489","true"
"ChIJ5YqbzyUZDTkRRXn3w-ZGqUQ","IndianOil","308/2, Old Delhi Road, Gurugram","28.4672292","77.0369065","true"
"ChIJE6pRMSMYDTkRfaT0nbneK2w","Ashima Gases","35 K.M. Stone, Rajib Colony, Wine Shop, Sector 33, Delhi - Jaipur Expressway, Gurugram","28.4478719","77.02150809999999","true"
"ChIJCcVgf0sYDTkRgCjHXRBDXf0","IndianOil","Ground Floor, Mehrauli Road, Gurugram","28.465871","77.038963","true"
"ChIJG6GpdQAZDTkRnhsb2j3Eq2g","Pollution janch Kendra","F28Q+FPV, Anamika Enclave, Sector 14, Gurugram","28.46624019999999","77.03931229999999",""
"ChIJy-TG0eEZDTkRdTK73q2V-04","Surender gas shop","F2CM+W8P, Gali Number 1, West Rajiv Nagar, Sector 12, Gurugram","28.472338","77.0333279",""
"ChIJMS3kbqUZDTkRZUv4QebxnyQ","Pradushan Jaanch Kendra","Shop No 78, Gurugram","28.4448305","77.0180611",""
"ChIJYfprJAAZDTkR9Yx_a4gF9cs","cut for petrol pump","129, Delhi - Jaipur Expressway, Sector 31, Gurugram","28.4559243","77.0464354",""
"ChIJL5DsnVoYDTkR4QaKi_JPqGk","Hindustan Petroleum Corporation Limited","Ground Floor, NH 8, Part 2, Sector 15, Gurugram","28.4578137","77.04682079999999","true"
"ChIJUxCod1AYDTkRLM4kaBbBi2E","Kapil Chopra Enterprise","India","28.4580647","77.04695319999999",""
"ChIJWcSb61oYDTkRhTRmU3nryvM","Haryana City Gas CNG Station","NH 8, LIG Colony, Sector 31, Gurugram","28.4562461","77.046759","true"
"ChIJYS6kAgAxDTkRmbpTTnY9Nek","Jio-bp pulse","3rd, IFFCO, No 77B, Road, Gurugram","28.4443237","77.0388035","true"
"ChIJs41eSh8YDTkRByFgSsD-pnw","Raj Gases","C2R8+R9P, Delhi Highway, opposite Petrol Pump, NH-8, Gurugram","28.4420915","77.0159458","true"
"ChIJGyJqUwAZDTkR7J48-RTbRyA","Rajiv Nagar","F2GR+969, Rajiv Nagar, Sector 13, Gurugram","28.4759235","77.04061469999999",""
"ChIJ05qQ_lEZDTkRKYN7bOvwCC0","Gurgaon Gas Service , Indane Godown","1, Part II, Sector 15 Part 2, Sector 15, Gurugram","28.4648328","77.049823",""
"ChIJm02ZRg4ZDTkRlhmnT_XPt_I","IndianOil","near Hero Honda Chowk, Delhi - Jaipur Expressway, Sector 37, Gurugram","28.4407788","77.01383969999999","true"
"ChIJAXaTIIwZDTkRwQeL5sneHB4","Air Force Gas agency Gurgaon","C2PG+CXX, Airforce Station Sohna Road, Sector 33, Gurugram","28.4361203","77.02747099999999",""
"ChIJbbOPv1QYDTkReapxtti81UE","Priyali","F392+CR8, Gia Marg, Industrial Development Area, Sector 16, Gurugram","28.468548","77.05209119999999",""
"ChIJB6YBvJ4ZDTkRzSmiTQtWkb4","Boosting station sector 16 gurugram","F383+2HF, Unnamed Road, Chander Nagar, Sector 16, Gurugram","28.4650591","77.05393509999999",""
"ChIJZ148ewAZDTkR18sCpbYi-YA","Delhi exit point 16 number south city","F3C2+QG6, Mehrauli Road, DLF Colony, Sector 14, Gurugram","28.4719224","77.0512638",""
"ChIJ-UC651geDTkRoAkowupAEu0","IndianOil","Ground Floor, Mehrauli-Gurgaon Road, Ghitorni, New Delhi","28.4951486","77.1508837",""
"ChIJlWegzOAbDTkR6XqthgtsRJk","IGL KAPASHERA","Nera Mcd Toll, Delhi Gurgaon Border, near Chetak Logicstic, opp. Surya Vihar, KAPASHERA, NEW DELHI","28.520952","77.08228","true"
"ChIJIQqd2x8bDTkRqvqXaJ6gcrk","Bharat Petroleum, Petrol Pump -Jaipur Golden Tpt.Co.Ltd.","BORDER, Kapas Hera, New Delhi","28.5222258","77.0819688","true"
"ChIJK9-eP_8bDTkR86rTGlQbyJE","IndianOil","Lock No 349, NH 8, Samalka, New Delhi","28.5247534","77.10100779999999","true"
"ChIJ74Up6uYbDTkRxSKiGXBb0S8","Naveen Gas Services","1188, Gali Number 12, Kapas Hera Extension, Kapas Hera, New Delhi","28.5229353","77.0782625",""
"ChIJO-Dnz-UbDTkRpVDexGFVVgA","Indane - Jatin Gas Service","Shop No 15, near Icici Bank, Kapas Hera, New Delhi","28.5289588","77.0864943",""
"ChIJtVY-aAAZDTkR5PFL80bvM2s","Petrol Station","Opposite, Vyapar Kendra Road, Sushant Lok Phase I, Gurugram","28.4611971","77.08446049999999",""
"ChIJW8nfIWkZDTkRMoBAz5htqBg","Hindustan Petroleum Corporation Limited","Ground Floor, Metro Station, near DLF Phase 1, Mehrauli-Gurgaon Road, Sector 25, Gurugram","28.4704264","77.0945653","true"
"ChIJWXMO8ZAZDTkRzHV50w_gCSY","IndianOil","&, 43, Chakkarpur, Sector 27, Gurugram","28.4608605","77.08384649999999","true"
"ChIJMZMLwqMZDTkRqBJc0S-eLko","cylinder gas filling","218, Nathuram Market, A Block, Chakkarpur, Gurugram","28.4729249","77.0824011",""
"ChIJHellLq0ZDTkRBVEbxX9I4y0","IndianOil","Site 1, Sector 29, Gurugram","28.46342539999999","77.0725418","true"
"ChIJjYC_7CwZDTkRTms5lRU5qX4","Pemex Global Consultancy","3 Mehrauli-Gurgaon Road DLF City Garden Estate, Nathupur, Sector 24, Gurugram","28.4817687","77.1006024",""
"ChIJYyQV6tMeDTkRgjussZDSh6Q","Boosting Station","F4J4+XQ5, Mehrauli-Gurgaon Road, Sikanderpur, Sector 26, Gurugram","28.4823843","77.10699199999999",""
"ChIJUzYdOwAfDTkRhI5bbTc3wJ8","Janta Filling Station","opposite Pillar No. 22, near Le Meridien, Plot No 1, Sikanderpur, Marble Market, Sector 26, Gurugram","28.4818928","77.1085461","true"
"ChIJ____v_wYDTkREZXijQssqE8","IndianOil","Site 2, Sector 29, Gurugram","28.47231099999999","77.07236499999999","true"
"ChIJad3pW9EeDTkRNHmfkZY22nI","Indian Oil","India","28.4823046","77.1085478",""
"ChIJcS19c6MZDTkRfY3akvKXkPA","IndianOil","near Building 5, Nathupur, near Building 5, DLF Cyber City, DLF Phase 3, Gurugram","28.489352","77.0912156","true"
"ChIJdaRTOV0ZDTkRdvDNxUQviDE","Ola Electric Mobility Swapping Station","37/19, Ashok Marg Gali Number 5 Moti Vihar, South City I, Sector 41, Gurugram","28.4585396","77.0617998",""
"ChIJAQAAAAcZDTkR5v2pbAgdsYs","Rajan Autocare","Sector 17 C, Fifaco Chowk, Mahadhari, Mahadhari, Gurugram","28.4767312","77.0665204",""
"ChIJCcHGNQAZDTkRsec5WRPVzyA","Sukhral","F3G8+QFX, Mehrauli-Gurgaon Road, Block C, Sector 17C, Gurugram","28.4769998","77.0662346",""
"ChIJvbugwQ8ZDTkRPMm8zdy1ovI","Ola Electric Mobility Swapping Station","F3PF+M79, Lane Number 6, Sector 18, Gurugram","28.4866682","77.0732402","true"
"ChIJ7x4zLwAZDTkRkCN_YfnovAw","Enroute Sahay's Filling Station","F384+67C, Delhi - Jaipur Expressway, Block A, Sector 30, Gurugram","28.46552269999999","77.0557043","true"
"ChIJtWuyNEgZDTkRuLtm-0oSJRY","IndianOil","tehsil, near bus stop, Rd tauru Goela, mewat, Tauru, Gurugram","28.4881634","77.070118","true"
"ChIJh8F4TGIZDTkRYw2925lVzdQ","IndianOil","Ground Floor, NH 8, Delhi - Jaipur Expressway, Sector 16, Gurugram","28.4663306","77.0550071","true"
"ChIJn0GVauEPDTkRi4w1PLfCpoQ","Indraprastha Gas Limited CNG Station","C/o SHOKEEN PETRO(BPCL), Main Chawla Najafgarh Road, Vpo. Chawla, Chawla, NAJAFGARH, NEW DELHI","28.55671199999999","77.0045069","true"
"ChIJVYjzm0kRDTkRys2u3CxNLIU","Bharat Petroleum, Petrol & CNG pump -Jai Shree Krishna Filling Station","VILL.DINDARPUR, NEW DELHI","28.5886702","76.9943059","true"
"ChIJm0_ragARDTkRI89Z6Yk5e4g","daulatpur mod","GXR9+MH6, New Delhi","28.54177499999999","76.96945769999999",""
"ChIJF4upTgARDTkRQAGGQCN_Mws","Hindustan Petroleum Corporation Limited","3/1, More, 48/2/2 & 8/2/1, Main Jhatikra Road, Daulatpur, New Delhi","28.5431059","76.9703803","true"
"ChIJl_qobxoXDTkRm7z9ClwEpdM","Javid Puntchar Shop","Kocoon, near by Jahaz Ghar, Chowk, Sector 109, Gurugram","28.5084673","77.0011253",""
"ChIJeboTMHMXDTkR3XBGoC_z6bY","Shree Shyam Filling Station","opp. Ats Kocoon, sec.106, opp. Ats Kocoon, Sector 109, Gurugram","28.5078979","77.0010954","true"
"ChIJn6w7IgAXDTkR7-3LmX8Kgog","HP CH SISH RAM FILLING STATION","2, Daulatabad, Gurugram","28.49944","76.995311",""
"ChIJ684Vq4AQDTkRmrEHgzqTzR8","Chhawla Petrol/ CNG Pump","Chhawla, New Delhi","28.5567967","77.00472549999999","true"
"ChIJ19NxWTcRDTkRF3go1Brk6cA","CNG Station Kharkhari Nahar","HXJ5+44F, Kharkhari Nahar","28.5803033","76.95779089999999",""
"ChIJKXj_hKIbDTkRsNPUE6mDDdU","S. N. K Friends Body Works","near jhod, sec 112 bajghere gurgaon 122017, near jhod","28.5310147","77.01656810000001",""
"ChIJHZsnRSURDTkR5A1v2kZvs4w","IGL CNG PUMP ( SHRI HANUMANT GAS STATION )","HXGP+J7W, Main Jhatikra Road, Paprawat, Delhi","28.57653969999999","76.9858163","true"
"ChIJ0Z-feAAbDTkRTTL_YceoVLo","Potrol pamp","G2H9+72G, Sector 112, Bajghera, Gurugram","28.52818809999999","77.01758319999999",""
"ChIJmWc3thoaDTkRnZAEiKtSj9Q","Rana Filling Station","G2FC+5XR, Bajghera Road, New Palam Vihar, Block D, New Palam Vihar Phase 3, Sector 110, Gurugram","28.52299219999999","77.02239900000001","true"
"ChIJ6bymrWsbDTkRTJnm18DWbkk","IndianOil","Ground Floor Baghera, New Palam Vihar, Carterpuri Village, Sector 23A, Gurugram","28.52267399999999","77.022908","true"
"ChIJV7L6Aq4bDTkROPWGZF3wqss","Petrol Pump and CNG","G2FF+363, Bajghera Road, Sector 113, Bajghera, Gurugram","28.522634","77.0230613",""
"ChIJRxLrW_UTDTkR45jdI4J_5EQ","IndianOil","Ground Floor, South City 1, Makdaula, Gurugram","28.5011314","76.896278","true"
"ChIJlV4OShIQDTkRz__1z7QJQoI","Reliance Petroleum","VILL.DINDARPUR,NAJAFGARH-BIJWASAN ROAD,TEHSIL NAJAFGARH,NEW DELHI- 110043, Najafgarh","28.5833894","76.99649749999999","true"
"ChIJO70rGN8ZDTkRsT-fS5XJELE","Bharat Petroleum, Petrol Pump -Karamveer Filling Station","RLY STN RD,OPP APNA ENCL,G, Gurugram","28.4844463","77.0126568","true"
"ChIJS9HvsBIUDTkRrCD21PyxJO4","HP PETROL PUMP - HP PARTAP FILLING STATION","HPC Petrol Pump Bhadli Road Kaliawas, Gurugram","28.4884285","76.89573990000001","true"
"ChIJpVPJDd0ZDTkR39NQ-V7nKHM","Hindustan Petroleum Corporation Limited","Ground Floor, Palam Vihar Road, Sector 5, Gurugram","28.490507","77.01924199999999","true"
"ChIJZ_k3pRIUDTkRSw7Zvkz3lyQ","Hindustan Petroleum Corporation Limited","Ground Floor, Bhadli Road, Kaliawas, Gurugram","28.488171","76.89575099999999","true"
"ChIJIaB1yd0ZDTkRaMUIf68k-GI","Sofiya Gas Repairing Centre","5, Block G, Ashok Vihar Phase 2, Near Hanuman Mandir, Gurugram, NCR, Region","28.4870254","77.0173976","true"
"ChIJTcKlYt0ZDTkRLfLEf44TVBM","महक कूलर शॉप","ब्लाक जी, जन्नत हास्पिटल व एचपी पेट्रोल पम्प के सामने, पालम विहार रोड, अशोक विहार, गुरुग्राम","28.4896623","77.01979380000002",""
"ChIJTdCE1eYRDTkRYJN86kEsEtQ","Prince Raj","Store No 132, New Delhi","28.5989174","76.9668265",""
"ChIJSx6UHgQbDTkR4g_Y_SJ1Ep4","Hindustan Petroleum Corporation Limited","Ground Floor, near Marble Market, Sector 20 Dwarka, Dwarka, New Delhi","28.568708","77.0632813","true"
"ChIJ6SimHOIaDTkRaejklq8hKE4","IndianOil","Near Welcome Hotel, No, 205 Delhi Road, Sector 10 Dwarka, Dwarka, New Delhi","28.57917","77.05539999999999","true"
"ChIJq90dehobDTkRroKjDcny7kg","Indraprastha Gas Limited CNG Station","opp. Apejay School of Management, C/o MILLENNIUM PETROCARE(IOCL, opp. Apejay School of Management, Dwarka Sector 9, New Delhi","28.5752839","77.0677819","true"
"ChIJ_-rroroaDTkRFCmdqYF-qPc","Hindustan Petroleum Corporation Limited","Phase 2, Sector 17 Dwarka, Dwarka, New Delhi","28.592767","77.023387","true"
"ChIJ67hLC7cbDTkREeQWqhP1nOI","IndianOil","No F28, Dwarka Link Road, Bharthal, New Delhi","28.5355358","77.0994359","true"
"ChIJ7QdU0zobDTkRxckP-hzZwko","B.S Dwarka","Sector 11 Dwarka, Dwarka, Delhi","28.5912405","77.0469535","true"
"ChIJseiipLUbDTkRzeaHqRzHB4c","Bharat Petroleum Corporation Limited","G3R5+F9W, New Delh3jdx1i, Bharthal, Delhi","28.5412363","77.05844549999999","true"
"ChIJMRjDwP4aDTkRN7wEYeoDApQ","Indraprastha Gas Limited CNG Station","near Vardwan Mall, Pochanpur Village Road, Sector 23, New Delhi","28.5657657","77.051876","true"
"ChIJrTtWZogZDTkRhvbXPY55PvI","Andian Oil","India","28.512614","77.04370349999999",""
"ChIJk8DTxxAbDTkRRvqCPt8bICk","IndianOil","Ground Floor Kapashera, Near Gorlakhdham Mandir, Main Road, Bijwasan, New Delhi","28.5313972","77.0626371","true"
"ChIJKwslJVgZDTkRLeg5EFv7MM0","OM LUBES","DC Office, Kapashera, Gurugram","28.4979248","77.0328474",""
"ChIJsVRfe1MaDTkRvZu58j7s0HA","Hindustan Petroleum Corporation Limited","Ground Floor, near Metro Station, Sector 22 Dwarka, New Delhi","28.5557888","77.05420869999999","true"
"ChIJi3AUsDkbDTkRdemYz3cyZq4","Petrol Pump","Ranjit Vihar-I, Sector 22 Dwarka, Dwarka, New Delhi","28.5560939","77.056595",""
"ChIJTWGWq6wbDTkRymfn63_UpZo","BHARAT PETROLEUM","C/o JAG, LAN FS (BPCL, near Sai Temple, opp. BANK VIHAR APARTMENT, Ranjit Vihar-I, Sector 22 Dwarka, Dwarka, New Delhi","28.5560787","77.0566518","true"
"ChIJvSVZLwAbDTkRsDMnDw9jB5U","CNG Puml","91, Main Road, Kapas Hera, New Delhi","28.5282843","77.06953100000001",""
"ChIJKZLO0iAZDTkR-zFXuKyQ9zU","Bedanta Grocery","87, Krushna Building, New Delhi","28.5148106","77.0664103",""
"ChIJwa0kx24bDTkRHfxKYL3TFQM","Abdula Shop","Shop No 10, Gali Number 4, Kapas Hera, New Delhi","28.5252273","77.0771317",""
"ChIJs_CxlnEZDTkRq8ANo24B2UE","Shiva Diesel Services","Shop No.103, Maruti Main Gate, 1, Old Delhi Gurugram Road, Gurugram","28.497453","77.0628119","true"
"ChIJtaMhGXEZDTkRKrxDUu5Ku2k","Shubham petroleum","H No 76, near Omi Dairy, Dundahera Road, Gurugram","28.5152873","77.077015",""
"ChIJiQ4kOgAbDTkRhQ9jgJTEJbM","IGL MANGAL PETROL PUMP KAPASHERA 110097","near SBI, A91, Main Road, Masoodpur, Kapas Hera Extension, Vasant KunjNew, New Delhi","28.5309849","77.0800399",""
"ChIJYSg0DgAbDTkRS_FJcr9Dkb4","Massif securitas pvt ltd","G3GH+FX4, Kapas Hera, New Delhi","28.5261267","77.079966",""
"ChIJ09iBOY8bDTkRpGIGBlVATuE","Bharat Petroleum, Petrol Pump -Mangal","Kapas Hera, New Delhi","28.53083380000001","77.08017029999999","true"
"ChIJI0_dGQAbDTkRWpWjI0XdQR0","Pushpanjali farm house C-31","G3PH+CW8, Pushpanjali Farms, New Delhi","28.5360283","77.079833",""
"ChIJ6xTzhKAZDTkRO0opj4urPDw","SOS","F3Q4+M5Q, Old Delhi Gurugram Road, Inayatpur","28.489203","77.055471",""
"ChIJReEob5gZDTkRaXNL6n-DNnk","IndianOil","Lock Id No, I/557, Border, Kapas Hera, New Delhi","28.5184632","77.0800354",""
"ChIJMXTx9F8ZDTkRaqFDYWvSEuM","Kapasera Delhi CNG Station","890, Old Delhi Gurugram Road, Dundahera Village, Sector 20, New Delhi","28.5182697","77.0807624","true"
"ChIJUUsQil8ZDTkR2aVrysjjJaA","Indraprastha Gas Limited CNG Station","1780, Old Delhi Gurugram Road, D Block, Dundahera Village, Sector 20, Gurugram","28.5185034","77.08121299999999",""
"ChIJDwMyJLsZDTkR3J4bNs68rj4","IndianOil","Lock No 348 Gurgaon Road, Kapashera, Border, Sultanpur, New Delhi","28.5180233","77.08133339999999","true"
"ChIJtcVosQ0bDTkRXW-7T0oapVw","Indraprastha Gas Limited CNG Station/Jaipur Golden transport co Petrol pump","G3CJ+9V9, Old Jaipur Road, New Delhi","28.5209169","77.0822407",""
"ChIJx2vCQAAbDTkRIVjtTFPjgG8","Hindustan Petroleum Corporation Limited","Old, Old Delhi Gurugram Road, Border, Kapas Hera, New Delhi","28.520792","77.08239600000002","true"
"ChIJ2e6ZRgAbDTkR8-cXVp9AGvU","Cng pump","Ground Floor, near Marble Market, Sector 20 Dwarka, Dwarka, New Delhi","28.5687328","77.06326539999999",""
"ChIJgeOBShIcDTkRLbJmIvHb9zU","KAY SERVICE STATION ADHOC","National Highway 48, Mahipalpur, New Delhi","28.5407473","77.1168502","true"
"ChIJmxNcuBMcDTkRQZAi9rpD87s","Hindustan Petroleum Corporation Limited","Ground Floor, near Raddison Hotel, NH 8, Mahipalpur - Rangpuri Road, New Delhi","28.5448724","77.1214243","true"
"ChIJTdwcx7EdDTkR_hbJ4gsMgfk","IGL CORPORATE OFFICE CONTROL ROOM VASANT KUNJ","Adjacent To Pushpanjali Petrol Pump Near Ambience Mall Vasant Vihar VASANT VIHAR Sector C Vasant Kunj, 4, Vasant Vihar Poorvi Marg, Block F, Vasant Vihar, New Delhi","28.537579","77.153215","true"
"ChIJmZmF580dDTkRIhSrrJeJp8w","Bharat Petroleum, Petrol Pump -Pushpanjali","NELSON MANDELA RD ,VK, New Delhi","28.53779919999999","77.15333009999999","true"
"ChIJ1dDREXQeDTkRNUbCHkJGWDA","Indraprastha Gas Limited CNG Station","near Fortis Hospital, Aruna Asaf Ali Road, near Fortis Hospital, Kishangarh, Vasant Kunj, New Delhi","28.5217323","77.1666991","true"
"ChIJ4RCiVLkdDTkR8mCGsWX5C-U","Bharat Gas Filling Station","326, Nelson Mandela Marg, Munirka Enclave, Munirka, New Delhi","28.55500679999999","77.1656855",""
"ChIJNW0KU0cbDTkRT232hFWE0S0","Bharat petroleum, Shiv Service Station","Pocket 1, Sector 1 Dwarka, Dwarka, New Delhi","28.5937741","77.07786589999999","true"
"ChIJb6s44j8eDTkR0kRkyiQt8Pg","IndianOil","Khasra No 76, Metro Station, near Chhatarpur, 26, Mehrauli-Gurgaon Road, Andheria Mor Village, New Delhi","28.5042688","77.1717245","true"
"ChIJDZcs0hQcDTkR_9ZEZMtSyUw","IndianOil","NH 8, Mahipalpur, New Delhi","28.5448618","77.1218743","true"
"ChIJER-W4L8bDTkRN-qOLJ5lz8c","Sohop Lala Auto Warks","G4F2+R8J, Yawantika Colony, Rangpuri, New Delhi","28.5245899","77.1007568",""
"ChIJd1MW4rUbDTkRl1o0ObHROZs","Aravalli","Rajokri Flyover, Yawantika Colony, Samalka, New Delhi","28.522878","77.09960149999999",""
"ChIJx-SIvx0bDTkRw2g_SQFVyHA","Indane - Jatin Gas Service","Shop No 15, near Icici Bank, Kapas Hera, New Delhi","28.5289588","77.0864943",""
"ChIJC05qMO0dDTkRkiOfbXtC38Y","Satbir Filling Station","National Highway 48, Rangpuri, New Delhi","28.533824","77.10697069999999","true"
"ChIJM2WnsGUdDTkRD9ZKnIwiyVU","IndianOil","Indira Gandhi International Airport, Gurgaon - Delhi Expressway, New Delhi","28.5363658","77.11404329999999","true"
"ChIJA46htBMcDTkRZSAMM055U-o","HP PETROL PUMP - ADHOC HIGHWAY SERVICE STATION","Airport Hotel Breeze Inn, Near Village, NH-8, Mahipalpur - Rangpuri Road, Mahipalpur Village, Indira Gandhi International Airport, New Delhi","28.5406844","77.1168703","true"
"ChIJGcPCSgsdDTkR5GWxmkJZxWY","Hindustan Petroleum Corporation Limited","Ground Floor, opposite Radission Hotel, Gurgaon - Delhi Expressway, Rangpuri, New Delhi","28.540971","77.116958","true"
"ChIJ12h4thIcDTkR2DLW0P2WsVU","IGL","Tikri Border, Rohtak Road, Near Bahadurgarh-Delhi Border, Delhi Border, NEW DELHI, Rohtak Road, TIKRI BORDER","28.5444114","77.1152942","true"
"ChIJq_4E0T8dDTkR2o8NLcrOvWQ","Meena Tea Stall","161 Gali, Street Number 14, Rangpuri, New Delhi","28.54158679999999","77.12050239999999",""
"ChIJx8Bk9pUdDTkRdzEw7hMDPJo","Vicky palumbr","G4RC+2X8, Milakpur Kohi Rangpuri, Rangpuri, New Delhi","28.5394683","77.1230283",""
"ChIJ5U4eO4cdDTkRckW8hgTokWw","Parag Sakhare","27u, New Delhi","28.5422409","77.12580439999999",""
"ChIJX-XqCggdDTkRN43-AbBnvy0","Hindustan Petroleum Corporation Limited","Ground floor, Indira Gandhi International Airport, New Delhi","28.5582173","77.10686179999999","true"
"ChIJqYb-M-4dDTkRXR-ffCtAEaA","Jio-bp pulse","Ground Floor, near IBIS Hotel, IGI Road, Aerocity, New Delhi","28.551396","77.123373","true"
"ChIJoY9ZZUAcDTkRupiXP21_E28","Rajpal Gas Service","G4WH+M3V, Mahipalpur, New Delhi","28.546733","77.1276833","true"
"ChIJ43E8mDscDTkR5BGDvEGZtp8","Indraprastha Gas Limited CNG Station","Ryan International School - Vasant Kunj, Delhi - CBSE, Mehrauli Vasant Kunj Marg Near, Mahipalpur, New Delhi","28.5385175","77.1326165","true"
"ChIJgXS4etkfDTkREIaDjHttArI","Puja General Store","Vinod Kumar Saini, Vinod Kumar Saini, Gurugram","28.4973252","77.1066444",""
"ChIJf0zfcaEbDTkR-4xhHTaNbxY","Palam ASF","H35G+M96, Indira Gandhi International Airport, Delhi","28.559152","77.07587749999999","true"
"ChIJp9GR5C0cDTkRQ3t0_4jDsnU","IndianOil","Lock No, I 562, Vasant Kunj, New Delhi","28.535133","77.14323399999999","true"