place_id,name,address,latitude,longitude,open_now
"ChIJV-24_Oq23DsRzwMUFpb5SnM","IndianOil","Gut No 218/Pt, Chas","19.039862","74.660833","true"
"ChIJcVpyUy-x3DsRRwMxPunGYkA","IndianOil","Ground Floor, Kedgaon, Shiradhon","19.0580625","74.6982106","true"
"ChIJFQ1luey23DsR8ELqc3GGVJY","Hindustan Petroleum Corporation Limited","Plot No 26/2 NH 753F, Aurangabad Nagar, Road, Chas","19.038317","74.65645099999999","true"
"ChIJefgfZ2Sx3DsRVEGvgDH2Y9g","Hindustan Petroleum Corporation Limited","Gut No 18/1, NH 160, Nagar, Ahilyanagar - Daund Road, Ahilyanagar","19.03648799999999","74.72019499999999","true"
"ChIJt_yDG2Ox3DsRYgQM5_OxYME","Nayara Oil Petrol Pump","Arangaon, Ahmadnagar, SH-10, Ahmed Nagar Yeola Road, Ahmednagar, Ahilyanagar","19.022841","74.72001","true"
"ChIJ_ZnvYxO03DsR5EZKhpyqQ9k","Bharat Petroleum Corp Lts","XMV9+HRX, Ahilyanagar","18.993996","74.669598",""
"ChIJ72HmUXy33DsRda0Ma4ArxwU","Hindustan Petroleum Corporation Limited","NH 61, Plot No 436/2, Ahilya Nagar Kalyan Road, Hingangaon","19.102485","74.648117","true"
"ChIJrc8GNl-w3DsRIWM4U_sbMMA","Bharat Petroleum","STATION ROAD, Major State Highway 142, Pune - Ahilyanagar Highway, Nandanvan Colony, Ahilyanagar","19.084881","74.73519499999999","false"
"ChIJm_ETewC33DsRQeT1GXa7Si4","Bharat Petroleum","2MXG+M33, MH SH 27, Ahilyanagar","19.0493562","74.6749936",""
"ChIJqyng2pmx3DsR0D_kzbigLpQ","Stallion AdBlue DEF Refill Station","गाळा नं 3, जिल्हा परीषद शाळे जवळ, कांबळे मळा, सोलापूर बायपास रोड, Kedgaon, Ahilyanagar","19.0497494","74.6898839","true"
"ChIJzQJoSwC33DsRpewzKHsjS_Q","Hindustan Petroleum Corporation Limited","Survey No 487, 2/P, Ahilyanagar","19.064707","74.686872","true"
"ChIJOe3ZUOCw3DsRkTubwOAxhKI","Hindustan Petroleum Corporation Limited","Plot No 82, Nagar Pune Road, Ahilyanagar","19.067553","74.712549","true"
"ChIJrX3uMgCx3DsR-Ca2cOTEy0k","Avneesh Petroleum HPCL","By-pass Road, Arangaon","19.0263475","74.7146856",""
"ChIJZ2JkZwSx3DsRqWf_97Dn3AU","IndianOil","Ground Floor, Nagar, Ahilyanagar - Daund Road, Gargundi, Ahilyanagar","19.038321","74.720593","true"
"ChIJL1N2Gxmx3DsR5e8AuULHJQQ","Dk Petroleum","Link Road, Kotkar Nagar, Kedgaon, Ahilyanagar","19.0783039","74.7092364","true"
"ChIJX7tAl8Kw3DsRXMzUM3MUEXs","Indian Oil","3PH5+8Q9, Link Road, Kedgaon, Ahilyanagar","19.07828289999999","74.7094759",""
"ChIJVbCW9WG23DsRETiC775bmDA","Bharat Petroleum, Petrol CNG -Ashwin Automobiles","CHASS, Ahilyanagar","19.0302011","74.6388292","true"
"ChIJY3b5SQCx3DsRBKVB5H5dM00","Hindustan Petroleum Corporation Limited","2PC9+X2F, Solapur Bypass Road, Arangaon","19.0224464","74.7175563",""
"ChIJGVsaohe03DsRSlNaSs923K4","IndianOil","Gat No 243 Akolner, Sarola Kasar","19.0022353","74.66609629999999","true"
"ChIJK2Kvkrqx3DsRwBPghPHPfjQ","Bharat Petroleum, Petrol Pump -Anand Petroleum","ARANGAON, Ahilyanagar","19.0688929","74.7256323","true"
"ChIJc6P3al-z3DsRNrmYgJ6xK2Y","Bharat Petroleum, CNG Pump -Vishal Fuel Station","Valki Phata on SH10, Ahilyanagar","19.0094483","74.7145188","true"
"ChIJ3S-qNYe33DsRKGX0wysZ5c4","Reliance Jio BP Petrolium","Maharashtra State Highway 27","19.0263124","74.6322229","true"
"ChIJj1uUXZGx3DsRGN2-uHCNhbs","Al-jannat filling station","Jannat chowk, Ahilyanagar","19.0722869","74.7248903",""
"ChIJ6SmX_WS23DsR1bex6TaPHFU","IndianOil","Ground Floor, Chas","19.026068","74.63135199999999","true"
"ChIJh_BJnxS03DsRXQeYWhdq-BI","BPCL Ahmednagar Depot","XMV9+M66, Unnamed Rd,","18.9941723","74.6680193",""
"ChIJY1xXGAC33DsR_t_toaxqwfo","Bharat Petroleum CNG PUMP","4M29+JH, Nepti","19.1008853","74.6689456",""
"ChIJ87IrTwC33DsRXM6msy5xVXE","Hindustan Petroleum Corporation Limited","Ground Floor, near Hotel New Ashirwaad, Nagar Kalyan Highway, Nagar, Nepti","19.100748","74.668025","true"
"ChIJnzV7Y_ew3DsR2B0slOt-k4w","IndianOil","Ground Floor, Maniknagar, Shiradhon","19.078794","74.72963969999999","true"
"ChIJKf60BPew3DsRM9-MQ3jlQhM","Reliance Jiobp Petrol Pump","India","19.080425","74.7302668",""
"ChIJyW2l5tS53DsRaGqv4PAKzkM","IndianOil","Gut No 170/2, Nimblak, Shiradhon","19.09187039999999","74.7192468","true"
"ChIJBZG9uYyz3DsRcCFiHN8_nNI","Mayara Pump","XPV5 8C4, Khandala","18.99383719999999","74.7086496",""
"ChIJ-Vslg5Gw3DsRVQmDIS6FZhs","IndianOil","Ward No 12, A Shiradhon, House No, behind Sarda Collegea, 577, Ahilyanagar","19.0955152","74.7193595","true"
"ChIJuWavqh2z3DsR_G_TUDTwc8Q","TANPURE ENERGY STATION","Gat no 176, NH160, Nagar, Ahilyanagar - Daund Road, Ahilyanagar","18.9881869","74.70777","true"
"ChIJw8Suc7ax3DsRld6y8CVUSOA","THANGE PETROLEUM BPCL","3PWF+8R9, opp. sulabh water purifier, Nagar-Kalyan Road, Samata Nagar, Ahilyanagar","19.0958057","74.7247831","true"
"ChIJm4xAh46w3DsRoyuZZlmZmCU","भारत Petroleum","India","19.0956612","74.7250143",""
"ChIJmfPLbsC13DsRuXUCiId6Gzc","Akolner","Bhorvadi rod, Akolner","18.9859103","74.6554134","true"
"ChIJ8S-T-l6w3DsRO939jXI0VhY","Confidence Petrolium India Ltd, Go Gas Auto Lpg Pump","opp. HDFC Bank, Station Road, Maliwada, Ahilyanagar","19.0867857","74.7370069","true"
"ChIJnS1ULACx3DsRRt8F3PH-WhQ","Om Sai Engineers-Honda Power","Shop No 02, Hanuman Temple Market Yad, near by Hanuman Temple, Plot No 17, Market Yard, Ahilyanagar","19.0860408","74.7404172","true"
"ChIJtZYsXY2x3DsRwC6CyukT0oY","Sai P.U.C","Newaskar Petrol Pump, Maliwada, Ahilyanagar","19.0880103","74.7392017",""
"ChIJD4wGf16w3DsR9qtBLMIj1po","Hindustan Petroleum Corporation Limited","Plot No 16, Station Road, Ahilyanagar","19.0879201","74.7394401","true"
"ChIJ2Sp6oN6x3DsR4_-hCs6TQqw","Bharat Petroleum, Petrol Pump -Manikchand & Sons","KINGS RD AHMEDNAGAR, Ahilyanagar","19.097228","74.746012","true"
"ChIJfQJCrg-w3DsRj2FhWWIbJmc","IndianOil","Gat No 59, Nagardeole, Agadgaon","19.1070056","74.76600479999999","true"
"ChIJSbazYPSx3DsRiKlsDkYkf4Y","Bharat Petroleum","Fakir Wada, Ahmadnagar, SH-60, Ahmednagar Newasa Road, Ahmednagar, Ahilyanagar","19.108995","74.745537","true"
"ChIJF4k0P-6x3DsRIfpzVp-vxXU","Hindustan Petroleum Corporation Limited","1/1, Plot No 10/31, Nagar Solapur Road, Nimbodi","19.028869","74.776372","true"
"ChIJYdONWwCz3DsRDA6IV9RxMmA","Hindustan Petroleum Corporation Limited","Gat No 306/1/1 Arangaon, Road, Walunj","19.010809","74.760271","true"
"ChIJ9Z3MXvy33DsRtNi3ZIBPKZY","Jio-bp","Gat No 697, Ahilyanagar","19.09358","74.7427068","true"
"ChIJ0Rbo9Myv3DsRe7q2SdzgPAo","Swagat Petrol Pump","Shop No 01, Nimbodi","19.0526769","74.8029787",""
"ChIJk6hbBfax3DsRTpXjPgM1VHE","Shree Fuel","India Post Office, Near, Sambhaji Nagar Road, Ahilyanagar","19.097367","74.7460708",""
"ChIJTfDl7Tuv3DsR-ni-tmTG4co","Nayara Petrol Pump Swagat Petroleum","3R74+G3V, Nimbodi","19.0637145","74.8051407","true"
"ChIJyU7eASex3DsRGiI2yrDyosM","Sahara Gas Station","Gokulwadi, Sarjepura Road, Ahilyanagar","19.1006442","74.73883119999999",""
"ChIJYbGRcIut3DsRvmLp7wRBk8A","Bharat Petroleum Petrol Pump , ASHOK AUTOMOBILES","NAGAR, Solapur Bypass Road, Ahilyanagar","19.004885","74.78791799999999","true"
"ChIJE3RXiAmx3DsRohQw6QpmCHQ","Police Motor Transport Ahmadnagar","4P2P+48W, Unnamed Road, Tarakpur, Ahilyanagar","19.1003568","74.73581539999999",""
"ChIJN4eKqmSw3DsRViVNRLFlYUw","IndianOil","Ground Floor, Kotla Road, Shiradhon","19.102178","74.739744","true"
"ChIJd3GNy3yw3DsRyYBRO1nyHsI","Hindustan Petroleum Corporation Limited","S No 127/2 & 306/4, Sarjepura Road, Ahilyanagar","19.102409","74.73786799999999","true"
"ChIJlf6R96Ov3DsRrI9BE7Bir1c","AJAY PETROLEUM","Ahmednagar - Pathardi Rd, Alamgir Road, Maheshnagar, Ahilyanagar","19.0936563","74.7856785",""
"ChIJE2wLUyix3DsRyS0PL8VT63U","Shree ram Automobiles Petrol Pump","Shop No, near Sablok Honda, 1, Sarjepura Road, Sarjepura city, Ahilyanagar","19.1032988","74.7371826",""
"ChIJBbKyuUiu3DsRqCdXHtx2NuY","Bharat Petroleum","India","19.0630227","74.808905",""
"ChIJyY6mr7Sv3DsRyvcoPrTAAqg","Shri Siddhivinayak Petroleum & CNG station","3R75+3F, Nimbodi","19.0630919","74.8088889","true"
"ChIJPTgt6Omf3DsRPiZg_kEgNLs","Jio-bp","Survey No 71/1, Speed Age Petroleum, MHC/6, Ahmednagar - Aurangabad Road, Akbar Nagar, Ahilyanagar","19.1075113","74.7459174","true"
"ChIJa1iXV6Cx3DsRtkXjmqqVjhw","Gas","4Q52+FC7, Mukundnagar, Ahilyanagar","19.1086554","74.75104859999999",""
"ChIJo7Pvr_Wt3DsR8u-PPeKvELQ","Hindustan Petroleum Corporation Limited","Plot No 150/1, Nagar Solapur Road, Shiradhon","18.9929601","74.79503009999999","true"
"ChIJvQjMWJCt3DsR_aLeXFt3xx4","HPCL-AUR-017-Nirmala Auto Care Centre","Shiradhone Road Ahmedngar, Solapur, Aurangabad","18.9927421","74.7954524","true"
"ChIJ9RKeAHm73DsR-1S01JkTMSo","CNG Pump Bharat Petroleum, Petrol Pump -Deepak Fuel World","Savedi Road, Ahilyanagar","19.1136427","74.7306131","true"
"ChIJ48WtxnK73DsRbvlq-rlKpVU","PUC SENTER, SAVEDI, Ahilyanagar","4P7M+W56, Bishop Lloyd Colony, Ahilyanagar","19.1147822","74.7329038",""
"ChIJfyW0G82v3DsRHiaSMB3lGes","DAKSON PETROLEUM- PETROL | DIESEL | CNG*","Gut No. 182/5, A/P:, New By Pass Road, Sarola Baddi","19.0663586","74.82123399999999","true"
"ChIJHa9eY4G63DsRU2y6vRpASiY","Vishwanjali Oil","4P9Q+2M4, LIC Colony, Anand Nagar East, Ahilyanagar","19.1175189","74.7392071",""
"ChIJwTxU_6av3DsRBp1oodBEXVg","Anand petroleum Shahapur( HP) Kiran natak","Shahapur Nagar pathardi, rood, Ahilyanagar","19.0889396","74.8237542","true"
"ChIJ55Frxhav3DsRI0hx35VyInM","IndianOil","Gat No 127/A/2/1, Ahmednagar Jamkhed Rd Takli Kazi, SH 142, Bhatodi Pargaon","19.0353318","74.8475498","true"
"ChIJ9ZTMOlKv3DsRxtC1KU61PEE","Shiv petroleum CNG station","3RQ7+82R, National Highway 61, Nimbodi","19.0883745","74.8125309","true"
"ChIJqwcXrLuv3DsRzdHCjp9f1nc","Bharat Petroleum","India","19.0883566","74.8123112",""
"ChIJ1Rz7XkKv3DsRZL97sQYeWTg","Hindustan Petroleum Corporation Limited","Part NH 61, Plot No 87/7/1B, Ahmednagar - Pathardi Road, Shahapur","19.08884399999999","74.82382299999999","true"
"ChIJ5cjpgTC63DsRRavt8hJTpa0","Hindustan Petroleum Corporation Limited","near Crompton, Plot No 10/31/1/1, MIDC Road, Nagapur","19.145718","74.705398","true"
"ChIJgbArOHm63DsRrZ4PYoK_24g","Nayara Petrol Pump K C FULARI AND CO.","Balikashram Road, Fulari mala, Savedi, Ahilyanagar","19.1169389","74.7271086","true"
"ChIJ5aAKGny53DsR8Hb-9XKNs0w","SVAYAM SIYA | ONLINE CNG | EV | DIESEL | PETROL | DEF","Ahmednagar City Bypass Road, MIDC, Ahilyanagar","19.1617641","74.6820384","true"
"ChIJhfohMZi63DsRR3-J2UfiNxM","HP Petrol Pump","Survey NO NO, Vasant Tekdi, 84A, Ahmednagar - Aurangabad Road, Savedi, Aurangabad","19.1256924","74.7545459","true"
"ChIJB-ghUyC63DsR9gDFaKWW73o","Hindustan Petroleum Corporation Limited","GUT No 310, 1/1, Road, Nimblak","19.135139","74.689668","true"
"ChIJvxwiXK673DsRIQZAM6kY_5k","Ban Bro Fuels BPCL CNG/Petrol/Diesel","Plot L4, Lamkhade Chowk, Nagar Nimblak, Road, MIDC, Nagapur","19.1459614","74.69391390000001","true"
"ChIJBSAKV2y63DsROrY-POydF1c","NAYARA","India","19.1266872","74.7134112",""
"ChIJ7fieEAy73DsRUwROFAwixAU","Mahakali Petrol Pump","Shop No 01, Old Bolhegaon Road, Mahakali Petrol Pump. Gaothan, Bolhegaon Suburban, Ahilyanagar","19.1267099","74.71356039999999","true"
"ChIJyQxqD2y63DsRKcBn3qJQMVY","Bharat Gas Godawn","4PH8+F4G, Bolhegaon Suburban, Ahilyanagar","19.12868019999999","74.7153431","true"
"ChIJY8tas1i53DsRxhoFNzM-Ke0","AMRIT PETROLEUM","near Bajaj Power, Plot No 217/1/6, New Bypass Road, Nimblak","19.1573572","74.68174309999999","true"
"ChIJFXEcRqa73DsRobxZa7ai0Is","Go Gas Auto LPG Pump","4PR8+546, Mehetre Heights, Near Nagapur Bridge, Manmad Road, Bolhegaon Suburban, Ahilyanagar","19.1404171","74.7152607","true"
"ChIJPxBs-oq73DsRoP9o6cnJvM4","Aaradhya Petroleum AMCB","Shop No.1 Bolhegaon Phata, Nagar, Manmad Road, Ahilyanagar","19.1427091","74.71366069999999",""
"ChIJFU5f8Ea63DsR9wSWdDaPH-0","Bharat Petroleum","India","19.1429517","74.7140665",""
"ChIJpTPOfh273DsREs_AUNSs1h4","IndianOil","Gut No 24/2 Plot No 1, Nagar, Manmad Road, Nagapur","19.1482728","74.710475","true"
"ChIJ2zmu6Ym63DsR7F7qviAUYpk","Hindustan Petroleum Corporation Limited","near Sonalika Tractor Showroom, Plot No 241, Manmad Road, A6 Nagar, Savedi, Ahilyanagar","19.131161","74.723231","true"
"ChIJQ0bsx9q73DsR97VrmF62O0k","Hindustan Petroleum Corporation Limited","Gat No, Plot No 1, 46/2B1, Navnagapur, Ahilyanagar","19.165542","74.700163","true"
"ChIJ2yQEVyK73DsRKDHum7ez8b4","Bharat Petroleum Palm fuels","4PHM+QV3, Waani Nagar, Bhistabag, Ahilyanagar","19.1293856","74.73468679999999","true"
"ChIJWQHNEgC73DsRMF-byPfhQgw","Viraj petroleum - Bharat Petroleum","Tapovan Road, Sawedi, Bhistabag, Ahilyanagar","19.1400652","74.73081739999999",""
"ChIJufhs_y-73DsR9xJHDz-u5wo","CNG Bharat Petroleum, Petrol Pump -Svayam Siya Petroleum","NIMBLAK, Ahilyanagar","19.1676349","74.6991051","true"
"ChIJl-WRV6-53DsR5W260n1xGU0","Shiv 9 Petroleum (Bharat petroleum) CNG","Jakhangaon","19.1070625","74.62356249999999","true"
"ChIJ72dGNUO73DsRLKvCg9MyJgQ","MAULI PETROLEUM","Mauli Petroleum, Tapovan Road, Savedi, Bhistabag, Ahilyanagar","19.139912","74.7339076","true"
"ChIJz3N_H9u73DsRflRL84JvPyo","SOIL YANMAR","India","19.1712077","74.6971318",""
"ChIJ1zTWUpOf2jsRqwbEb3IxC3s","IndianOil","Gat No 625, near Vk Patil Hospital, 1, Manmad Road, Wadgaon Gupta","19.1725927","74.69625979999999","true"
"ChIJ2cNaEHG73DsRJ4eCIgMAs4A","Nayara Petrol Pump Viraj Petroleum","near Gajanan Maharaj Mandir, Gulmohar Police Chowki, near Gajanan Maharaj Mandir, Gulmohar Road, Navale Nagar, Anand Nagar East, Ahilyanagar","19.1209541","74.7476928","true"
"ChIJdyVfIgC53DsRtNYUb9nQZTo","IndianOil","MH SH 10, Petrol Pump, near Mahesh Highway, 170/2, Maharashtra State Highway 10, MH SH 10, Ahilyanagar","19.1820364","74.6819193","true"
"ChIJmTCodQC53DsRq8t9AIRNjng","Mahesh Highway Petrol Pump","MH SH 10, 170/2, Ahilyanagar","19.182114","74.6820336","true"
"ChIJH2_H6L263DsRS_w4LERgVF8","Reliance - Jio BP | Petrol Pump","Ahmednagar - Aurangabad Road, Tawalenagar, Ahilyanagar","19.1319572","74.7581872","true"
"ChIJa84MdsO63DsRHDeLTj40lg8","Hindustan Petroleum Corporation Limited","Gut No 172/2 NH 753F, Pune Road, Nagar, Warulwadi","19.14763","74.76190009999999","true"
"ChIJUaj4yti63DsRfwVBTuBt4Wo","Bhagwant Essar Petrol Pump","5Q67+672, State Highway 60, Pokhardi","19.1605176","74.76314839999999",""
"ChIJw6u8thq73DsRWSgD9Dkv2yo","Hindustan Petroleum Corporation Limited","Abad Nagar, Vasant Tekdi, Ground Floor, Nagar Aurangabad Road, near Water Tank, NH 753F, Pune Rd, Ahilyanagar","19.1253245","74.75485619999999","true"
"ChIJMW01SCS73DsRvzS1SKhvxLs","IndianOil","Gut No 131, 1/1, Maharashtra State Highway 60, Shiradhon","19.1696879","74.7652921","true"
"ChIJO9OEuFK53DsRrR5DSo3R6p4","Bharat Petroleum, Petrol Pump -Dinesh Fueling Zone","VILAD, MANMAD ROAD, AH, Ahilyanagar","19.2001849","74.6765861","true"
"ChIJGecOj6S-3DsR9d-dY9BcXP4","Hindustan Petroleum Corporation Limited","Gut No 163, 1B2P NH 160, Nagar Shirdi Road, Vilad","19.2176035","74.6775457","true"
"ChIJhXbsezi53DsRj4EvIH1YtiY","Hindustan Petroleum Corporation Limited","Ground Floor, near Ahilyanagar- Manmad Road, NH 160, Taluka Nagar, Vilad","19.1928474","74.6756856","true"
"ChIJ56bOoaW-3DsRAFnIdhAWvgI","IndianOil","S No 136/2/2, Dehre","19.214867","74.678446","true"
"ChIJj13iz7T7jzkRLNHO3S8jwS8","IndianOil","S No 12/11/I/I Part, Anand Nagar Road, Nandgaon","19.2422005","74.674441","true"
"ChIJZUn4LB6_3DsRkZEa2pNt_RE","Cng pump","7M49+XX, Ismalpur","19.2574023","74.6699718","true"
"ChIJY8mNG0i_3DsRa4mRyd7hFe0","Bharat Petroleum, Petrol Pump -Shahid Jawan Bhausaheb Badakh","DEHERE, Ahilyanagar","19.2576112","74.6704063","true"
"ChIJsYzyQX273DsRzDiaMtpomWY","ONLINE CNG Pump","5QPC+XG, Shendi","19.1874741","74.77135299999999",""
"ChIJ-wVmU0m73DsRVTxe4JCaqxM","IndianOil","Gat No 78, 4, Ahmednagar - Aurangabad Road, Dhangarwadi","19.1920458","74.77416699999999","true"
"ChIJfbgw7lij3DsRbT6Yn_aB05k","Hindustan Petroleum Corporation Limited","Plot No 682 NH 753/F, Aurangabad Nagar, Road, Jeur","19.21339","74.796016","true"
"ChIJo55yOACj3DsR-JPGnV2oHr4","Gunjan petroleum 24/7 online CNG available","Jeur","19.222005","74.80554240000001","true"
"ChIJkxQEvrSj3DsRB4DtKHM1wJI","Bharat Petroleum, Petrol Pump -Sagar Contructions","JEUR, Ahilyanagar","19.22202","74.8055495","true"
"ChIJGzfOClaj3DsRzxw2kurTDFE","Hindustan Petroleum Corporation Limited","Ground Floor, Aurangabad - Ahmednagar - Pune Highway, Jeur","19.227015","74.809857","true"
"ChIJ-dIgI9Gj3DsRCSsGqoBz7HQ","Bharat Petroleum Petrol Pump , BABA PETROLEUM","286/2, Ahmednagar - Aurangabad Road, Imampur","19.2484491","74.83019829999999","true"