place_id,name,address,latitude,longitude,open_now
"ChIJt8asOiu_5zsRQzJ4FHt1nIQ","Hindustan Petroleum Corporation Limited","opposite Green Word, Plot No 130, Digha Naka, TTC MIDC, Vitawa, Navi Mumbai","19.184651","72.99402100000002","true"
"ChIJeeE7n6O75zsRQivXfhl3cV0","Hindustan Petroleum Corporation Limited","Ground Floor, near Hypercity Mall, Ghodbunder Road, Kasarvadavali, Naka, Thane","19.2692101","72.9651701","true"
"ChIJS7IssB255zsR5nNKyNTtl74","Bharat Petroleum","Nandanvan Industrial Estate, D/11, Lal Bahadur Shastri Marg, Louis Wadi, Thane West, Thane","19.1875579","72.9616995",""
"ChIJt-dPxwW55zsR3OYlDioCwZY","AIKI AUTO Cng Pump","B-27, SG Barve Road, Neheru Nagar, Wagle Industrial Estate, Thane West, Thane","19.1939447","72.95338989999999",""
"ChIJw-Hy4we75zsRKS99u4f7mkc","Mahanagar Gas CNG Station","1, Ghodbunder Road, Owale, Thane West, Thane","19.2776442","72.9579041","true"
"ChIJC2yhzD255zsRM3py_dGmMQI","Mahanagar Gas CNG Station","Khopat Road, Khopat, Thane West, Thane","19.2023766","72.9726207","true"
"ChIJ2SFGaNOZ5zsRDz6vEiHC3KU","IndianOil Petrol Pump (Dandekarwadi)","Kuksa, Borivali, NH 3, Bhiwandi Road, Dandekarwadi, Thane","19.2209371","72.98806710000001","true"
"ChIJP41bb0-55zsRWR4psp-xgDM","Hindustan Petroleum Corporation Limited","Ground Floor, Fire Station, next to Balkum, Agra - Mumbai Highway, Majiwada, Thane","19.217651","72.98239099999999","true"
"ChIJl4Zsl-S75zsRsqWJBRNGJuk","GULF LUBRICANTS","6XQH+PWR, Mahatma Phule Marg, Chitalsar, Thane West, Thane","19.23935549999999","72.9797597",""
"ChIJjV-FGVu55zsR__d24YX3uNs","BLUE STAR","India","19.2228836","72.9779358",""
"ChIJXy4S3k275zsRBy7Vs1g8zwc","Laxmi automobile","ODEDRA BLDG, Amin Sheth Chal, behind Petrol Pump, Manpada, Thane West, Thane","19.235159","72.977176","true"
"ChIJM6z_dAC75zsRl2afbI5sn1g","Bharat Petroleum","Shop No 3, Station Road, Ghorei Nagar, Kalwa East, Mumbai","19.2352146","72.97654109999999",""
"ChIJgcApdVu55zsRgncSE7XqDIk","IndianOil Petrol Pump (Thane West)","Lock No 21008, Chitalsarmanpada, Ghodbunder Road, Kasarvadavali, Thane","19.2234297","72.9768862","true"
"ChIJjyc740S55zsRtVhHXfzXDE4","Hindustan Petroleum Corporation Limited","Ground Floor, opposite Kapurbawdi, Ghodbunder Road, Juntion, Thane West, Thane","19.219771","72.978141","true"
"ChIJ02tuJQC_5zsRrCqap8hxhbk","Nayra Petrol Pump","008, Kalwa, Mumbai","19.2088479","73.0012593","true"
"ChIJRzX4UAC_5zsRmN2-v_tqIKY","Nayara petrol pump","6252+FFQ, Kharegaon Bypass Road, Kharegaon, Kalwa, Thane","19.20872379999999","73.0012251","true"
"ChIJHztOqz685zsR27_cOrw3pfY","IndianOil Petrol Pump (Purna)","Bus Stand, near Koper, Bhiwandi Road, Rehnalpurna, Dandekarwadi, Kalher, Thane","19.241096","73.016612","true"
"ChIJpY05mUa55zsRhTP4x0YiUSg","BPCL Fuel Pump and CNG Pump Majiwada","Old, Agra - Mumbai Highway, Majiwada, Thane","19.2149174","72.97727850000001","true"
"ChIJZX3CTAC_5zsRO7LndfHF7Ig","Mahanagar CNG Gas Pump","6256+8GX, Parsik Nagar, Kalwa, Thane","19.2083587","73.01136819999999","true"
"ChIJ9wE2f4S-5zsR3j5LRJn0Ll0","Vansh Automobiles","Anjurdive, Bhiwandi","19.2319281","73.03201720000001","true"
"ChIJo8EogAG55zsRRKe8Zziupxs","Bharat Petroleum Corporation ltd","Bpcl PETROL pump, opposite manorpada, Lal Bahadur Shastri Marg, Uthalsar, Thane West, Thane","19.2028694","72.97594099999999","true"
"ChIJlXIAqzm85zsRXUXq6QKxZR4","J K Petrol Pump","Saikrupa, Purna, Bhiwandi","19.2571577","73.0259598","true"
"ChIJ2zkBGji85zsRAfRkgSnwxVA","IndianOil Petrol Pump (Purna)","Purna, Bhiwandi Road, Dandekarwadi, Rahanal, Thane","19.259355","73.027942","true"
"ChIJJ9lhQQC_5zsRDCX72qL96R8","Anil Yadav","62HR+3XF, Mankoli - Anjur Road, Anjur, Bhiwandi","19.2276858","73.04240949999999",""
"ChIJw4f4oOa55zsR3UzvHIHqX3s","Namdev Nipurt","Shop 04, Teen Perto Pump 26, Thane","19.1939618","72.9704826",""
"ChIJs42dGwC95zsR4VIJtHLhOOg","Hindustan Petroleum Corporation Limited","Survey No 7, Mankoli - Anjurphata Road, Thane","19.242111","73.041534","true"
"ChIJxQKJciK55zsRLcN42xzBjn8","Hindustan Petroleum Corporation Limited","No 356, Agra - Mumbai Highway, Naupada, Thane","19.193261","72.970421","true"
"ChIJed5KkCG55zsRMaLYhxviwLw","BEST TYRE SERVICE","oppojit teen petrol pump, Tulasi Chambers, B/H, Lal Bahadur Shastri Marg, Thane West, Thane","19.1933681","72.97023229999999","true"
"ChIJpdcq3dS95zsR4IyrRSgkA6w","IndianOil Petrol Pump (Dapode)","Lock No, 11012 Raver, Dapode, Bhiwandi","19.2425131","73.04182899999999","true"
"ChIJEV-YDiK55zsRrZZDlaq7G18","Radhakishan Lalchand HP Petrol Pump","Teen Petrol Pump, Naupada, Thane","19.1928872","72.9702849","true"
"ChIJbTiVQce55zsRcEqLQfSEEYk","Shell","Service Road, Thane","19.195491","72.963081","true"
"ChIJw_X6fNC95zsR0pYgamuwmaA","Bharat Petroleum - Mayashree Automobiles","Dapode, Bhiwandi","19.2511504","73.04104319999999",""
"ChIJEzmGEEm85zsRL0FM5b6lycY","Hindustan Petroleum Corporation Limited","Survey No 9, Hissa No 3, near Mahanagar Gas, Old, Agra - Mumbai Highway, Purna, Thane","19.2636328","73.0320122","true"
"ChIJYwHKntq95zsRG2DAFBmGJAM","Anjur Service Centre","3, Agra - Mumbai Highway, Thane West, Bhiwandi","19.1957353","72.96187189999999",""
"ChIJaZVLP9S95zsRsiiCx1gPZuw","Anjur Petrol Pump","SURVEY NO 102, VILLAGE DAPODA, Mumbai - Nashik Expressway, Mankoli, Bhiwandi","19.2427932","73.0451396","true"
"ChIJVzuVC_295zsRp5Uw5mxPm7U","Mahanagar Gas CNG Station","Indian Oil/Owali, Gaon, Mankoli, Bhiwandi","19.24308109999999","73.04538130000002",""
"ChIJc53Jg2e95zsRGKz7_YIZ0u0","Montgomerry Petroleum BP","Holy Mary School, Purna, Bhiwandi","19.2643295","73.0319287",""
"ChIJw1MSrEe_5zsRKyXs-rB6MpU","RABIYA SEVERICE N REPAIRING SHOP","Shop No. 02, Famous Bldg, Thane West, Thane","19.1886162","73.0221004",""
"ChIJW4_jBUm85zsRqToV0i8ZlW4","Jay Hind Cng Station","727J+HXP, Val, Bhiwandi","19.2639522","73.03245059999999","true"
"ChIJ403R34y95zsRcn9D_53D6UA","Hindustan Petroleum Corporation Limited","Ground Floor Purna, near Bus Stop, Old, Agra - Mumbai Highway, Rahanal, Thane","19.264681","73.03239099999999","true"
"ChIJcZBDGwC55zsRVTHMi2Y-m28","Mahanagar Gas CNG","near Sanjay Gandhi Market, No 33 Ambewadi, near Sanjay Gandhi Market, Road Number 33, Indira Nagar, Wagle Industrial Estate, Thane West, Thane","19.204586","72.95193309999999","true"
"ChIJcRWbUAC55zsRRy551Z2JKz4","MGL Wagle Estate , Modern","6X32+VMC, Road Number 33, Karvalo Nagar, Thane West, Thane","19.2046996","72.9516515",""
"ChIJE1PLFAC95zsRo8mT6SEm90w","Montgomerry Automobile Bharat Petroleum Petrol Pump","728M+4H2, Thane Road, Rahanal, Bhiwandi","19.2652625","73.03387940000002",""
"ChIJmd2nHQC55zsRYtniEjcyCgM","KOWTHALAM ADONI ROAD","5XW4+WJV, Ambica Nagar, Wagle Industrial Estate, Estat, Thane","19.1973555","72.95653779999999",""
"ChIJs8AfzuS55zsRcLZmOG8L_PA","IndianOil Petrol Pump (Thane West)","Lock No 22005, Plot No 122a, Lal Bahadur Shastri Marg, Naupada, Thane","19.1895","72.96530000000001","true"
"ChIJNREgSLK95zsREKU0S0bJH2Y","IndianOil","Survey No 89 Bhiwandi Road, Anjur, Val, Dapode, Thane","19.2551776","73.0439043","true"
"ChIJP6psCQC95zsRRXstzydk8J4","Sakshi Mahanagar CNG pump","Dapuda Road, Val, Bhiwandi","19.2589545","73.042735","true"
"ChIJS0uwC0y85zsRnwxDQRyvqxg","IndianOil Petrol Pump (Dapode)","Ground Floor, Rahanal, Bhiwandi","19.2669771","73.0358333","true"
"ChIJ16p8XuS95zsRTTLyy0UmPRw","Soheb kjan","724V+CX3, Dapode, Bhiwandi","19.2560157","73.04491329999999",""
"ChIJe8zbEPS_5zsRJ-GeCjcRcZE","IndianOil Petrol Pump (Thane West)","No A/93, COCO MIDC, Road Number 16, Wagle Industrial Estate, Thane","19.1939396","72.9535659","true"
"ChIJp8G03WW95zsRpNbaze69hrM","Kaushalyaa Swami Enterprises","Reliance pump, Val, Bhiwandi","19.2636142","73.0422844",""
"ChIJz73kTDC_5zsRsILWnli_XeY","Mahanagar Gas CNG Station","near Palampur Company, Plot No General 55, MIDC Road, Digha Naka, Subhash Nagar, Dighe, Navi Mumbai","19.1754882","73.0023684","true"
"ChIJVfi1ntq95zsRa8QLNdNtXgs","Shivai Petroleum","3, Mumbai - Nashik Expressway, Thane West, Bhiwandi","19.2495319","73.05268199999999",""
"ChIJ9eOLbfG55zsRDyhkcytnD28","Sandeep Gavelkar Pump","02 22, Shop 02, Kisan Nagar Road, Thane","19.1938754","72.9503014",""
"ChIJpSE3SNq95zsRzWup3MFGuLk","Hp Gas","India","19.2471886","73.05469649999999",""
"ChIJy3mDw7655zsRe12JnUVl62E","MAHANAGAR CNG WAGLE ESTATE","Road Number 22, Neheru Nagar, Shree Nagar, Thane West, Thane","19.19348","72.94956239999999","true"
"ChIJe6t67Nq95zsR8VF5YXJbJN8","Hindustan Petroleum Corporation Limited","Ground Floor, NH 3, Mumbai - Nashik Expressway, Ovali, Bhiwandi","19.2495307","73.054091","true"
"ChIJJ4f8pI6_5zsRKuR6DiXT6oU","Aal EkVeera Enterprises","Diva Manpada Road, Samartha Nagar, Sabe Gaon, Thane","19.185357","73.0421817",""
"ChIJ-a4M1P-45zsR34ODJmECqn0","Hindustan Petroleum Corporation Limited","Ground Floor, BR Road Junction, near Santoshi Mata Mandir, Lal Bahadur Shastri Marg, Mulund West, Mumbai","19.183467","72.94873299999999","true"
"ChIJp3Hnz5285zsRdC5JtxP-_nk","Petrol Pump (Bharat Petroleum) at Kharbav","7XXW+F26, Chinchoti Anjur Phata Road, Kharbao","19.2968472","72.9955995","true"
"ChIJ0SOXL5mV5zsRDlS7uB7yAG0","Hindustan Petroleum Corporation Limited","Survey No 123/2, Plot No 8 & 9, Kalyan - Shilphata Road, Dombivli East, Goveli","19.205291","73.10801099999999","true"
"ChIJicgnMx6W5zsR9KVRoVUTkVo","Hindustan Petroleum Corporation Limited","Ground Floor, NH 22, near Nisharg Hotel, Ranjnoli","19.2632786","73.0886803","true"
"ChIJvxkncnmV5zsR-31VOf9xj-U","Rameshwar CNG Substation","Plot No f-20, Midc Phase 2, kalyan shilroad,, Sagaon, Dombivli East, Dombivli","19.1931262","73.0959862","true"
"ChIJPRTFBtGV5zsRiku7kOomKLA","Hindustan Petroleum Corporation Limited","S No 270, opposite D Mart, CS No 18/19, Kalyan-Murbad Road, Thane","19.2383009","73.1266205","true"
"ChIJe9MaXrKV5zsR7bxuOWFuKl8","Essar Petrol Pump (Sri Sadguru Automobiles)","647J+MP6, 100 Feet Road, Kalyan East, Chinchpada Gaon, Kalyan","19.2141718","73.1317691",""
"ChIJbQnxOzSW5zsREH9hxno2N0s","Hindustan Petroleum Corporation Limited","9 & 10, S No 7, H No 2, 3, 5 to 7, Bhiwandi Bypass Rd, Sonale, Bhiwandi","19.2853676","73.10761900000001","true"
"ChIJgad7wwm_5zsRKcKwK7vVQQU","Hindustan Petroleum Corporation Limited","near Bhagshala Maidan, Plot No 19, Survey No 327A/1, Vishnu Ngr Subhash Cross, near Bhagshala Maidan, Karve Road, Dombivli West, Thane","19.223164","73.087373","true"
"ChIJ24xx5ZeV5zsRdp42aTNg2dU","Hindustan Petroleum Corporation Limited","Survey No 4, Hissa No 3, Shivaji Ngr, near Ragai Mandir, Chinchpada, Dombivli West, Thane","19.2293848","73.08977039999999","true"
"ChIJgcFf1wSW5zsRulvoXV5mjV8","Mahanagar Gas CNG Station Kanhaiya","124/4, NEAR RITU HYUNDAI,GOVE, VILLAGE, Bhiwandi","19.2546685","73.09634299999999","true"
"ChIJK3bf8jCX5zsRChJ8fgHhVR8","IndianOil Petrol Pump (Saravali)","Lock 11031, Kalyan - Bhiwandi Road, Saravali, Kalyan","19.253204","73.098078","true"
"ChIJr_nAdhyW5zsRBSo0mpnhIdg","Bharat Petroleum","India","19.2588479","73.0933975","true"
"ChIJSTgEhh6W5zsRJrJdE-JQ3Ak","MNGL CNG Pump","736R+GCF, Sapna Industrial Estate, Saravali, Gove","19.2613195","73.0910406",""
"ChIJRzhy1QiW5zsRfCm1hCVlcCw","Reliance Petrol Pump","7422+2XX, NH 222, Kongaon","19.25","73.102475","true"
"ChIJrWGStgO_5zsR5x30b7I3wx8","Cng pump","Desale pada, Nandivali Road, Dombivli East, Dombivli","19.1952081","73.086283","true"
"ChIJkWLWzMSV5zsRVA4Kr2iljIk","MAHAKAL TRADING","OM SAI PLAZA, near ARIHANT AUTO WORLD, 102/1, Manpada Road, Sanjay Nagar, Dombivli East, Thane","19.2016968","73.0957944",""
"ChIJgXFNKaq_5zsRkLDN6L54CeM","Mahanagar Gas CNG Station","Bhopar Road, Bhadra Nagar, Dombivli East, Dombivli","19.1947788","73.08617869999999","true"
"ChIJY95s95SV5zsRmSJKKZcs65E","Mahanagar Gas CNG Station","6494+JX7, Khambalpada Road, khambalpada, Dombivli East, Dombivli","19.2190412","73.10740899999999","true"
"ChIJ0RNW9JSV5zsRn5eyKWZyLFI","Quality CNG station","6494+JX3, Tata Power Company Limited, Dombivli East, Dombivli","19.2190114","73.10740969999999","true"
"ChIJX4rlUoC95zsRcAbOFqYIh9c","Mahanagar Gas CNG Station","CNG pump, Mumbai - Nashik Expressway","19.2682593","73.0838302","true"
"ChIJyUsoBou95zsRLRdYcXuQHao","IndianOil Petrol Pump (Saravali)","Ranjnoli Kalyan Road, Dandekarwadi, Bhiwandi","19.268331","73.083985","true"
"ChIJGyjmrFOX5zsRWy5l0Jx-dts","Jayshree Enterprise","7442+3W8, Thane","19.2551699","73.10233579999999",""
"ChIJo3QmB2y_5zsRL03iWOIYPSM","Hindustan Petroleum Corporation Limited","Survey No 45, 5 & 45/6, Diva Manpada Road, Betwade Gaon, Thane","19.1862643","73.0699478","true"
"ChIJR2AlhJeV5zsRhODZTJLTpwo","इंडियन ऑयल","India","19.2109209","73.108912",""
"ChIJPYYYhJeV5zsR3iIdW8tG-1E","Usma Petrol Pump","Tata Power Company Limited, Dombivli East, Dombivli","19.2108696","73.1089027","true"
"ChIJGQiEcXmV5zsR5pubFedWw9Q","Mahanagar Gas CNG Station","53VW+7C6, Sagaon, Dombivli East, Dombivli","19.1931513","73.0960278","true"
"ChIJZdsSNr2V5zsR87oOBXsYXsI","IndianOil Petrol Pump (Dombivli East)","No B/44/2, Midc, Kalyan - Shilphata Road, Golavli, Phase 1, Dombivli East, Thane","19.2112075","73.1130019","true"
"ChIJscaCGQCV5zsR8wcf-CvL1Q0","Indian Oil - Sairaj Petroleums","opp. APMC Cattle Mandi, near Sarvodaya Residency, Eidgah Road, Bhoiwada, Kalyan","19.2377211","73.1183096","true"
"ChIJN4hNxnyV5zsRwQ7V5jvmFao","Bharat Petroleum, Petrol Pump -Samant Auto","Kalyan shilphata highway, near premiere compound, Sonar Pada, 1, MIDC, Dombivli East","19.1866074","73.0920977","true"
"ChIJWYKUFQC_5zsRRi_ZUjaeZ70","Om Shivam fiber mannequins","53J9+2RR, Usarghar Gaon, Thane","19.1801225","73.0695289",""
"ChIJyTZS9GSV5zsRetOirMF1rrQ","Bharat Petroleum, Petrol Pump -Shree Samarth Krupa Automobiles","GOLVALI (KALYAN MARTYR SI, Thane","19.2172724","73.1189638","true"
"ChIJZ7UiVLaX5zsRl5Ng6LoPWAc","SGR Group ONLINE CNG Station","Annabhau Sathe Nagar, Khadakpada, Kalyan","19.2490429","73.1189167","true"
"ChIJFy7qyOCX5zsRLm4qELDyyeE","CNG pump","64X9+HJJ, Annabhau Sathe Nagar, Khadakpada, Kalyan","19.2489728","73.11901320000001",""
"ChIJ8wChqFO_5zsRoAclZpV_nNc","Shell Petrol Pump Station","Kalyan - Shilphata Road, Dombivli","19.17805","73.08706699999999","true"
"ChIJW-PVSKi95zsR8J4tC6hWXqQ","Hindustan Petroleum Corporation Limited","opposite Police Station, No 131/1 & 161/1, Old Mumbai Agra Road, Narpoli, Bhiwandi","19.2836662","73.0499495","true"
"ChIJg1KNCgCX5zsRR-YdTilZzMc","CNG JIO PUMP","79, Saravali, Bhiwandi","19.2781613","73.0983372",""
"ChIJXcKDqnGU5zsRBL1138a9UCQ","Reliance JIO British Petroleum","659F+R9P, Kalyan - Badlapur Road, Vadol Gaon, Waldhuni, Ambernath","19.2195803","73.1734585","true"
"ChIJC7_nzWCU5zsRqVEu9S_fRr4","Hindustan Petroleum Corporation Limited","C, Ground, 690, Ambernath Road, Ulhasnagar","19.209291","73.160611","true"
"ChIJE-fYuUOU5zsRTNrU92aMY_I","Mahanagar Gas - Green Gas CNG Pump, Ulhasnagar","Vitthalwadi, Ulhasnagar","19.2188474","73.15498199999999","true"
"ChIJqdoGxIOT5zsR5IA622XxW3g","Hindustan Petroleum Corporation Limited","Police Station, Survey No 206/101 Police Welfare, near Ambernath, Kohaj, Khuntavali","19.2105212","73.1890619","true"
"ChIJXRMOJm-T5zsR-vZAZ0Q-3rY","Mahanagar Gas CNG Station","Mahalaxmi Nagar, Ambernath","19.1908676","73.1965261","true"
"ChIJzcwrATaU5zsREjNOxWZ4JQs","Manisha Gas Godown","64GR+5CV, Hanuman Nagar Road, Katemanivali, Hanuman Nagar, Kalyan","19.2254762","73.1410581",""
"ChIJC2vTSuOT5zsRU90TgAmhzak","Hindustan Petroleum Corporation Limited","Ground Floor, opposite Royal Garden, NH 222, Kalyan-Murbad Road, Kamba, Kalyan","19.2395772","73.1401546","true"
"ChIJl_HQtdGV5zsRZ8K7TeOYylw","Hindustan Petroleum Corporation Limited","Rani Mansion, near State Bank of India, A Wing, Murbad Road, Thane","19.236791","73.12646099999999","true"
"ChIJIT1zy1iV5zsR2hnfdqSm5pA","CNG PUMP ( MGL MSRTC VITTHALWADI )","64HX+2MQ, Vitthalwadi, Ulhasnagar","19.22758379999999","73.1492478","true"
"ChIJx7blPhOV5zsRpTfBuluqJqY","Reliance Petroleum","Plot No 3, Opposite Ramgirdhar Ind Est, Vitthalwadi Station Road, Vitthalwadi, Ulhasnagar","19.232773","73.1500552","true"
"ChIJrXWR0L6V5zsRg07xfbLPDCg","Nayara Energy Ltd RO Mayur Automobiles","65P2+662, beside Mahanagar Gas Station, Ulhasnagar","19.2354482","73.15052779999999","true"
"ChIJLXSbPD-U5zsRFVDEqOmvHSc","Kajal Petrol Pump","Vitthalwadi, Ulhasnagar","19.2282983","73.1537962","true"
"ChIJhwR6uCWU5zsRaDEJsi6uoOg","Roshan Petrol Pump","64RX+MGP, Syndicate, Kalyan","19.2417027","73.1488348","true"
"ChIJK2FH6z6U5zsRSBFt_1TJYM8","Hira Gas Co.","India","19.23057859999999","73.1544154",""
"ChIJk_dhnD6U5zsR6pUepX8hpl0","Mahalaxmi Gases","65J3+Pvg, Vitthalwadi, Ulhasnagar","19.2318125","73.1546875","true"
"ChIJx51DfyaU5zsRvo_esml7W_g","IndianOil Petrol Pump (Purnima)","Lock No 11026, chickanghar Kalyan Murbad Road, Amane, Kalyan West, Kalyan","19.243206","73.14942099999999","true"
"ChIJ041dOqGV5zsRxzSnsfmivNQ","Bharat Petroleum, Petrol Pump -Shree Samarth Krupa Auto Adhoc","Bhiwandi - Kalyan Road, Thane","19.2457233","73.1267577",""
"ChIJ30FUWtiV5zsRaO96HjCgMkA","Bharat Petroleum, Petrol Pump -Shanta Service Station","Opp- Hotel Surya International, Ulhasnagar 4","19.2222939","73.1546774","true"
"ChIJIwnHda2V5zsRJyU3_tLFuKg","IndianOil Petrol Pump (Nandivali Gaon)","Survey No 26, Hissa No 4A, 4E/P, Adivali Dhokli, Ganeshwadi, Ambernath","19.211396","73.132122","true"
"ChIJ2RUhvT2U5zsRf7r42CVrMs8","मोहन टायर सर्व्हिस","65M4+QQ2, Gol Maiden Road, Sidhi Vinayak Nagar, Ulhasnagar","19.2343954","73.1568995","false"
"ChIJAQFK8D-U5zsRmK0nkCXPjsU","IndianOil Petrol Pump (Ramayan Nagar)","Hira Ghat, opposite Shiv Mandir, Sector 17, Ulhasnagar","19.227252","73.157665","true"
"ChIJx1RE0T-U5zsRvhl8K3UEMiA","Hindustan Petroleum Corporation Limited","Ground Floor, Sector 17, near Derby Hotel, Ulhasnagar","19.229121","73.158061","true"
"ChIJ8WnZviOU5zsRybievJKWnh8","Hindustan Petroleum Corporation Limited","Ground Floor, Murbad Road, Shahad, Thane","19.24197879999999","73.15448219999999","true"
"ChIJ2_Ff4zuV5zsRjI4LdS6V8Ps","रमेश केणे चौक","6594+G6G, Ramesh Karkar Lane, chowk, mahadev nagar, Ulhasnagar","19.2188034","73.1555832",""
"ChIJPYoxzwaV5zsRh8ZQ26RzpOU","CNG Pump Laxmijyot","6556+XP6, Padmashree Mohammad Rafi Marg, Baba Namandas Nagar, Kailash Colony, Ulhasnagar","19.2102919","73.1614623","true"
"ChIJRd7H-4qU5zsR3LUmr-45T_8","IndianOil Petrol Pump (Kailash Colony)","Lock No 22006 Vakil Marg, Ulhasnagar 5, Near, Nijdham Ashram Marg, Thane","19.201532","73.161103","true"
"ChIJ4cZ4BouU5zsR7J6JTcGH-JQ","IndianOil Petrol Pump (Kailash Colony)","Opposite Rationing Office, Plot No 30 & 31, 5, Ulhasnagar","19.2005584","73.1611078","true"
"ChIJ8w9SawCX5zsRfe35wJMNO2k","Kalyan Energy","Durga Mata Chowk, near Seth Hirachand Mutha School, 90Feet Ring Road, Kalyan","19.2676826","73.131654","true"
"ChIJvUO4SgCX5zsRpWPyKX2aXow","Indian Oil Petrol Pump","Kolivali, Khadakpada, Kalyan","19.2677527","73.1317746","true"
"ChIJcemovbmV5zsR3PM4lKrSYNs","Nayara Fuel Station","55J2+Q8M, Katai Pipeline Road","19.1819608","73.15080189999999","true"
"ChIJQfdoRg6X5zsRSWHCLG49VDo","Bharat Petroleum Petrol Pump , BARDI PETROLEUMS","SURVEY NO. 50HISSA NO. 1, Thane","19.279766","73.144363","true"
"ChIJWYUEIwCV5zsRN7vyq5YMSVM","Shell Fuel Pump","54HC+F9J, Khoni - Taloja Road","19.1787213","73.1208858",""
"ChIJe-9yLACV5zsRQbbzCh7zaKo","Hindustan Petroleum Corporation Limited","Survey No 115, near Maharaja Chai, Badlapur - Katai Road, Khoni Pagadyacha Pada","19.1766031","73.1147694","true"
"ChIJPz_PO2u95zsRruihQGFNXpw","Hindustan Petroleum Corporation Limited","opposite Bhiwandi Scan Centre, S No 66 & 82/P, Old Mumbai-Agra Road, Nizampur, Thane","19.305351","73.065191","true"
"ChIJVbY4Zmu95zsRC31e4l4y9ZI","IndianOil Petrol Pump (Babu Ganj Groups)","St Depot, near Bhiwandi, Old, Agra Road, Nizampur, Thane","19.3047011","73.06580749999999","true"
"ChIJoY5oOUe95zsRMa2S0u1_Sig","IndianOil Petrol Pump (Shelar)","next to Shivkri Dye Company, Bhiwandi Wada Road, next to Shivkri Dye Company, Dandekarwadi, Shelar, Thane","19.3167403","73.0661427","true"
"ChIJoZVUhfO65zsR3oTVA1E-uO0","IndianOil Petrol Pump (Versova)","Survey No 81/1, Chene, Mira","19.2800749","72.92609829999999","true"
"ChIJPZRVHEa75zsR0YWnqt6GsT4","IndianOil Petrol Pump (Dandekarwadi)","Survey No 134/9, Hissa No 9, Dandekarwadi, P Bhiwandi, Kharbao","19.3126079","72.9745638","true"
"ChIJWY7vQQC75zsRIJ-5fSQCLrY","Hindustan Petroleum Corporation Limited","Survey No 29/1, Bhiwandi Kaman Road, Paye Gaon","19.321954","72.964525","true"
"ChIJUcd_axu95zsRDrCNccUpG3A","Nayara Bhiwandi Automobiles Petrol Pump","Kariwali Road, New Islamabad, Kariwali, Bhiwandi","19.2986009","73.0477296","true"
"ChIJWcQL4uK75zsRo-Wpbekrwlk","Jai Hind Puc Center","Bhayandarpada, Thane West, Thane","19.2845132","72.9481801",""
"ChIJQy5-vYu75zsRYHxq-5Wkcp0","IndianOil Petrol Pump (Thane West)","No 52/1B & 52, Gut, 5, Ghodbunder Road, Bhayanderpada, Thane","19.28389899999999","72.947113","true"
"ChIJF2Bq_fy65zsRKmhPQJk5aUo","IndianOil Petrol Pump (Thane West)","Survey No 56, 2A56, 2B&55/1C, Bhayandarpada, Kasarvadavali, Thane","19.2845391","72.94361030000002","true"
"ChIJl2mTxDu75zsRyzAV2HHkBSc","Dhanlaxmi CNG pump","Gaimukh Gaon, Thane West, Thane","19.2845578","72.94277240000001",""
"ChIJQU26fwC75zsRr7knd41CjlI","Chintamani Bharat Petroleum","7WMV+R4F, Gaimukh, Ghodbunder Road, Bhayandarpada, Thane West, Thane","19.2845163","72.9426443",""
"ChIJ64xne1a75zsRr3UAgQCxiaM","Shell Petrol Pump","Ghodbunder Road, Thane West, Thane","19.2850189","72.9407185","true"
"ChIJPXCzQA295zsRLVIRW0Lalw0","Sunder Beni Petrol Pump","73W7+P6W, Kalyana Naka,Agra, Road, Bhiwandi","19.2968592","73.06308020000002","true"
"ChIJ-eJ-1uO95zsRP1tMFKaqyxA","Hindustan Petroleum Corporation Limited","CTS No 4578 & 4579, Hissa, 62, 3/P, Old Mumbai-Agra Road, Thane","19.306041","73.065091","true"
"ChIJJ5FGHqe95zsRNg4vMqQ-_Ec","Afzal Coal Shop","Shop No 06, Vp Naka, opp. Reshma Sizing, Bhiwandi","19.3089765","73.0648602",""
"ChIJJzz3RdOZ5zsRvbpizbliuJ0","Bharat Petroleum, Petrol Pump -Sunderlal Beni Pd.","AGRA RD BHIWANDI, Thane","19.3076885","73.06527919999999","true"
"ChIJr83LTKa95zsRN4Pop54B2hk","Hindustan Petroleum Corporation Limited","H No 3/P, V.P.Naka, S No 62, opposite Real Sweets, CS No 4578 & 4579, Old Mumbai-Agra Road, Thane","19.3069367","73.0654232","true"
"ChIJ1wuIw9e95zsRUP87h5r__8Q","Hindustan Petroleum Corporation Limited","H No 3/P, V.P.Naka, S No 62, opposite Real Sweets, CS No 4578 & 4579, Old Mumbai-Agra Road, Thane","19.306921","73.065451","true"
"ChIJ75-6VQC95zsR89VQBzQ2G5g","Mahanagar Gas","W, Sana Apartment, Javvad Hotel 4th, Nizampur, Quresh Nagar, Gokul Nagar, Bhiwandi","19.3031613","73.06584459999999",""
"ChIJiRjaFUe95zsRaSyioi9AEok","Hindustan Petroleum Corporation Limited","S No 144, near Nasreen Tanveer Fard,Lal Bangla,Nadi Naka, Plot No 1 SH 35, Bhiwandi - Wada Road, Shelar, Thane","19.317341","73.066051","true"
"ChIJw853PUe95zsRlcWjIkk4gZA","Mahanagar Gas CNG Station","SHELAR village, Near Nadi Naka, Bhiwandi Wada road, Bhiwandi","19.31724449999999","73.0662182","true"
"ChIJk9yjmGO95zsRPj_lgMPTn9Y","Satyam Automobiles","Shop No.14, Gaibi Nagar Bhiwandi, Bhiwandi","19.2925078","73.0705921",""
"ChIJ17FhB0y95zsRJZRAsaFmRtg","Zishan Enterprises","Ground Floor, Ahbab Hotel, HN.1777, Bhiwandi","19.2923683","73.07086869999999",""
"ChIJg4BICEO95zsRe1wl6RYqfTI","Mahanagar Gas CNG Station","658, Nashik Road, Millat Nagar, Avachit Pada, Bhiwandi","19.3144741","73.0730938",""
"ChIJG8aZUeyX5zsRRQmOr5Emfac","Hindustan Petroleum Corporation Limited","S No 16/2/A, 3/A & 17/1/A, near Shawaya Dhaba, NH 3, Mumbai - Nashik Expressway, Yewai","19.3252084","73.1089983","true"
"ChIJ3_Q8VFu95zsRcpEFTKTeezc","IndianOil - SWAGAT","Mumbai Nashik Highway NH 3, Bhiwandi, Dandekarwadi, Vadape","19.3375534","73.11243859999999","true"
"ChIJGfskZgC95zsRaXEAfW5b1e4","Am wholesaler","01, Fatima Nagar, Gulzar Nagar, Bhiwandi","19.3040546","73.0761996",""
"ChIJ40jjkEm95zsRPnVSbH2haTY","Nagpuri Ajmeri","01, 60fit Road, Fatima Nagar, Gulzar Nagar, Bhiwandi","19.3053048","73.0770538",""
"ChIJCcyvCUO95zsRof9Pb_O1yBA","Hindustan Petroleum Corporation Limited","Ground Floor, Chavindra Road, Chavindra, Bhiwandi","19.3145452","73.073137","true"
"ChIJ4W8Fd1y95zsRyIFJB7eGohA","IndianOil Petrol Pump (Chavindra)","Old NH 3, Chavindra Mumbai Agra Road, Bhiwandi, Dandekarwadi, Thane","19.317013","73.076216","true"
"ChIJH6gNEYK95zsRBgcaFIEGJNE","Cng pump bhivndi","488, Nashik Road, Chavindra, Bhiwandi","19.3168997","73.0770335",""
"ChIJG_kAxqm95zsRByLsUOxL1mw","Bharat Petroleum, Petrol Pump -C.R.Contractor","NH3, VADAPE, THANA","19.31815","73.07793","true"
"ChIJadraZq295zsRkFEm-F6YmsM","Hindustan Petroleum Corporation Limited","Ground Floor, near Greenland Hotel, Old Mumbai Agra Road, Chavindra, Thane","19.318301","73.077793","true"
"ChIJ325sa1u95zsRVgPE0aO_boc","HP PETROL PUMP - V T HIGHWAY SERVICE CENTRE","HPC Dealers Chavindra Village Thane, Vashi","19.3183583","73.0777438","true"
"ChIJrfokkCyW5zsRBOWyTdBta0M","Sai Krupa Mini Bharat Gas Services","Shop No 1, Silent Complex Lonavale, Bhadwad Gaon, Mumbai","19.28761579999999","73.0945127","true"
"ChIJq80GR-e95zsRw1xc_D328QM","Nayara petrol pump an cng","83J8+XFG, National Highway 848, Bhiwandi","19.332439","73.0662086",""
"ChIJ83DI34u95zsR3cjywPdFB5A","Sadanand Petrolpump","Bhiwandi - Wada Road, Borpada","19.3326094","73.0665751",""
"ChIJvQ7Z6qO95zsR5FV72BiShs8","Sadanand Petroleum","83M8+3H9, National Highway 848, Bhiwandi","19.332663","73.06648310000001","true"
"ChIJj6ZZXyWW5zsR74DmB_ry0rM","Reliance Petroleum","Survey No 79, 86/171 Bypass, NH 3, Sonale, Bhiwandi","19.2783569","73.0981372","true"
"ChIJzWR_ohaX5zsRnRL2zQvRGi8","Valshind NTI","Taluka, भिवंडी","19.303777","73.109079",""
"ChIJafLjtXCX5zsR_PzBuIG2VeY","IndianOil Petrol Pump (Sonale Village)","Lock No 21011, Mumbai Nashik Highway NH 3, Dandekarwadi, Valshind","19.2974241","73.1097496","true"
"ChIJTdD0LN6X5zsR2zR1UbajzfA","Velvex AdBlue (DEF) Filling Station","84F5+36Q, Yewai Road, Bhiwandi","19.3227246","73.1081162",""
"ChIJP6kiopCj5zsRjR07bhD7xu4","Hindustan Petroleum Corporation Limited","Survey No 145, opposite Narayan Farm, 1 & 163/3/2/P, Bhiwandi - Wada Road, Kawad (Kh.)","19.3513419","73.0723628","true"
"ChIJG2EF-Lyi5zsRMw79Smj9jAY","IndianOil Petrol Pump (Dandekarwadi)","Kawad Khurd SH 35, Bhiwandi - Wada Road, Dandekarwadi","19.353322","73.072793","true"
"ChIJkaJArMOZ5zsR4NCxhyQYo8A","IndianOil Petrol Pump (Dandekarwadi)","Lock No 21007, Padga, Bhiwadi NH 3, Mumbai - Nashik Expressway, Dandekarwadi, Thane","19.3563182","73.1555415","true"
"ChIJeYJGDQCX5zsRtH9w5poZlHg","Hindustan Petroleum Corporation Limited","near Haware Properties, Survey No 31 & 32 Kalyan Sape Rd, Savad, Muthaval, near Haware Properties, Bhiwandi","19.2923012","73.15082799999999","true"
"ChIJvV3vPQCX5zsReGS157Pxjuc","IndianOil Petrol Pump (Aamane)","Ground Floor SH 46, Bhiwandi, Kalyan-Sape Road, Aamane, Padgha","19.3194645","73.15969679999999",""
"ChIJnzy4UV2X5zsRS-YYQ86Q5PE","Hindustan Petroleum Corporation Limited","S No 58/16, Road Sape Padgha Road, Padgha","19.3308659","73.15917689999999","true"
"ChIJq2APvQWX5zsR2b2qC6bkGMg","Tci Company","Bashir - 7038678800, *Adress* - TCI company behind stelar company, near antariksh office, opp. HP petrol pump, vashere. Kalyan, Padgha","19.3334997","73.1615127",""
"ChIJ-aEzmYqX5zsR7P0RjU3dTR4","Gavra Auto","84P7+V6G, Agra - Mumbai Highway","19.337177","73.11307900000001",""
"ChIJBZnRNgCZ5zsR3UlkaaWRKSs","IndianOil Petrol Pump (Dandekarwadi, Vadape)","NH 3, Mumbai - Nashik Expressway, Dandekarwadi, Bhiwandi","19.3375534","73.11243859999999","true"
"ChIJRaOmIUOZ5zsR92eJrGj8v0U","Hindustan Petroleum Corporation Limited","Survey No 15, Mumbai - Nashik Expressway, Bhoirgaon","19.344946","73.13288899999999","true"
"ChIJWzOBMDyZ5zsRvGpN7JdKTPI","Bharat Petroleum, Petrol Pump -Chandan Ser. Stn.","AGRA RD,BHIWANDI, THANA","19.3423154","73.119807","true"
"ChIJHYlPHkKZ5zsR3cDTLuj5r3c","MIM Logistics Vadape","84VG+PJ7, Vadape","19.3442772","73.12654189999999",""
"ChIJ0YPkxFOZ5zsRguYEN6dVodA","Bharat Petroleum, Petrol Pump -Dasmesh Enterprise","BORIVALI(KUKSE) ON NH3, NH3, THANA","19.3453516","73.1365666","true"
"ChIJx8DENimY5zsRSc5iSto4XCI","C. R. Contractor & Sons- Bharat Petroleum RO","House no. 144, Gangaram Pada, near SHANGRILA RESORT AND WATERPARK, off Samruddhi Mahamarg exit, S No. 52/1, Mumbai - Nashik Expressway, Vadape","19.3445338","73.12725379999999","true"
"ChIJGWCI0MOZ5zsRAvTTovvEHMU","IndianOil Petrol Pump (Vadpa)","Lock No 11016, Agra - Mumbai Highway, Bhiwandi","19.3441455","73.1248173","true"
"ChIJEYcYtbuZ5zsRBB4f4amAC8o","Hindustan Petroleum Corporation Limited","Ground Floor, NH 3, Agra - Mumbai Highway, Bhoirpada, Thane","19.3490962","73.1439674","true"
"ChIJoTuYmNGZ5zsRUyGhpAK741I","Hindustan Petroleum Corporation Limited","Ground Floor, NH 3, Mumbai - Nashik Expressway, Bhoirgaon","19.349329","73.141967","true"
"ChIJTVShYXGZ5zsRGOtwkLXCAbM","Bharat Petroleum, Petrol Pump -Montgomery Automobiles","REHNALDI, Thane","19.3503146","73.1447234","true"
"ChIJMR_SLYaZ5zsRsznqShRcDIk","Jaimalsingh Automobilies Corporation","plot 57/11,stop bhoirpada,village vahuli,mumbai nashik highway,padgha, Bhiwandi","19.351574","73.146208","true"
"ChIJjZUmWwCZ5zsRCQjaAHm8eQs","Bharat Petroleum","2/13/A, Taloli - Padgha Road, Borivali Tarf Rahur","19.3484249","73.15888199999999","true"
"ChIJ7eW4JACZ5zsR0Ugn_MKTIUg","Dhirendra Mehta","84V4+XP6, Bhiwandi","19.3449008","73.1067637",""
"ChIJCzxkZ7qZ5zsRbr49IT3GJ1k","Shell Petrol Pump Padgha","Mumbai - Agra National Highway Vahuli, Bhiwandi","19.35471","73.152687",""
"ChIJZTHUrMOZ5zsRGw9G7QUyzy4","Bharat petrol pump","Agra - Mumbai Highway, Talavali Tarf Sonale","19.3569054","73.1565297","true"
"ChIJRVKHOPqj5zsRmyEgdeGt7wE","Vijay Petroleum","near Daya Gym, Road, Kaman","19.3559246","73.06413959999999",""
"ChIJee0e82ej5zsRtoguVP6lAgo","Bharat Petroleum Petrol Pump , SINGH FUEL SERVICE CENTRE","GUT NO 62 1 VILL VADAVALION, Bhiwandi - Wada Road, Thane","19.4153253","73.0880066","true"
"ChIJXT0JIACh5zsR7lrvFA9VZw4","Cng pump dugad fata","C3HQ+J7J, National Highway 848, Dugad Fata","19.429943","73.087147",""
"ChIJeT1i0f-h5zsRbkPCe5tZvwc","Hindustan Petroleum Corporation Limited","Survey No 31/2B, SH 35, Bhiwandi - Wada Road, Manivali, Dugad Fata","19.4298483","73.087519","true"
"ChIJV7y2W-mZ5zsRlsSgo_yTda0","Maruti Automobiles Indian Oil Petrol Pump","Arjunali","19.3590632","73.16355089999999","true"
"ChIJCbRVG3uZ5zsR-vikaINC2mE","Hindustan Petroleum Corporation Limited","Ground Floor, NH 3, Bhiwandi, Padgha","19.362833","73.16703199999999","true"
"ChIJxd2UqsaZ5zsRlRXccHEcuQs","Varshman Auto Service","Arjunali","19.3628125","73.1670625",""
"ChIJh6Yo46aZ5zsRLxuSf8uA35I","Food Mi","Borivali Road, Padgha","19.37397","73.1753412",""
"ChIJ98-2vR2b5zsRHgdxfMnZivc","Gujarat Gas Limited - CNG station","95CM+G9, Padgha","19.3715445","73.1836924","true"
"ChIJxSVH9gGb5zsRVtNsDtXbZ4A","Bharat Petroleum, Petrol Pump -BP-Padga","N H 3 PADGAH, THANA","19.3690133","73.184463","true"
"ChIJGx56miGa5zsR-28uETcK8dg","Hindustan Petroleum Corporation Limited","S No 53, near MSEB Power House, NH 3, Mumbai - Nashik Expressway, Padgha","19.3698402","73.1873039","true"
"ChIJtRH6UyKa5zsRldXBeKXnHa8","Shell","95CR+56X, Agra - Mumbai Highway, Vahuli","19.37048459999999","73.1906161",""
"ChIJUTblFACb5zsRHdcF_xr3d9c","SHRADDHA PETROLEUM DOHALE NH-3","Bhiwandi","19.37723489999999","73.2061117","true"
"ChIJKU5KXUaa5zsRnfcx4TOsPHc","IndianOil Petrol Pump (Padgha)","Lock No 11015, NH 3, Agra - Mumbai Highway, Dohalebhiwandi, Padgha","19.379167","73.21017739999999","true"