place_id,name,address,latitude,longitude,open_now
"ChIJYbVzG8_O5zsROs0OKLehEh4","Hindustan Petroleum Corporation Limited","opposite Axis Bank, Ground Floor, Shivaji Park Veer Savarkar Marg, opposite Axis Bank, Old Cadel Road, Mumbai","19.026271","72.836011","true"
"ChIJ57IDKsfO5zsRPdpbgIaRzPs","Hindustan Petroleum Corporation Limited","opposite Shree Siddhivinayak Temple, 386, Swatantryaveer Savarkar Road, Prabhadevi, Mumbai","19.0175931","72.83055399999999","true"
"ChIJ1wXm72zO5zsRi2yflxtatfY","Bharat Petroleum Corporation ltd","Police Station, near Agripada, 14A, Doctor Anandrao Nair Marg, Mumbai","18.9751859","72.8234232","true"
"ChIJWcTgKO2p5zsRVgOt7HXq1fg","IndianOil Petrol Pump (Prabhadevi)","17 Veer Savarkar Marg, Old Cadel Road, Mumbai","19.0190297","72.83117469999999","true"
"ChIJAZkSV2fO5zsRWAx-0exCgZ8","IndianOil Petrol Pump (Jacob Circle)","next to Kasturba Hospital, Sane Guruji Marg, next to Kasturba Hospital, Arthur Road, Agripada, Mumbai","18.98524129999999","72.8308533","true"
"ChIJ____v3XO5zsRevUGR3BJNss","New Kampala Service Station","Anand Arshan, next to Jaslok Hospital, opposite Doctor Houses, Doctor Gopalrao Deshmukh Marg, Mumbai","18.9724894","72.8095664","true"
"ChIJJRLGnRPO5zsRZSpJgPEs-aE","HP Petrol Pump","3, Maulana Shaukat Ali Road, Grant Road East, Khetwadi, Girgaon, Mumbai","18.9610079","72.8200425","true"
"ChIJw6XdfF_O5zsRP1An_zs3U-I","Hindustan Petroleum Corporation Limited","next to Creative Industrial Estate, Ground Floor, Sitaram Mill Compound NM Joshi Marg, next to Creative Industrial Estate, Delisle Road, Mumbai","18.988625","72.831255","true"
"ChIJif4T6Y_O5zsRlE88gIFJPlg","Bharat Petroleum Corporation ltd","near Acharya Atre Chowk, Plot No 87, Doctor Annie Besant Road, Worli Naka, Mumbai","18.9979375","72.8173077","true"
"ChIJfy7u4IXO5zsR6KxCw34IhL4","IndianOil Petrol Pump (Worli)","Ground Floor, Worli Naka, Mumbai","18.9922645","72.81442630000001","true"
"ChIJM-9VkIfO5zsRWyaKiabUzic","IndianOil Petrol Pump (Worli)","Doctor Annie Besant Road, Worli, Mumbai","18.9879776","72.8140617","true"
"ChIJYRp_u2HO5zsR-SIPi-PtDbU","Hindustan Petroleum Corporation Limited","Ground Floor, near Kishav Ravkhadhi Road, Doctor Elijah Moses Road, Mahalakshmi, Mumbai","18.9878659","72.82337369999999","true"
"ChIJOQAP7-XO5zsR6hWMTMXOY0U","Hindustan Petroleum Corporation Limited","Ground Floor, Saint Xavier Street, Parel, Mumbai","19.006042","72.8406546","true"
"ChIJX5ORQnDO5zsRRBJS0JbJ7gA","Hindustan Petroleum Corporation Limited","opposite Air Cond Market, 75, Tardeo Road, Mumbai","18.974041","72.814071","true"
"ChIJM6y9k73P5zsRDbNuSGTbYYU","Bharat Petroleum Corporation ltd","Ground Floor, near Shiv Sena Bhavan, Ash Lane, Dadar, Mumbai","19.0252863","72.8403988","true"
"ChIJ4Uj281bO5zsR29Sa8BdvCPk","Bharat Petroleum Corporation ltd","near Fire Brigade, 1st Avenue Boundary Rd, near Fire Brigade, West, Cotton Green East, Sewri, Mumbai","18.9867526","72.8438681","true"
"ChIJqVhnnc3O5zsRFHWzIn1m2BQ","Bharat Petroleum, Petrol Pump -Park Garage","opp. HINDUJA HOSPITA, MAHIM, opp. HINDUJA HOSPITA","19.0324821","72.83887399999999",""
"ChIJhR_Xmd_N5zsR5s6P3AbQuTE","IndianOil Petrol Pump (Cumballa Hill)","100, Bhulabhai Desai Marg, Breach Candy, Cumballa Hill, Mumbai","18.9655882","72.8034536","true"
"ChIJq6U0R3XO5zsRUEctNHQPm7g","IndianOil Petrol Pump (Cumballa Hill)","opposite tata Sanatorium, August Kranti Road, Cumballa Hill, Mumbai","18.9643122","72.8056601","true"
"ChIJa-FQg_rO5zsR89yGG2x-VFs","Bharat Petroleum Corporation ltd","No 142, Lamington Road, Girgaon, Mumbai","18.96465","72.81980999999999","true"
"ChIJ0S0PTdjO5zsRb0oc78ZfJS4","IndianOil Petrol Pump (Dadar)","Hindu Colony, L N Road, near Ruia College, Dadar East, Mumbai","19.0227588","72.848716","true"
"ChIJl62lu0HO5zsRBZkWg4PM7Wc","Hindustan Petroleum Corporation Limited","next to Piccadilly Flats, Ground Floor Clare Road, next to Piccadilly Flats, Chamber Lane, Byculla, Mumbai","18.9692758","72.8298389","true"
"ChIJbRjQBy3J5zsRC6WJMqst0Co","Bharat Petroleum Corporation ltd","Sitladevi Temple Road, Junction, Mahim, Mumbai","19.0352871","72.842677","true"
"ChIJJW1OAy3J5zsRFPOZkwt89-M","Hindustan Petroleum Corporation Limited","Ground Floor, near Bank of Maharashtra, Lady Jamshedji Road, Mahim, Mumbai","19.0384825","72.8421461","true"
"ChIJzzQILTDO5zsRhoAoPBrkQBA","Hindustan Petroleum Corporation Limited","No 45, HP Apartments, near Priyadarshini park, Nepean Sea Road, Mumbai","18.960543","72.801106","true"
"ChIJjT9vlkjO5zsRhqp8NbYABng","Universal Motors Bharat Petroleum Pump","Jindal Mansion, Rambhau Bhogle Marg, Thakkar Estate, Byculla, Mumbai","18.9708189","72.8407756","true"
"ChIJwS8hgC7P5zsRDSGKp2jWt18","Bharat Petroleum Corporation ltd","opposite Kings Circle, Plot No 362, Matunga East, Mumbai","19.0262752","72.85447440000002","true"
"ChIJDz9Q6RvP5zsRYjNBBo2VpMo","Petrol Pump","Eastern Freeway, Pratiksha Nagar, BPCL Terminal, Wadala, Mumbai","19.00739279999999","72.85866539999999","true"
"ChIJx6Jbt1LO5zsR12uQb4lkikM","LAXMI ENTERPRISES (BPCL)","XVJ2+5C8, Signal Hill Avenue, Brick Bunder Tank Road, Reay Road, Mumbai","18.980417","72.8510861","true"
"ChIJP81ngQnO5zsRnP8njVDKFq4","Petrol Pump","b4, Malabar Hill, Mumbai","18.9573653","72.8069685",""
"ChIJlbaelTzO5zsRvntYKJD0TLg","IndianOil Petrol Pump (Bhuleshwar)","Telephone Exchange, near Madvi, 26, Mohammed Ali Road, BP Lane, Mumbai","18.9558839","72.8325487","true"
"ChIJQTq7eD3J5zsR8eKsZccrnAM","Hindustan Petroleum Corporation Limited","near Bandra, 261, Swami Vivekananda Road, Talao, Bandra West, Mumbai","19.0578487","72.83683959999999","true"
"ChIJ1_WjVyTO5zsRwUbMpy_bwM0","Exxon","Shop no. 34/4, Devkaran Nivas, 7th Floor, Samuel Street, Issaji Street, Masjid Bandar West, Masjid Bandar, Mumbai","18.9517982","72.8360967",""
"ChIJDdigIPbJ5zsRhjHrm8XXt5U","Bharat Petroleum, Petrol Pump -New Bombay Auto Supply Co","3R6P+H8H, near Bharat petrol pump, PLOT NO.241, Linking Road, Bandra West, Mumbai","19.0615906","72.8356968","true"
"ChIJw6YqpC_O5zsRmEksGEY2_5Q","BPCL Petrol Pump - Varma Automobiles","85, P D'Mello Road, East, Masjid Bandar, Mumbai","18.9529047","72.8417857","true"
"ChIJRSsboCbO5zsRgi2fslIRmnE","Bharat Petroleum Corporation ltd","Mohammed Ali Road, Carnac Road, Mumbai","18.9487978","72.83521","true"
"ChIJdWKoEy_O5zsR4sM83fnVWWA","Hindustan Petroleum Corporation Limited","opposite vyapar bhawan, 95, P D'Mello Road, Carnac Bunder, East, Masjid Bandar, Mumbai","18.9513763","72.84150749999999","true"
"ChIJbU3taB7O5zsRETQqIptpdMI","IndianOil Petrol Pump (Marine Lines)","A & B, Plot No 100, Netaji Subhash Chandra Road, Mumbai","18.9440219","72.8231823","true"
"ChIJ946WC87I5zsRjr08UupDoik","Bharat Petroleum Corporation ltd","next to SBI, No 30, Sion Circle, Sion, Mumbai","19.0433863","72.8639346","true"
"ChIJ946WC87I5zsRqTWk_N7DbwE","HP Petrol Pump & CNG Filling Station","Sion Circle, 90-91, Sion - Trombay Road, Next to, Mumbai","19.0437794","72.8646323","true"
"ChIJIckziUrP5zsR0P5SXRoctwE","IndianOil Petrol Pump (Sion)","near Wadala RTO, Anik Wadala Link Road, near Wadala RTO, Salt Pan Road, Phase 1, Wadala Truck Terminal, Mumbai","19.0362606","72.8762429","true"
"ChIJtxRJfZrO5zsR-cd4lYOOh9A","Hindustan Petroleum Corporation Limited","opposite Poddar Hospital, 233, Doctor Annie Besant Road, Worli, Mumbai","19.0016263","72.8153947","true"
"ChIJXXWMg5DO5zsRnaTLf1s_W88","Super Service Station","20, Sir Pochkhanawala Road, Worli Police Camp, Worli Sea Face, Worli, Mumbai","19.0021359","72.8164437","true"
"ChIJZaGWc5DO5zsRf4fiZN_2Ycs","Hindustan Petroleum Corporation Limited","near BDD Chawls Worli, No 183/A, Doctor Annie Besant Road, Worli Naka, Mumbai","19.0005126","72.8165309","true"
"ChIJxwAw-ILP5zsRWAFaBqjPqsg","Mahanagar CNG Pump","167, 2nd Floor, READY MONEY TERRACE, 2nd Flr, Doctor Annie Besant Road, Worli Naka, Bhim Nagar, Worli, Mumbai","18.99797019999999","72.81741330000001",""
"ChIJKaU5fwDP5zsRQFDrcQhk7Ug","Worli way PUC center","XRW9+X2P, Worli Naka, Siddharth Nagar, Worli, Mumbai","18.99746919999999","72.8175748",""
"ChIJAew85L3O5zsRFca7PHNPCu0","Ravi Auto Services","271, Doctor Annie Besant Road, Worli, Mumbai","19.0110433","72.82051899999999",""
"ChIJ44lxCgDP5zsR5bm9zVg0PDQ","Cng pump","Raheja Artesia, Worli, Mumbai","19.0080618","72.8222217",""
"ChIJtQ-heovP5zsRLRu7BfLoLdI","Aarya Group Of Companies","Kalpataru Tower, Plot No. 1264, Koliwada Road, Sion West, Sion, Mumbai","19.0198433","72.81854059999999","true"
"ChIJHXoqM23P5zsRhDirm2TEh88","Mahanagar Gas CNG Station","XRQF+48V, Worli, Mumbai","18.987866","72.823288",""
"ChIJibWsdtLP5zsRGQ9aRlX1RPs","Bharat Petroleum Corporation ltd","next to Haji Ali, Ground Floor, next to Haji Ali, Haji Ali, Police Station, Mumbai","18.97802","72.81078509999999","true"
"ChIJD_FeSwDP5zsRjFqJihE17Yk","Haji Ali cng pump","XRH6+45H, Haji Ali, Mumbai","18.9778192","72.8104819","true"
"ChIJ9WaDJvDO5zsR1kymEo1Xwns","IndianOil Petrol Pump (Parel)","near Central Railway Workshop, 206, Doctor Babasaheb Ambedkar Road, Best Staff Colony, Parel East, Mumbai","19.00051449999999","72.8376794","true"
"ChIJ93eQ-PDO5zsRt72F8paZ8F0","Hindustan Petroleum Corporation Limited","288, Doctor Babasaheb Ambedkar Road, Parel, Mumbai","18.9978252","72.8372225","true"
"ChIJVa6cdSDO5zsRd_rl1TGA3Rc","Hindustan Petroleum Corporation Limited","Ground Floor, Pedder Road, opposite Mahalaxmi Temple, junction, Bhulabhai Desai Marg, Breach Candy, Mumbai","18.9762055","72.8087567","true"
"ChIJc2p2-F7O5zsRTAxr_lcyjlk","Mahanagar Gas CNG Station","Jacob Circle, Mumbai","18.9852096","72.8309247",""
"ChIJvYnyI_bO5zsRsXTWuzodrTY","Hindustan Petroleum Corporation Limited","Ground Floor, Mill Chawl, opposite Digvijay, Doctor Babasaheb Ambedkar Road, Lal Baug, Mumbai","18.9895399","72.8355449","true"
"ChIJTZdNHdXP5zsRmGzKZobfryw","Bharat Petroleum, Petrol Pump -Kausar Auto Service","Sane Guruji Marg, Agripada, Mumbai","18.9792268","72.8247707","true"
"ChIJkUxmm17P5zsRM-52UOcJE-Y","Petrol Pump","2R5R+GG9, Doctor Babasaheb Ambedkar Road, Gautam Nagar, Mumbai","19.0087822","72.841292","true"
"ChIJbyFMzFDP5zsRiII7Eexy7hg","National Petrol Company BPCL Petrol pump with CNG","Gokhale Road, Dadar West, Dadar, Mumbai","19.0215049","72.8372741","true"
"ChIJw9ULoRbP5zsRL5vmET2FQKQ","Mumbai Lpg Teritary","BPCL Refinery, 4Th Floor Admin Building, Mahul Road, Chembur, Mumbai","19.0381814","72.89495099999999",""
"ChIJD-USQkvP5zsRZXoFSwJEIew","Mahanagar Gas CNG Station","Sewri - Chembur Road, Trombay Indusrial Area, Chembur, Mumbai","19.0472131","72.8785042","true"
"ChIJsS_826XI5zsRSs057BEhaB8","Hindustan Petroleum Corporation Limited","Ground Floor, near Akbarallys Showroom, Chembur, Mumbai","19.05385489999999","72.8924725","true"
"ChIJQx3jPAPG5zsRE5AlxiIc51c","Bharat Petroleum Corporation ltd","near Fire Brigade, Sion - Trombay Road, Chembur, Mumbai","19.0538876","72.8934072","true"
"ChIJ2-RriAnG5zsRbb1I5Ai3Zw0","IndianOil Petrol Pump (Chembur)","opposite Telecom Factory Road, Sion - Trombay Road, Deonar, Mumbai","19.0448012","72.91640389999999","true"
"ChIJY2zQgQnG5zsR7-Ud7YRdmQA","Hindustan Petroleum Corporation Limited","Ground Floor, near Telecom Factory Road, Sion - Trombay Road, Deonar, Mumbai","19.0453907","72.9163617","true"
"ChIJdbOFvMLI5zsR6sHuQdvhv-M","IndianOil","No C/67, Block G, BN Bhavan, Mumbai","19.06017469999999","72.8646732",""
"ChIJR3rFLevI5zsRorlcY89Ds2s","Hindustan Petroleum Corporation Limited","Ground Floor, Agra Road, Kurla, Mumbai","19.0654266","72.87477319999999","true"
"ChIJ462BXubI5zsR38lf420VTIA","Hindustan Petroleum Corporation Limited","near ICICI Bank North Tower, Bandra Kurla Complex, Bandra East, Mumbai","19.064691","72.86083099999999","true"
"ChIJm-oQLOnI5zsRr064RNuukZY","Mahanagar Gas CNG Station","4-5012, Trident Road, G Block BKC, Bandra Kurla Complex, Bandra East, Mumbai","19.0665031","72.8667724",""
"ChIJCzC38iDG5zsRewr1lUi0Fq0","Hindustan Petroleum Corporation Limited","near Amar Mahal, Plot No 76/77, Ghatkopar - Mahul Road, Tilak Nagar, Kurla, Mumbai","19.0677663","72.90025229999999","true"
"ChIJ_VMh3ybG5zsR-iq03PVixVA","IndianOil Petrol Pump (Ghatkopar East)","near Shoppers Stop, Ghatkopar - Mahul Road, Tilak Nagar, Kurla, Mumbai","19.0713319","72.901777","true"
"ChIJH4o9RSjJ5zsRZyiV44uA8fE","Bharat Petroleum Corporation ltd","near MUMBAI UNIVERSITY, SG Barve Marg Santacruz, near MUMBAI UNIVERSITY, Campus, Mumbai","19.0723068","72.8567173","true"
"ChIJFyT9XxzP5zsRPRawiUDdjpM","Hindustan Petroleum Corporation Limited","Ground Floor, opposite Bombay Port Trust Road, 6, East, Sewri, Mumbai","19.0054988","72.8559904","true"
"ChIJKTsTpgPP5zsR86fJAFnP1oc","Indian Oil T2","XVX4+P4G, MPT, Sewri, Mumbai","18.99932189999999","72.855329",""
"ChIJAZO7jpfP5zsRcSldgql7HLU","Bharat Petroleum Corporation ltd","Plot No 44, near Ajhad Nagar, R.A. Kidwai Marg, Wadala West, Wadala, Mumbai","19.0140981","72.8553499","true"
"ChIJP4rXIOnF5zsRyZLj-nJYFnQ","Hindustan Petroleum Corporation Limited","Ground Floor, Mahul, Mumbai","19.0114601","72.9014401","true"
"ChIJHUm3Sz_P5zsRAUYjXEepQmA","Bharat Petroleum Corporation ltd","Ground Floor, behind C Installation, Messent Road, Mumbai","18.9953427","72.8539487","true"
"ChIJC2B9m0nP5zsRDnkmEdRX8xM","IndianOil Petrol Pump (Sion)","opposite Bhakti Park, Survey No 8, DP Road, 120 Ft Road, opposite Bhakti Park, Wadala - Chembur Road, Phase 1, Wadala Truck Terminal, Mumbai","19.0323592","72.8777606","true"
"ChIJ6yJQVTbP5zsRaYVGPsyfjPc","Bharat Petroleum Corporation ltd","No 3, opposite Kohinoor Mills, R G Gadkari Chowk, Dadar, Shivaji Park, Mumbai","19.016168","72.851879","true"
"ChIJaSQbpv3O5zsRZ7XxFOll8nw","Bharat Petroleum Corporation ltd","Acharya Donde Marg, Sewri, Mumbai","18.9988169","72.84937049999999","true"
"ChIJQxUtoUrP5zsRL2t4Oqka0wI","Mahanagar Gas CNG Station","64, R.A. Kidwai Marg, Matunga East, Mumbai","19.0284985","72.8580766","true"
"ChIJMzzHjbzP5zsRoHY-fa4FE2Y","Hindustan Petroleum Corporation Limited","Ground Floor, Kings Circle, Mumbai","19.0285017","72.85806219999999","true"
"ChIJ9XL7MHDP5zsRjSyIF4BLZgs","Bharat Petroleum, Petrol Pump -Bajrang Auto Service Adhoc","behind C' INSTLN, SEWREE, Mumbai","18.9889206","72.8525824","true"
"ChIJwS8hgC7P5zsR8aIYwxVsNok","IndianOil Petrol Pump (Sion)","292, Kommrade Harbanslal Marg Koliwada, Marg, Sion East, Mumbai","19.0315163","72.860154","true"
"ChIJOQnDGZnD5zsRYE05j26nfcU","Hindustan Petroleum Corporation Limited","Plot No 2 Palm Beach Road, Nerul, Sector 44, Seawoods, Navi Mumbai","19.01329549999999","73.01347109999999","true"
"ChIJGSOtCfrF5zsRh8MbDBdniDM","H P 31","2WJ4+576, HP Nagar, Chembur, Mumbai","19.0304006","72.9056415",""
"ChIJYSchRADH5zsRN7AATdm8JKk","CNG Pump","46, VN Purav Marg, Saras Baug Colony, Anushakti Colony, Anushakti Nagar, Mumbai","19.0446049","72.91642809999999",""
"ChIJT7brhQnG5zsR4b2WL1oTlxE","Hindustan Petroleum Corporation Limited","Ground Floor, Punjab Wadi, opposite Telecom Factory Road, Sion - Trombay Road, Deonar, Mumbai","19.0448354","72.9162468","true"
"ChIJrx75GwnG5zsRRibc4_Mp_SU","Hement Karkare CNG Station","CTS 315D, BS Devashi Marg, Patil Wadi, Govandi East, Mumbai","19.0464637","72.91395539999999",""
"ChIJ_-mhVADH5zsR3Sx_PIovX_I","Naseem khan","Panjarapol, Kolwada Borla Road, Union Park, Chembur, Mumbai","19.046","72.907917",""
"ChIJB2PsfVbP5zsRQixzVprFMK0","Hindustan Petroleum Corporation Limited","Ground Floor, RC, near Bharat Petroleum Monorail Station, Mahul Road, Vasi Naka, Chembur, Mumbai","19.0346736","72.89589520000001","true"
"ChIJQ3T-dADH5zsRpv_n_EIdY_c","Mahanagar Gas","113, Waman Tukaram Patil Marg, Ghatla, Chembur, Mumbai","19.0505471","72.9103958",""
"ChIJnRxd3ffH5zsRmW_2eMFIc1o","Savariya Petroleum","Plot No 16, Mumbai","19.0617829","72.9263867",""
"ChIJacqPCwDH5zsRFEw6e4hxUvM","Excel Gas Service Godown","3W25+Q57, Ghatla, Chembur, Mumbai","19.0519017","72.9079261",""
"ChIJFTlN7FTP5zsRrgEKqS6ZoFs","IndianOil Petrol Pump (Chembur)","opposite Ashish Cinema, Mahul Road, FCI, Chembur, Mumbai","19.0388045","72.89457809999999","true"
"ChIJjYF_TwDF5zsRPav4zY-En9U","JD Metering Station ONGC","XW64+63, Navi Mumbai","18.9606158","72.9051444",""
"ChIJ4dBORKrH5zsRtvEMRAd4bEU","Petrol Pump","No D, Shop No 5 Line, 8, Govandi Road, Mumbai","19.0636738","72.92625199999999",""
"ChIJHb4q9xDJ5zsR5scM73dgn_A","Bharat Petroleum Corporation ltd","Plot No, opposite K Star Mall, 2, VN Purav Marg, Chembur, Mumbai","19.0516801","72.902666","true"
"ChIJ13a7ZADD5zsRR_kxoL9XB5o","HP petrol pump Sector 44","2277+79G, Sector 44, Seawoods, Navi Mumbai","19.0131934","73.0134432",""
"ChIJea1qCqvI5zsRC-UtaOIDU0c","Vinayak Gas Service","No 4, Nityanand Baug Road, Chembur Colony, RCF Colony, Chembur, Mumbai","19.043497","72.89465299999999","true"
"ChIJq6x05FTH5zsRvE00sSZwaO0","Jio-bp pulse","Ground Floor, Bus Depot, near Shivaji Nagar, Nirankar Nagar, Mumbai","19.0662069","72.9285609","true"
"ChIJ2ZcU3wLG5zsREMZrGnxtbVw","Bharat Petroleum Corporation ltd","near Diamond Garden, Plot No 305, Sion - Trombay Road, Chembur, Mumbai","19.0516972","72.901466","true"
"ChIJiRVQsqXH5zsRQfYU2aoo0B8","H P Gas","Saibaba Mandir, Govandi Slums, Gajanand Colony, Lotus Colony, Shivaji Nagar, Mumbai","19.0652146","72.9197009",""
"ChIJU-AlNm_H5zsRKZLhLguTJLA","IndianOil Petrol Pump (Shivaji Nagar)","Plot No A/3, CTS No 1 TF Donar, Govandi, Borla, Chedda Nagar, Mumbai","19.0636465","72.91347619999999","true"
"ChIJ_xyPSwjP5zsRx4Dhib3RmP0","IndianOil","Building No. 17, Veer Savarkar Marg, Cadell Rd, Prabhadevi, Mumbai","19.0635597","72.9106924","true"
"ChIJ0Y8lLZPD5zsR5zsh436cA_8","Mahanagar Gas CNG Station","20, Sector 6, Sarsole, Navi Mumbai","19.0428038","73.00866669999999","true"
"ChIJjWyVMWPB5zsR-a4jdEDIbSs","Bharat Petroleum Corporation ltd","Palm Beach Road, Nerul, Mumbai","19.0429886","73.0088322","true"
"ChIJD187SOjD5zsRA5fWFRd6x3I","Om Gas Agency","Shope No 34, Hatole Gaothan, Sector 10, Nerul, Thane","19.0383491","73.0153546","true"
"ChIJlfsya6bJ5zsRwAf2-UdVelw","Hindustan Petroleum Corporation Limited","Ground Floor, opposite Khira Nagar, Swami Vivekananda Road, Santacruz, Mumbai, Mumbai","19.0859439","72.83825039999999","true"
"ChIJ9WviwKXJ5zsRI60Xn164eNs","Bharat Petroleum Corporation ltd","Plot No 2, next to Reliacne Mall, TPS 5, Khira Compound, Santacruz (West), Mumbai","19.0882759","72.8379808","true"
"ChIJWR4bqrDJ5zsRCtg-7-Wg7OQ","Hindustan Petroleum Corporation Limited","near Nanavati Hospital, 97, Swami Vivekananda Road, Vile Parle West, Mumbai","19.0975518","72.83970380000001","true"
"ChIJsTEOTr_J5zsRxqjrXKX0Wj0","Hindustan Petroleum Corporation Limited","Ground Floor, JVPD Scheme, Mumbai","19.1031287","72.8334117","true"
"ChIJB0VY6uHJ5zsR14dRE0tehkA","Vikram Auto Services ( Petrol Pump, 24 HRS CNG filling and Car Service Station)","Balasaheb Sawant Road, Juhu Versova Link Road, Four Bungalows, Andheri West, Mumbai","19.1247368","72.8234496","true"
"ChIJLd82c-bJ5zsRXtL-yjUeOHw","Bharat Petroleum - Prakash Automobiles","Bus Depot, Bus Depot Mhatre Road, near New JVPD, Circle, Juhu, Mumbai","19.1164436","72.82879009999999",""
"ChIJj1aIhMjJ5zsRZlI74zB3IHA","Hindustan Petroleum Corporation Limited","near Prime Mall, No 133, Swami Vivekananda Road, Irla, Vile Parle West, Mumbai","19.1079024","72.8400891","true"
"ChIJe1NiqFLI5zsRgoTYkAuaauc","IndianOil Petrol Pump (Vile Parle)","near Domestic Airport, Western Express Highway, Vile Parle, Mumbai","19.0963107","72.852841","true"
"ChIJfe1ODM_J5zsRPfYimagl1zI","Bharat Petroleum Corporation ltd","near Andheri Fire Brigade, Swami Vivekananda Road, Irla Signal, Bharucha Baug, Andheri West, Mumbai","19.11265","72.84147","true"
"ChIJv4QBlSC25zsRlnCRL1AFzjM","Hindustan Petroleum Corporation Limited","Ground Floor JP Road, Versova - Ghatkopar, Andheri West, Andheri","19.1281095","72.8322646","true"
"ChIJ3x2pqDHI5zsRhZ5LnAWduEM","Hindustan Petroleum Corporation Limited","Chakala Complex, Ground, opposite Holy Family Church, Andheri - Kurla Road, Andheri East, Mumbai","19.1146348","72.8596331","true"
"ChIJYR5940XI5zsRY251GuPZu28","Indian Oil Petrol Pump And CNG Gas Station ICARPORT","Chhatrapati Shivaji Maharaj International Airport Road, Navpada, Vile Parle East, Vile Parle, Mumbai","19.1028185","72.8738832","true"
"ChIJb41B9JXJ5zsR22MyyPEcXa0","IndianOil Petrol Pump (Juhu)","Juhu Tara Road, Juhu, Mumbai","19.1038641","72.8269044","true"
"ChIJg0mbKzy25zsRTP3yVO01zP4","IndianOil Petrol Pump (Andheri West)","Oshiwara Mandapeshwar, Jogeshwari West, Mumbai","19.1432913","72.8309932","true"
"ChIJ97X83qXJ5zsRXn9-SM_lzXA","Doss Petroleum Products","B-4/2, S V Road, Santacruz (w, Khira Nagar, Mumbai","19.0872442","72.8380251",""
"ChIJ9QU9TBbJ5zsRmW3qEX1BlDA","TITAN","VN Sphere Mall, 199, Linking Road, Bandra West, Mumbai","19.0600585","72.8364643",""
"ChIJf9KjMxbJ5zsRB1ncVtbOd7g","Hindustan Petroleum Corporation Limited","Ground Floor, opposite PC Chandra Jewellers, Bandra West, Mumbai","19.059276","72.8365338","true"
"ChIJw_6hJADJ5zsR4SMQ-2nYhSs","MOLTOM","West Building, Swami Vivekananda Road, Bandra West, Mumbai","19.0592988","72.8365586",""
"ChIJsVpIfz3J5zsR6l_NSFCB3q8","Mahanagar Gas CNG Station","261, Swami Vivekananda Road, Bandra West, Mumbai","19.0578798","72.8368611",""
"ChIJ2bls07bJ5zsReYHEMtc-yM8","Asad Tech","Santacruz East, Mumbai","19.0738219","72.8425445","true"
"ChIJSeBbCgDJ5zsR6tDyxy4xiRU","Juhu Tara Road opposite Mahesh lunch home","4R3G+JR2, Juhu Tara, Juhu, Mumbai","19.1040072","72.827015",""
"ChIJP635_DzJ5zsRy7WL7yf4wIA","Hindustan Petroleum Corporation Limited","239, Swami Vivekananda Road, Bandra West, Mumbai","19.0552247","72.8373787","true"
"ChIJexyYMz3J5zsRcspwGS5DiQA","Indian Petroleum","3R4Q+JR2, 4/9,Municipal Building, G.K.Marg,Lower Parel (west), Turner Road, Patkar Blocks, Bandra West, Mumbai","19.056572","72.8395022",""
"ChIJbRHxSdLJ5zsRHlKi9XxaBIQ","Hindustan Petroleum Corporation Limited","opposite Lucky Hotel, 267, Swami Vivekananda Road, Bandra West, Mumbai","19.053561","72.837966","true"
"ChIJY_ePM8DJ5zsR-QnYXjqhr7U","Bharat Petroleum Corporation ltd","SV Road Junction of, Hill Road, Bandra West, Mumbai","19.0536633","72.8380818","true"
"ChIJCXEBNLfJ5zsRgDmUxWxWesg","IndianOil Petrol Pump (Vile Parle West)","opposite Nanavati Super Specialty Hospital, 18, Swami Vivekananda Road, Vile Parle West, Mumbai","19.097016","72.839367","true"
"ChIJMSK9LqDJ5zsRrlNVjbfVfF0","IndianOil Petrol Pump (Bandra West)","Bandra Causeway, Bandra West, Mumbai","19.0515228","72.8379966","true"
"ChIJpzK0y0PJ5zsRDJYPaFRIb3Y","IndianOil Petrol Pump (Vile Parle West)","398 Swami Vivekanand Road, Vile Parle, Juhu, Mumbai","19.1007946","72.83925599999999","true"
"ChIJEVb107nJ5zsRkDPfJsXprpQ","ARINA AUTO GARAGE","383, Swami Vivekananda Road, LIC Colony, Suresh Colony, Vile Parle West, Mumbai","19.1012725","72.8393622",""
"ChIJO0WcjzXJ5zsRt-QiskCCfxY","MAFFFL Mumbai Aviation Fuel Farm Facility Pvt Ltd.","3VR2+R7C, Marble Market, Navpada, Vile Parle East, Vile Parle, Mumbai","19.0920576","72.8506482",""
"ChIJ5aYPRHPJ5zsREWYHmjGpc_U","Adarsh Service Station","3VW2+V8M, Nehru Road, Mumbai","19.097221","72.85078539999999","true"
"ChIJ_xWh_ObI5zsRP1lIlc_P1yc","Mahanagar Gas CNG Station","Bandra Kurla Complex Road, G Block BKC, Bharat Nagar, Bandra East, Mumbai","19.0642234","72.8600738","true"
"ChIJYfz0Hy3J5zsRrRi0HXODkC4","HP PETROL PUMP HIND AUTO and cng station","52, Lady Jamshedji Road, Mahim West, Mumbai","19.0368258","72.84212149999999","true"
"ChIJjVfT2l3J5zsRVrcWCQn_SjM","Petrol pump nitrohen","FORTUNE-2000, Bandra Kurla Complex Road, G Block BKC, Bandra Kurla Complex, Bandra East, Mumbai","19.0616788","72.85982059999999",""
"ChIJ8wQnWgDJ5zsRCdezKk83TWc","Lakhbir Automobiles","3VC7+92C, Central Salsette Tramway Road, Kolivery Village, Kunchi Kurve Nagar, Kalina, Santacruz East, Mumbai","19.07093769999999","72.8625156","true"
"ChIJm7StP_LJ5zsR7jjhwnoFS3w","Sufiya Enterprises","199, Ansari Mohalla sty, nr. Sagar City, Vitthalbhai Patel Road, Andheri West, Mumbai","19.1184529","72.8396085",""
"ChIJ3ejypinJ5zsR-2fzLzDRe9Y","Akil Oil Company","Saniaullah compund Dharavi, Mumbai","19.0445173","72.8518454","true"
"ChIJ1QzG69HJ5zsRfS0Q-uwGWK0","Mahanagar Gas CNG Station","169, Swami Vivekananda Road, Zalawad Nagar, Shree Ram Nagar, Andheri West, Mumbai","19.1173852","72.8443807","true"
"ChIJEST7-JHJ5zsR0Q2E6O6Uz3c","Hindustan Petroleum Corporation Limited","Ground Floor, opposite Bank Of India, Swami Vivekananda Road, Andheri West, Mumbai","19.1174569","72.844398","true"
"ChIJ08q7uH7J5zsRaPVjqg8YCRY","BPCL Petrol Pump","C-32, G Block BKC, Bandra Kurla Complex, Bandra East, Mumbai","19.0594569","72.86239599999999",""
"ChIJl7hX6KPJ5zsR9wyTl_y_f5g","IndianOil Petrol Pump (Mahim)","No 424/B, Senapati Bapat Marg, Kapad Bazar, Mahim, Mumbai","19.0366354","72.84741129999999","true"
"ChIJQZ6McGbJ5zsRDK2aHuNDDxc","Bharat Petroleum, Petrol Pump -Madhav Motorstores Pvt.Ltd.A/Candhe","Swami Vivekananda Road, Andheri West, Mumbai","19.1180898","72.8450431","true"
"ChIJSaNtPIjI5zsR_ZXbe4pqqS4","Hindustan Petroleum Corporation Limited","Ground Floor, near Phoenix Market City, Agra - Mumbai Highway, Kurla West, Mumbai","19.0848371","72.8851948","true"
"ChIJBdfkmoDI5zsRs3ygbA7QgMs","Hindustan Petroleum Corporation Limited","Ground Floor, Kerawala Estate Agra Road, Lal Bahadur Shastri Marg, Ghatkopar West, Mumbai","19.0860454","72.8950107","true"
"ChIJ87tx1M3H5zsR875hVRXztSU","Hindustan Petroleum Corporation Limited","No B, 6, Lal Bahadur Shastri Marg, Ghatkopar West, Mumbai","19.0939579","72.9132956","true"
"ChIJ2yfwv87H5zsRYwyBVuoXL6I","Bharat Petroleum Corporation ltd","Lal Bahadur Shastri Marg, Ghatkopar East, Mumbai","19.09568","72.9151","true"
"ChIJI1CjtMfH5zsReHZV7RXOn_E","IndianOil Petrol Pump (Vikhroli West)","opposite Godrej & Company, LBS Marg, opposite Godrej & Company, Agra - Mumbai Highway, Vikhroli West, Mumbai","19.1023956","72.9195445","true"
"ChIJXQyHJN635zsRfse7uLl8ph8","Bharat Petroleum Corporation ltd","opposite Mata Sitala, Survey No 9, CTS 1 D Vadavali, opposite Mata Sitala, Andheri East, Mumbai","19.134701","72.874658","true"
"ChIJXQyHJN635zsRplgkK1ktsSQ","IndianOil Petrol Pump (Jogeshwari East)","Bus Depot, opposite Majas, Jogeshwari - Vikhroli Link Road, Jogeshwari East, Mumbai","19.1394113","72.8648853","true"
"ChIJ7Yto-YvJ5zsRt-l0AdbFbtA","Nwabganj Bhgaoti Pur","b, wing green, West View Society Road, Friends Colony, Babhai Naka, Borivali West, Mumbai","19.075983","72.87765499999999","false"
"ChIJHVI0A43I5zsRjtkXg3Tx8Us","Hindustan Petroleum Corporation Limited","near Best Depot, Ground Floor CST Road, near Best Depot, Lal Bahadur Shastri Marg, Kurla West, Mumbai","19.0761805","72.87734449999999","true"
"ChIJg6zh6aTJ5zsRSIFY8j307AI","Tawab & Group","A/5 Kismat Nagar CST Road, Near, kanakia Zillion, Kurla West, Mumbai","19.0766659","72.8766236","false"
"ChIJ_-9s1xvJ5zsRUgYDlzncABY","M B PETROLEUM","maqsood estate, opposite kalpana cinema, D - 8, pathanwadi lane, Kismat Nagar, Mumbai","19.077396","72.8770968","true"
"ChIJyUo6aozI5zsRpQx-CDuwEO4","Hindustan Petroleum Baxis Singh and Co.","next to Kalpana Cinema Hall, Lal Bahadur Shastri Road, next to Kalpana Cinema Hall, Mumbai - Agra National Highway, Friends Colony, Kurla West, Kurla, Mumbai","19.0775699","72.8792201","true"
"ChIJg72tAo3I5zsRgenMBkRxgJM","HP PETROL PUMP - MUMBAI TAXI ASSC.","3VHH+5PR, near C S T, Chunabhatti BEST Bus Depot Road, Vrindavan, Kurla West, Sion, Mumbai","19.0779922","72.8792751","true"
"ChIJa68gXOTJ5zsROZ54sE0kSpg","Hindustan Petroleum Corporation Limited","Ground Floor Agra Road, Lal Bahadur Shastri Marg, Kurla, Mumbai","19.07822359999999","72.8792976","true"
"ChIJJzxEyvfJ5zsRsK8wQNS9Hz8","Mishra communication","05, Nolasapara, Mumbai","19.0772342","72.87254949999999","true"
"ChIJk_POXYnI5zsRppdGQ6M5hO8","Mumbai Taxi Association Petrol Pump (Hindustan Petroleum)","Bus Depot, Mumbai Taxi Association Co Operative Society Ltd, near Kurla, Lal Bahadur Shastri Marg, Kurla West, Mumbai","19.0809832","72.8815144",""
"ChIJd5HxNP3J5zsRAZ4Mk0zuMFI","AMAANI GROUP","3VJJ+9M3, Lal Bahadur Shastri Marg, Bail Bajar, Kurla, Mumbai","19.0808838","72.881667",""
"ChIJEfSS0-zI5zsRRvyUx4wFZhc","Asha Auto Service and Fuel","Lal Bahadur Shastri Marg, Kurla, Mumbai","19.0700359","72.874912","true"
"ChIJAYNXnOLJ5zsR3hRxRvI7REw","IndianOil Petrol Pump (Kurla West)","opposite Equinoh, 142, Lal Bahadur Shastri Marg, Kurla West, Mumbai","19.0699833","72.8746713","true"
"ChIJA2u4nzbJ5zsRwKaRueZmhIM","SAISH AUTO","Lal Bahadur Shastri Marg, Kurla, Mumbai","19.0694536","72.8752799",""
"ChIJi9SnBkTJ5zsRx2Ax6qQlx80","Arti Petroleum Private Limited","Unit No:124, AB, Andheri - Kurla Road, Saki Naka, Mumbai","19.0845036","72.8800109",""
"ChIJH9fhDjfB5zsRKw0GuMKUogA","IndianOil Petrol Pump (Vashi)","Plot No F, 1, Sector 19 Vashi Road, Sanpada, Navi Mumbai","19.077278","73.003171","true"
"ChIJfZEa1NHA5zsRvAQPnrZhvU8","IndianOil Petrol Pump (Kopar Khairane)","Plot No 10, 11, Kopar Khairane Road, Sector 20, Kopar Khairane, Navi Mumbai","19.108111","73.001801","true"
"ChIJVfWI6SfB5zsResflTrwkxiQ","Bharat Petroleum Corporation ltd","plot no 6, Sector 13, Kopar Khairane, Navi Mumbai","19.0959499","73.00605039999999","true"
"ChIJC-FRNULB5zsRPIGiXUjpCJo","Bharat Petroleum Corporation ltd","near HDFC Bank ATM, Plot No 17 & 18, near HDFC Bank ATM, Turbhe Road, Navi Mumbai","19.0678311","73.01434379999999","true"
"ChIJq8zX9na45zsRPhC_KuR23dA","Hindustan Petroleum Corporation Limited","Ground Floor, opposite Jai Hind Oil Mills, Lal Bahadur Shastri Marg, Bhandup West, Mumbai","19.1396151","72.9309356","true"
"ChIJDftdDtvA5zsRGEwBvB-EXnI","Hindustan Petroleum Corporation Limited","Plot No 8 Vashi, Sector 4A, Kopar Khairane, Navi Mumbai","19.106731","73.00907099999999","true"
"ChIJ2V5Q2rXA5zsRZijimo2g8YE","NIRU CNG STATION","Shakti Developers, Sector 8, Jijamata Nagar, Ghansoli, Navi Mumbai","19.1216428","72.9988403","true"
"ChIJM1oruHC45zsRMsciKVEaCxk","Bharat Petroleum Corporation ltd","Janta Market, near Neptune Magnet Mall, Agra Road, Bhandup West, Mumbai","19.1429679","72.9330401","true"
"ChIJAQAAAFzB5zsRQuzzQiLq0Uk","Bharat Petroleum Corporation ltd","near Gondevi, Plot No 17 Juinagar, Sanpada, near Gondevi, Sector 24, Chowk, Mumbai","19.0493927","73.0173459","true"
"ChIJlftsR4TH5zsRamLYnHk8LDE","Samyak Hp Gas Services","Shop no 1, Vasant Rao Naik Road, Ghatkopar, Ramabai Ambedkar Nagar, Mumbai","19.0783926","72.9164375",""
"ChIJhfTfXRnH5zsRSkujU9Ys1GA","Police Fuel Station Bharat Petroleum","opposite Ramabai Nagar, Eastern Express Highway, Pant Nagar, Railway Police Colony, Ghatkopar East, Mumbai","19.0795448","72.9164627",""
"ChIJZToCfpbH5zsRVhgCTaRu15g","Bharat gas","3WH6+C3J, Ghatkopar East, Mumbai","19.0785988","72.91014559999999",""
"ChIJ3SA6scfH5zsRE5P7q8XE7sA","IndianOil","TALUKA-KURLA, Vikhroli West, Mumbai","19.1024466","72.9199649",""
"ChIJU1WHpaTH5zsRUfSbNhmq7A4","Hindustan Petroleum Corporation Limited","near Railway Station, Ground Floor LBS Marg, near Railway Station, Agra - Mumbai Highway, Vikhroli East, Mumbai","19.1104477","72.925591","true"
"ChIJ6eeIfgDH5zsRO8nZJjLP0YA","Ravi Petrol pump","Amar Mahal, Ghatkopar - Mahul Road, Mumbai","19.0714044","72.9018741",""
"ChIJ6bi_f1XH5zsRlB7EA-aGfds","Alfa Oil","Shop No.3, Vikhroli Park Site, Anangarh, Mumbai","19.1071313","72.9143796",""
"ChIJ3xjGmMPJ5zsRVPsvDkhbL_o","Bharat Petroleum Corporation ltd","Ground Floor, Ghatkopar - Mahul Road, Chembur, Mumbai","19.0701058","72.9011226","true"
"ChIJ7RXZNQvH5zsRcFdW38KNnZg","IndianOil","AB Road, Ghatkopar, Chirag Nagar, Ghatkopar West, Mumbai","19.0871001","72.89971109999999","true"
"ChIJDydlgdXH5zsRxVpIdqbA3qE","Sagar Oil Center","3VRX+3MJ, Chirag Nagar, Ghatkopar West, Mumbai","19.090224","72.89914100000001","true"
"ChIJTcfLB4DI5zsRGCcfYZb4Fuc","H M VULCANIZING WORKS","Porbandarwala Chawl, 7, Dharamveer Sambhaji Marg, Chirag Nagar, Ghatkopar West, Mumbai","19.0868642","72.898145",""
"ChIJXc0xyX_I5zsRxjH-SBSk3ck","Green Fuels Gas System","3, Narayan Nagar Road, Narayan Nagar, Ghatkopar West, Mumbai","19.0879681","72.8963581",""
"ChIJuQ0WyX_I5zsRLgN-cUWB04U","Jai Bajrang Oil Depot","2, Narayan Nagar Road, Narayan Nagar, Ghatkopar West, Mumbai","19.0880275","72.8963405",""
"ChIJS8DXujHB5zsRD0xZf1YGr90","Hindustan Petroleum Corporation Limited","near Goandevi Temple, Plot No 2/2, Sector 14, Vashi, Navi Mumbai","19.083171","73.001151","true"
"ChIJpe1H3ETJ5zsRe42P1kJbCgA","Lubrica Global","Godown No: 06, Kartar Singh Compound, behind Kamal T.V. Center, Lal Bahadur Shastri Marg, Gurunanak Nagar, Ghatkopar West, Mumbai","19.0853822","72.8930086",""
"ChIJp0XKBgDB5zsRG18plt_gUIg","Free Nitrogen air","32M3+856, Sector 14, Vashi, Navi Mumbai","19.0832975","73.00289149999999",""
"ChIJ6Q8pIEjB5zsRfDG3ob95Zkc","CNG Station","225, Vashi-Turbhe Road, APMC, APMC Market, Sector 18, Vashi, Navi Mumbai","19.0738717","73.00361529999999","true"
"ChIJldbfHkjB5zsRJNN_qJ78SLU","IndianOil Petrol Pump (Vashi)","Lock No 21016 Plot No 42, Sector 18, Sector 26, Vashi, Navi Mumbai","19.073771","73.003914","true"
"ChIJg0FTz2rH5zsRAj3F9PZ9KdU","Bharat Petroleum Corporation ltd","Telephone Exchange, Ground Floor Powai Rd Junction, Agra Road, near Powai, Lal Bahadur Shastri Marg, Mumbai","19.124919","72.92495389999999","true"
"ChIJWQuu8jPB5zsRndHSnzrV66U","IndianOil Petrol Pump (Sanpada)","70 Phase, PLOT NO.- 88, 2, Sector 19 Vashi Road, Sector 26, Navi Mumbai","19.077124","73.00483899999999","true"
"ChIJNUJriyTB5zsRsKjsY_pyQ0M","Mahanagar Gas CNG Station","Kopripada, Sector 26, Vashi, Navi Mumbai","19.0886604","73.0096786","true"
"ChIJ1TySWQDH5zsR2RGE8lBi4GU","Shell","4WGC+JFF, Jogeshwari - Vikhroli Link Road, IIT Area, Powai, Mumbai","19.1265645","72.921168",""
"ChIJA88jDHLH5zsR_IQ_N1AUE0s","Shell Petrol Pump","2, Jogeshwari - Vikhroli Link Road, Vikhroli East, Mumbai","19.126639","72.92121999999999","true"
"ChIJG3EwFDi25zsRe5PoktASTgQ","Super Gas Point","BUS DEPOT, SHOP NO 16. PRABHA APT. SEJAL TOWER. NEAR OSHIWRA, New Link Road, Goregaon West, Mumbai","19.1549781","72.8355952","true"
"ChIJX25hVry35zsR2Z01bqcoqRA","Bharat Petroleum Corporation ltd","SV Road, opposite Filmistan Studio, Junction, Aarey Road, Goregaon West, Mumbai","19.16607","72.84586","true"
"ChIJnYIPM1-35zsRjwkGjfOSq_M","IndianOil Petrol Pump (Goregaon)","BMC 3, Walbhat Road, Cama Industrial Estate, Goregaon, Mumbai","19.1570937","72.8565421","true"
"ChIJBzksE8q35zsRse2vF4av6UM","Hindustan Petroleum Corporation Limited","Ground Floor, opposite Aarey, Flyover, IB Patel Road, Sonawala Industry Estate, Goregaon, Mumbai","19.1614981","72.85750329999999","true"
"ChIJy7JATj625zsRP00kzHmOpWQ","Hindustan Petroleum Corporation Limited","Tarapore Towers, Adarsh Nagar, Andheri West, Mumbai","19.146012","72.83001870000001","true"
"ChIJR6ExYwC35zsRs_AXhqwHzvo","Opposite HP Petrol pump","433, Off New Link Road, Adarsh Nagar, Jogeshwari West, Mumbai","19.1450698","72.830015",""
"ChIJoRX2AkS35zsRdyxbADtpItI","BPCL Lotus Petrol Pump","Shop No 2, Lotus Petrol Pump, Shakti nagar, Jogeshwari West, Mumbai","19.1426288","72.83167259999999","true"
"ChIJDZZLbQC15zsRwXSfDXhZaVM","Petrol Pump SSK Suri","5Q5M+HG9, Bhati Koliwada, Bhati Gaon, Madh, Mumbai","19.1589125","72.7838594","true"
"ChIJnW0YTwC35zsRHK1W2SY-kXc","Pooja broadcasting live","28/221, Motilal Nagar Number 1, Motilal Nagar I, Goregaon West, Mumbai","19.1580421","72.83581769999999",""
"ChIJmRVYvze25zsR4dlIVig9-ZE","Kadiwala Auto Gas","kadiwala Auto Gas, Relief Road, Jogeshwari West, Mumbai","19.1490822","72.8385825",""
"ChIJRwoNliC25zsRIDVWTdgM1Pw","Mahanagar Gas CNG Station","Versova Marg, Sahakar Nagar, D.N.Nagar, Andheri West, Mumbai","19.1280318","72.8322979","true"
"ChIJJ5IX9Te25zsRjCaDoyd9P_Q","Mahanagar Gas CNG Station","11, Relief Road, Maharashtra Housing and Area Development Authority Colony, Prakash Nagar, Patliputra, Jogeshwari West, Mumbai","19.1490565","72.8399629","true"
"ChIJUQhw_TC25zsR44BnyBiiN2s","Hindustan Petroleum Corporation Limited","Ground Floor, Swami Vivekananda Road, Jogeshwari West, Mumbai","19.1427154","72.8427766","true"
"ChIJh76iAjG25zsRqY4-kQfcIbc","MUKAND SUPER SERVICES","Swami Vivekananda Road, Raj Nagar, Mumbai","19.1427101","72.8428429","true"
"ChIJdTTRTza25zsRh4nRJ01iRog","Hindustan Petroleum Corporation Limited","Ground Floor, near Oshiwara Bridge, Swami Vivekananda Road, Jogeshwari West, Mumbai","19.1486472","72.84330369999999","true"
"ChIJGUfDewC35zsR0BIpaf1ueq8","Famous auto service station","Sai Baba nagr, Swami Vivekananda Road, Borivali West","19.1386175","72.8451695",""
"ChIJtY2hrZm35zsResbg28KrlhM","SHREE NAGNATH BPCL PETROL PUMP","1, Swami Vivekananda Road, Jawahar Nagar, Goregaon West, Mumbai","19.15554239999999","72.8459632",""
"ChIJ7TlxSiq25zsRyTkheiOcK8k","Bharat Petroleum","4RJW+8V6, Kevni Pada Road, Kevni Pada, Jogeshwari West, Mumbai","19.130785","72.84714319999999",""
"ChIJfVleybC35zsR5bFnbF5yqtM","Jogeshwari Petrol Pump","4RJW+CWG, Kevni Pada, Jogeshwari West, Mumbai","19.1309376","72.8472141",""
"ChIJvfXmsPe25zsRbfN0Y0wMncg","Mahanagar Gas","opp. Vinay Industrial Estate, New Link Road Chincholi Bunder Rd, opp. Vinay Industrial Estate, near fuel pump restaurant, Malad - Marve Road, Malad West, Mumbai","19.1750843","72.83741839999999","true"
"ChIJbxqjkVa35zsRQp7H_cl6j7c","PUC Van","Bank of India Link Road Malad West Branch, New Link Road, Malad West, Mumbai","19.17654259999999","72.8373532",""
"ChIJge0nV3S35zsRxZzH-q1zp8o","PUC Van","5R9W+W42, near Nana Nani Park, Unnat Nagar, Goregaon West, Mumbai","19.1696875","72.8452848","true"
"ChIJUTYHSCG35zsR8IVAkvrs8MU","SOTI TOURS & TRAVELS","No 16, 304/9, Jawahar Nagar Road, Mumbai","19.1663375","72.84765050000001",""
"ChIJjcY2KkC35zsR7lsH1cnq9RY","Bharat Petroleum Corporation ltd","Bharat Industrial Compound, near SRL Labotary, Goregaon West, Mumbai","19.1709905","72.84548690000001","true"
"ChIJu7146IK35zsR2ZD05Bynq3c","Jio-bp pulse","Ground Floor, Mindspace, Malad West, Mumbai","19.183941","72.834671","true"
"ChIJQ7G2eRG35zsRXGoPVUTv2CQ","apna motor","Ravi, beside cam State new India Royal pump, Bal Welabhatt Road, Ashok Nagar, Goregaon, Mumbai","19.1571019","72.85487599999999",""
"ChIJ72JAEjS35zsRZufkmHMK8kk","Hiranyakeshi Kisan Seva Kendra","Gat NO 220 Nool Nilaji Road At Nool Taluka Gadhinglaj Dist, Mumbai","19.144561","72.85685219999999",""
"ChIJmSKr97K35zsRbUUk-yYBTZY","cross over technologies","Rocky Industrial Estate, Jay Prakash Nagar, Goregaon West, Mumbai","19.1613466","72.8543313",""
"ChIJPWO1BQC35zsRTsaJ2hkGXb0","Mahanand Fuel Station Bharat petroleum pump","Mahananda Dairy, Goregaon, Mumbai","19.1504646","72.8572106",""
"ChIJrV4eQTy35zsRpXOv40rMy9Y","Furtaz","5V44+JHC, Uswala Lane, Cama Industrial Estate, Goregaon, Mumbai","19.1565562","72.8563992",""
"ChIJdX0gOge35zsRGNLKdcEO_HU","Petrol Pump","11, Saint Yadav Road, Cama Industrial Estate, Goregaon, Mumbai","19.15973199999999","72.8571168","true"
"ChIJk0vZ27O35zsR6rkRDpxngvI","Mahanagar gas station","Walbhat Road, Road Number 2, Cama Industrial Estate, Goregaon, Cama","19.159735","72.8571162","true"
"ChIJs2mNDAC35zsRKSyCJjyG0yY","Hindustan petroleum","5, Malad, Nadiyawala Colony 2, Malad West, Mumbai","19.17853599999999","72.8462062",""
"ChIJmc7Itv625zsRCjDDZZRFBcg","Hindustan Petroleum Corporation Limited","Ground Floor, Swami Vivekananda Road, Chincholi Naka, Malad West, Mumbai","19.1786494","72.8461923","true"
"ChIJH3bOt_625zsR2xVY8eN8_aQ","Mahanagar Gas CNG Station","nadidwala colony, Swami Vivekananda Road, Chincholi Phatak, Malad West, Mumbai","19.1787934","72.84623239999999",""
"ChIJZdbzcAC35zsRk7jFtmdcNfo","HP gas centre","1, Sonawala Cross Rd No 1, Jay Prakash Nagar, Goregaon, Mumbai","19.1615334","72.85747429999999",""
"ChIJE4dEbrG35zsRJc20jw6-cIs","IndianOil Petrol Pump (Goregaon)","Survey No 589A, Colony Sqaure Building, Pahadi Road, Aarey Milk Colony, Goregaon, Mumbai","19.160059","72.8584618","true"
"ChIJ0d7S2aK25zsRreq64Slycsg","Mahanagar Gas CNG Station","Marve Road, Kharodi Village, Malad West, Mumbai","19.1968658","72.8150737",""
"ChIJ3wvi_g235zsRFYaktCQEtuI","Hindustan Petroleum Corporation Limited","CTS No 449, Survey No 24 Malad Marve Road, Malwani, Rathodi, Mumbai","19.1968888","72.8151687","true"
"ChIJDeIaZPy25zsRz-GDbDnYR7U","IndianOil Petrol Pump (Dahisar East)","S.V.Road, Malad East, Mumbai","19.182011","72.846718","true"
"ChIJowwgjWa45zsR2IPVy7S30zU","Bharat Petroleum, Petrol Pump -Mahavir Auto","S-86, PLOT NO, 3, Maruti Mandir Road, Mumbai","19.1555178","72.9377391","true"
"ChIJIdhT_Ga45zsRhQy5DGhDMcw","Hindustan Petroleum Corporation Limited","Ground Floor, opposite Shangrila Biscuit Factory, Lal Bahadur Shastri Marg, Bhandup West, Mumbai","19.15674","72.93780459999999","true"
"ChIJsTFZ1lW45zsRnzzwSiy6-e4","Chheda Service Station BPCL Petrol Pump","near Johnson Garden, Lal Bahadur Shastri Marg, Sambhaji Nagar, Mulund West, Mumbai","19.17778","72.943679","true"
"ChIJm6D_9qe35zsRR4P1CDOt3qE","Mahanagar Gas CNG Station","near Dindoshi Depot, Film City Road, Malad East, Mumbai","19.175593","72.86429799999999","true"
"ChIJDSeSRwC35zsRjdaRKsy0IQw","Wammmmuuu","29, Royal Palms Road, Royal Palms Estate, Aarey Milk Colony, Goregaon, Mumbai","19.1559171","72.883453","false"
"ChIJ0_oWU2a35zsRMevMp2Vik54","Jio-bp pulse","Ground Floor, Shyam Nagar, Jogeshwari East, Mumbai","19.1391538","72.86543069999999","true"
"ChIJU0NaEe635zsRHKlo06kAxy8","Rajeshwar sahakar cop op soc","Rajeshwar Society, Jogeshwari - Vikhroli Link Road, Anand Nagar, Jogeshwari East, Mumbai","19.1400139","72.8629586",""
"ChIJ5S9-CADJ5zsRgz-M9HyfAL4","PUC Centre 2/4w Diesel/Petrol","Fifc Tower, 501, G Block BKC, Bandra Kurla Complex, Bandra East, Mumbai","19.1291328","72.8817649",""
"ChIJaQpn1c7J5zsRJ1GBqYhdxHk","IndianOil Petrol Pump (Andheri East)","4VHJ+MVH, Seepz, Andheri East, Mumbai","19.1289792","72.88212659999999","true"
"ChIJP2V3Lde35zsR4Mw1tpoFWnk","C K Oil Depot","Trimurti Sad An, 1/3, Meghwadi, Indira Nagar, Jogeshwari East, Mumbai","19.135037","72.86108209999999","true"
"ChIJm1FIKdzJ5zsR6gRLlvOijDI","Marol Police Petrol Pump","4VFJ+934, Marol, Andheri East, Mumbai","19.1233838","72.8802018",""
"ChIJ8dyUrajJ5zsRxC0FNoQwt8s","Shah Auto","Raje Sambhaji Nag, options primo bldh, Midc crossroad, n. 21, passport office lane, Vidya Milind Nagar, Mumbai","19.1254422","72.8898166",""
"ChIJpejpgqe35zsRXKwHXMxd_3E","IndianOil Petrol Pump (Goregaon)","Dindoshi, Goregaon, Mumbai","19.1754031","72.8661922","true"
"ChIJuUaHUDnI5zsRUy2qEr-3O70","B G Exploration & Production India Limited","1st Floor, Sahar plaza, near Kohinoor Hotel, A K Road, J B Nagar, Andheri East, Mumbai","19.1124592","72.8685788",""
"ChIJrUfELMvJ5zsRUqaE152MYa8","Bharat Petroleum CNG Pump","Petrol Pump, Muranjan Wadi, Marol, Powai, Mumbai","19.1127061","72.88865609999999",""
"ChIJ1YF2WQDJ5zsRqRHGzZzD6wU","132/33 kv Vaspeth substation","4V85+8JH, Amrut Nagar, Mumbai","19.1158228","72.8591174",""
"ChIJS7IssB255zsR5nNKyNTtl74","Bharat Petroleum","Nandanvan Industrial Estate, D/11, Lal Bahadur Shastri Marg, Louis Wadi, Thane West, Thane","19.1875579","72.9616995",""
"ChIJt-dPxwW55zsR3OYlDioCwZY","AIKI AUTO Cng Pump","B-27, SG Barve Road, Neheru Nagar, Wagle Industrial Estate, Thane West, Thane","19.1939447","72.95338989999999",""
"ChIJt8asOiu_5zsRQzJ4FHt1nIQ","Hindustan Petroleum Corporation Limited","opposite Green Word, Plot No 130, Digha Naka, TTC MIDC, Vitawa, Navi Mumbai","19.184651","72.99402100000002","true"
"ChIJ49KrwMPA5zsRz2JqugxHZo8","IndianOil Petrol Pump (Ghansoli)","Plot No 14/4, Shil Phata - Mahape Road, TTC Industrial Area, Kopar Khairane, Navi Mumbai","19.1140802","73.0133048","true"
"ChIJC2yhzD255zsRM3py_dGmMQI","Mahanagar Gas CNG Station","Khopat Road, Khopat, Thane West, Thane","19.2023766","72.9726207","true"
"ChIJJ4J4UVG_5zsR7cwSnjZC31M","Bharat Petroleum Corporation ltd","near Sahakar Bazar, Plot No 33, Sector 5, Airoli, Navi Mumbai","19.1492106","72.99982729999999","true"
"ChIJgcPwI1q45zsRdp7rCcXUxlM","Global Automobiles Mahanagar Gas CNG Station","Lal Bahadur Shastri Marg, Mulund West, Mumbai","19.1698056","72.9397556","true"
"ChIJdcy_EKG55zsR5fq3PcZlScM","IndianOil Petrol Pump (Mulund West)","Lal Bahadur Shastri Marg, Mulund West, Mumbai","19.1716912","72.940981","true"
"ChIJpXA6OwC55zsRKnRZbJx57iw","Mohd Husain","behind MANISHA HEIGHT BUILDING, B.R, Road, Jai Shastri Nagar, Shastri Nagar, Mulund West, Mumbai","19.171377","72.934119",""
"ChIJneOj5lW45zsRSuvGkp5iMVI","Hindustan Petroleum Corporation Limited","Ground Floor, near Esic Hospital, Lal Bahadur Shastri Marg, Mulund West, Mumbai","19.178153","72.944925","true"
"ChIJ-a4M1P-45zsR34ODJmECqn0","Hindustan Petroleum Corporation Limited","Ground Floor, BR Road Junction, near Santoshi Mata Mandir, Lal Bahadur Shastri Marg, Mulund West, Mumbai","19.183467","72.94873299999999","true"
"ChIJ-72I8vHH5zsRCrXKGSzVNQU","Bhawani Petrol Pump","IIT Main Gate Skywalk, Jogeshwari - Vikhroli Link Road, Tirandaz, Powai, Mumbai","19.1243196","72.914974","true"
"ChIJSRyOwfHH5zsRqIOXK2JtEXw","IndianOil Petrol Pump (Powai)","Dixant Bhavan, opposite IIT, Adi Shankaracharya Marg, Powai, Mumbai","19.1239521","72.915139","true"
"ChIJs8AfzuS55zsRcLZmOG8L_PA","IndianOil Petrol Pump (Thane West)","Lock No 22005, Plot No 122a, Lal Bahadur Shastri Marg, Naupada, Thane","19.1895","72.96530000000001","true"
"ChIJPy-XLgDH5zsRuOzcUPhoGBc","N.M.M.T Ghansoli CNG Pump","Sai Baba Mandir, Near, Sector 15 Road, Ghansoli, Navi Mumbai","19.1218513","72.990552",""
"ChIJy3mDw7655zsRe12JnUVl62E","MAHANAGAR CNG WAGLE ESTATE","Road Number 22, Neheru Nagar, Shree Nagar, Thane West, Thane","19.19348","72.94956239999999","true"
"ChIJg-zt07fH5zsR66bRqxqxJtY","Meena fuel","ashtvinayak Apt, 101, Sector 16, Ghansoli Gaon, Ghansoli, Navi Mumbai","19.1247512","72.99264749999999",""
"ChIJ9eOLbfG55zsRDyhkcytnD28","Sandeep Gavelkar Pump","02 22, Shop 02, Kisan Nagar Road, Thane","19.1938754","72.9503014",""
"ChIJe8zbEPS_5zsRJ-GeCjcRcZE","IndianOil Petrol Pump (Thane West)","No A/93, COCO MIDC, Road Number 16, Wagle Industrial Estate, Thane","19.1939396","72.9535659","true"
"ChIJ9XqaBA-_5zsRatYD-fe4j7I","Mahanagar Gas CNG Station","4XXX+MW4, Airoli Bridge Road, Sector 5, Airoli, Navi Mumbai","19.1491371","72.9998191","true"
"ChIJEVb_Nl6_5zsRcCYdzOiHLYw","Shell Petrol & Gas Pump","Thane - Belapur Road, Rabale, Navi Mumbai","19.145397","73.001396","true"
"ChIJYwHKntq95zsRG2DAFBmGJAM","Anjur Service Centre","3, Agra - Mumbai Highway, Thane West, Bhiwandi","19.1957353","72.96187189999999",""
"ChIJEV-YDiK55zsRrZZDlaq7G18","Radhakishan Lalchand HP Petrol Pump","Teen Petrol Pump, Naupada, Thane","19.1928872","72.9702849","true"
"ChIJbTiVQce55zsRcEqLQfSEEYk","Shell","Service Road, Thane","19.195491","72.963081","true"
"ChIJxQKJciK55zsRLcN42xzBjn8","Hindustan Petroleum Corporation Limited","No 356, Agra - Mumbai Highway, Naupada, Thane","19.193261","72.970421","true"
"ChIJed5KkCG55zsRMaLYhxviwLw","BEST TYRE SERVICE","oppojit teen petrol pump, Tulasi Chambers, B/H, Lal Bahadur Shastri Marg, Thane West, Thane","19.1933681","72.97023229999999","true"
"ChIJmd2nHQC55zsRYtniEjcyCgM","KOWTHALAM ADONI ROAD","5XW4+WJV, Ambica Nagar, Wagle Industrial Estate, Estat, Thane","19.1973555","72.95653779999999",""
"ChIJw4f4oOa55zsR3UzvHIHqX3s","Namdev Nipurt","Shop 04, Teen Perto Pump 26, Thane","19.1939618","72.9704826",""
"ChIJ3_rkbqjA5zsRmI21-2f2BCE","Mahanagar Gas CNG Station","R-373, Rabale MIDC Road, MIDC Industrial Area, Rabale, Navi Mumbai","19.1412327","73.00418839999999","true"
"ChIJ-5o2LgDB5zsR-PdUkubM-kk","Mahanagar Gas","42G2+856, Ghansoli, Navi Mumbai","19.12578239999999","73.0003801",""
"ChIJQzov27XA5zsRTBaoCruGQGM","MGL CNG Pump","400701, Sector 8, Jijamata Nagar, Ghansoli, Navi Mumbai","19.1215633","72.9988104",""
"ChIJGehcdm7B5zsR6m08PpjNLL4","IndianOil Petrol Pump (Ghansoli)","Gut No 85, Talavali gaon, Ghansoli, Thane","19.1317735","73.0036669","true"
"ChIJJaCijYzB5zsR0W_PPJ0Yhbo","Mahanagar Gas CNG Station","Jio Regional Office, Park RTEC, Thane - Belapur Road, Reliance Corporate Park, MIDC Industrial Area, Ghansoli, Navi Mumbai","19.13214809999999","73.0038198","true"
"ChIJjX1HbgHB5zsRRwxFO13GykE","Rabale Fuel Services","Opposite Reliance B Gate, Belapur Highway, Rabale, Navi Mumbai","19.1317718","73.0037612",""
"ChIJcZBDGwC55zsRVTHMi2Y-m28","Mahanagar Gas CNG","near Sanjay Gandhi Market, No 33 Ambewadi, near Sanjay Gandhi Market, Road Number 33, Indira Nagar, Wagle Industrial Estate, Thane West, Thane","19.204586","72.95193309999999","true"
"ChIJcRWbUAC55zsRRy551Z2JKz4","MGL Wagle Estate , Modern","6X32+VMC, Road Number 33, Karvalo Nagar, Thane West, Thane","19.2046996","72.9516515",""
"ChIJz73kTDC_5zsRsILWnli_XeY","Mahanagar Gas CNG Station","near Palampur Company, Plot No General 55, MIDC Road, Digha Naka, Subhash Nagar, Dighe, Navi Mumbai","19.1754882","73.0023684","true"
"ChIJpy5Sw13B5zsRrR-E00rSw98","Jio-bp","Twin Tower, GF, Thane - Belapur Road, Reliance Corporate Park, Ghansoli, Thane","19.1224924","73.0067213","true"
"ChIJj30fq0DB5zsRLMgZ6anNl20","Jio-bp","Twin Tower, GF, Thane - Belapur Road, Reliance Corporate Park, Zone 2, Ghansoli, Thane","19.1244625","73.0082031","true"
"ChIJu2k-j9PB5zsR03yASdq9lbI","Bharat Petroleum Corporation ltd","Railway Station, Plot No 11 Ghansoli, Rabale, near Ghansoli, Sector 2, Thane","19.1182183","73.0065137","true"