place_id,name,address,latitude,longitude,open_now
"ChIJmSOEPlOV1DsRRojT47Tdors","Bharat Petroleum Petrol Pump -Lalit Automobiles","81/12, Hingna Road, Digdoh, Hingna, Nagpur","21.11539909999999","79.01186899999999","true"
"ChIJKWBM4EuV1DsRtqJ_LpNEVs8","IndianOil","Ground Floor, Hingna Road, Indl Area, Digdoh","21.1098753","79.00118429999999","true"
"ChIJhc47njCV1DsRQd6NUweMVHk","IndianOil","Ground Floor, Hingna Road, Nagpur","21.1035096","78.9893826","true"
"ChIJPWsk0Fy-1DsRwG2Z5qDjPt0","Bharat petroleum Amin Khapri","Chandrapur - Nagpur Road, Nagpur","21.0523421","79.0537974","true"
"ChIJrQXNOFOV1DsRVTdk1nPtsdc","Hindustan Petroleum Corporation Limited","Ground Floor, T Point, Naka, Hingna, Digdoh","21.1175046","79.0170964","true"
"ChIJlaLdoQ9f1DsRjedrlc3eW9Y","Hindustan Petroleum Corporation Limited","Khasra No 51/2, Sonegaon NH 6, Amravati Rd, Kondhali, Nagpur","21.0950351","79.05738339999999","true"
"ChIJF-TeJqvq1DsRQim_-FVWYMk","IndianOil","Hingna Road, Midc, Nagpur","21.1178811","79.0163348","true"
"ChIJv_0lRW--1DsR0iI23GB8UtM","IndianOil","No 119, Central Avenue, Amravati Road, Nagpur","21.041848","79.0518101","true"
"ChIJzy-dzI6_1DsRilJ42uOLIuU","IndianOil","No 4, Ring Road, Gayatri Nagar, Deendayal Nagar, Nagpur","21.11266909999999","79.04931309999999","true"
"ChIJVYPxYfmU1DsR4OFNiBpD8IU","IndianOil","Survey No 427 & 42, Plot No 58, Hingna, Amgaon","21.0724121","78.96669639999999","true"
"ChIJfYON9HjA1DsRCBjW5_KHMMo","Bharat Petroleum, Petrol Pump -Vishal Petroleum","GOPAL NAGAR,MATE CHWK,NAGP, Nagpur","21.1212122","79.05628709999999","true"
"ChIJ166GGsKU1DsRZvfK03A0z8k","IndianOil","Survey No 368/1 Hingna, Wanadongri, Amgaon","21.0903178","78.9579514","true"
"ChIJccXQf3-_1DsRXU0XBJ9FCWU","IndianOil","Khasra No, 34 & 3, Surendra Nagar, Ajni, Nagpur","21.1170743","79.0644085","true"
"ChIJ_2EzJsSU1DsRBZT3Jtx8lGY","Bharat Petroleum, Petrol Pump -Bhawani Petroleum","WANA DONGARI, Nagpur","21.0975939","78.957234","true"
"ChIJ8XOgLW-_1DsR41CWgM3YgI0","IndianOil","Ground Floor Babulkheda, Narendra Nagar, Nagpur","21.1071328","79.0813278","true"
"ChIJLcWOx9y91DsR_7pn4i89-qw","Nayara Petrol Pump","Jamtha","21.0137662","79.0461179","true"
"ChIJx-NkWCO_1DsR0p-HgFbLe2E","IndianOil","B Plot No, Survey No 66/A/1 & 66, 219 & 222, Besa - Manish Nagar Road, Nagpur","21.0859145","79.09300929999999","true"
"ChIJCYPBuWPA1DsRsPcT5trU7F0","Bharat Petroleum","1 West High Court Road, North Ambazari Road, Shankar Nagar, Nagpur","21.1357011","79.0609229","true"
"ChIJKdlGTFa_1DsRqCyvGt6TIUY","Bharat Petroleum Petrol Pump , AMIN TRANSPORT PVT LTD ADHOC","MADC, Mihan, Nagpur","21.053421","79.03956900000001","true"
"ChIJuYQrNUGV1DsRotgQg_DH65w","Bharat Petroleum (SRPF)","4257+5V8, Digdoh","21.1079063","79.014702","true"
"ChIJZ8uaLBy_1DsRstRUgfAPSxA","IndianOil","Survey No 82, Jaitala, Nagpur","21.1106962","79.0236941","true"
"ChIJcdOZVQC_1DsRV_054HENkYw","J.k Farm","Tal. dindori, Dahegaon","21.0409412","79.0249516",""
"ChIJu9W840K_1DsR0BKoMDZ4GXM","Bharat Petroleum Corporation Limited","33Q3+6G9, Aviation fueling Station ,Nagpur Airport","21.0880381","79.0538634","true"
"ChIJ198E2yW_1DsR-m-e0bsAEHc","Hindustan Petroleum Corporation Limited","Khasra No 84, opposite Buddha Murti Park, 85/3, Jaitala Road, Khamla, Nagpur","21.1110348","79.02417299999999","true"
"ChIJLzdVlmKV1DsRUlJCCL0AFPY","ASCII gas services","4X3R+JMM, Takli Seem-Hingna Road, Electronic Zone, Lokmanya Nagar, Nagpur","21.1040937","78.9916669",""
"ChIJEa6ff7uV1DsRDOcqpx-NMYg","sushila servo gasoline station","Ground Floor, Hingna Road, Nildoh, Nagpur","21.1027347","78.9891679","true"
"ChIJOzprbrS_1DsRe7a24RDUc_0","Hindustan Petroleum Corporation Limited","Khasra No 157/2, Chinchbhavan, near Narayana School, Chandrapur - Nagpur Road, Khapri","21.0631567","79.05759239999999","true"
"ChIJ4V0BDVqV1DsRdUCzXxvSi2o","Indian Auto Gas","3XXM+GCR, Hingna Rd, Wanadongri, Wanadongri ct, Nagpur","21.0988555","78.98352950000002",""
"ChIJIcuFGMi_1DsRlCl-egWsM5E","Bharat Petroleum Petrol Pump","Plot No. 1, Ashtavinayak Nagar, Jaitala Road, अहिल्या नगर, प्रसाद नगर, नागपूर","21.1144737","79.0292662","true"
"ChIJEdxgwha_1DsRRqg6UYh9dUU","MODERN FUEL LINKS","23X3+92M, National Highway 44, nipor","21.04846749999999","79.0525613",""
"ChIJD6FtzI6_1DsRkb7KnRwXcEc","IndianOil","near NIT G, 9B, Mankapur Ring Road, Trimurti Nagar, Nagpur","21.113693","79.043396","true"
"ChIJtWiDzri_1DsRuw3ktubLSqs","Petrol Pump","tuli petrol pump, Khapri","21.042637","79.05176159999999",""
"ChIJ3cCqoVKV1DsR2tO8CeFGUvU","Nayara Petrol Pump - Shiv Sai Petroleum","01, Bhagat Layout, Wanadongri","21.0794596","78.96947639999999","true"
"ChIJJ1a7OgC_1DsRxSdTX2744yw","Bharat petrol pump, Asian petroleum","33F9+76R, Chatrapati Shivaji Maharaj Road, Somalwada, Nagpur","21.0732297","79.0680181","true"
"ChIJszaFawCV1DsRzRMXvCWhHko","SAHIL GAS REPERING RAIPUR HINGNA","3XG9+R7M, Hingna Bazar, Dangarpura, Raipur","21.0770833","78.9681742",""
"ChIJ1aZKfc6_1DsRkVH5KA9XzXk","New Vishwakarma Scooter Repairs And Spare Parts","near Datta Mandir, IT Park Road, Gayatri Nagar, Nagpur","21.1155571","79.04625229999999",""
"ChIJbxNUZwq_1DsRUOiH8zd7ih4","IndianOil","Ground Floor, Wardha Road, Somalwada, Nagpur","21.09321","79.065895","true"
"ChIJr8LrmFq_1DsR0k_mDvrhsCk","IndianOil","Ground Floor, Somalwada, Nagpur","21.08072019999999","79.0696699","true"
"ChIJ51REegC_1DsR_92AxSDvTsk","Hindustan Petroleum Corporation Limited","Ground Floor, near National Cancer Institute, Outer Ring Road, Jamtha","21.0290286","79.0311329","true"
"ChIJeTxn1grA1DsRvhfdcUiZzdA","VISTA GPL","42CR+GH5, Jaitala Road, Shastri Layout, Nagpur","21.1212605","79.0414713",""
"ChIJn08sAQCV1DsR2WTc0s_T23c","GAIL TERMINAL","2XHR+HX2, Hingna","21.0288822","78.9923878",""
"ChIJO4gmLHTA1DsRoj30JbY_ygM","IndianOil","MIDC, Opposite VRCE, IT Park Road, Subhash Nagar","21.12207","79.047043","true"
"ChIJm-hzZwC_1DsR6lRnLdBtlic","IndianOil","Ground Floor, Amravati Road, Wardha Road, Parsodi","21.032718","79.05230700000001","true"
"ChIJN_mZdgC_1DsRwB4m-_Tb0ZU","Refilling station of clean hydrogen","332C+64X, Nagpur","21.049651","79.069372",""
"ChIJD0Ze33u_1DsRfSv4961IDLg","Bharat Petroleum","4369+C59, CHATRAPATI CHWK,RING ROAD,, Mankapur Ring Road, Chatrapati Square, New Sneh Nagar, Nagpur","21.1110674","79.067939","true"
"ChIJVVWSDrnPADsRofIaXn5st-w","Reliance Petroleum","No 40/3B, 4 & 10 Thiruparankundram Road, National Highway 44, Pasumalai, Madurai","21.0229385","79.04738789999999","true"
"ChIJtxSlBgC_1DsRrJD3XBw72Wg","Cztel office","Raghav Apartment, Beltarodi Road, Harihar Nagar, Besa, Nagpur","21.0871203","79.0808599",""
"ChIJVw_ScvWU1DsRneKyJMHH8nA","IndianOil","Survey No 194/1, Deori, Amgaon","21.0673971","78.95360149999999","true"
"ChIJacI7_3vA1DsRrX6vvAzRU00","IndianOil","No 3, Moulana Azad Ro, Abhyankar Nagar, Nagpur","21.125746","79.0587281","true"
"ChIJU9p8NzS_1DsRX0bX-iD-bb4","Communixlab Private Limited","2nd Floor Plot 32, Nirman Vasanti Apartments, Shilpa Society, Manish Nagar, Nagpur","21.0969779","79.0817553","true"
"ChIJ5Ti3GGy_1DsRqGl7eQOgQqk","Bharat petroleum","Plot no u-24, Duchakke mention, Modern Society, Narendra Nagar, Somalwada, Nagpur","21.1089426","79.0770168",""
"ChIJ3xWuKEaX1DsRacU6Cj5mBg8","Hindustan Petroleum Corporation Limited","Ground Floor, near Hindu Hrudaysamrat Balasaheb Thackeray Maharashtra Samruddhi Mahamarg, Hingna, Gumgaon","21.01349799999999","78.99615899999999","true"
"ChIJY79XEwC_1DsRgpwsl4mpuKQ","Jaswant son's fuel station","93-94, BabulKheda, Narendra Nagar, Suyog Nagar, Nagpur","21.1068083","79.0812933",""
"ChIJZYfw6Jy_1DsR0S3-qSaVkEk","NINAVE CL1","Outer Ring Road, Nagpur","21.0342108","79.0769078",""
"ChIJz2saGQC_1DsRVnVzwRtmiN0","Barapatre’s Indian Oil petrol pump","33CW+P26, Manewada Besa Ghogli Road, Saubhagya Nagar, Nagpur","21.0719166","79.09502959999999",""
"ChIJzbw9tU6_1DsRCRGbdXvHf04","Hindustan Petroleum Corporation Limited","Ground Floor, Inner Ring Road, Manewada Chowk, Nagpur","21.104981","79.102685","true"
"ChIJCfPTAEy_1DsR3tGWDNyBYuw","IndianOil","Plot No 118, Mauza, Manewada, Nagpur","21.1050769","79.1044867","true"
"ChIJqVNENKy41DsRjzdDvCkAfCc","Bharat Petroleum Pump","4477+RP6, Hudkeshwar Road, New Subhedar Layout, Nagpur","21.1145458","79.1142682","true"
"ChIJyVRC4Km41DsRKjCm1h5rGMk","IndianOil","Ayurvedic Layout, Solanki Patil Wadi, Nagpur","21.123213","79.116638","true"
"ChIJl1dIh6_A1DsRhstHirAhrJU","IndianOil","near Medical College Road, Medical Chowk, Untkhana, Nagpur","21.1313601","79.098524","true"
"ChIJuyHf6kgU1DsRhHGOIZASqC4","IndianOil","Ground Floor, Wardha Road, Arvi","21.1341234","79.0758578","true"
"ChIJcSJMDZK41DsRarlH8oTgjeM","IndianOil","Gut No 32, opposite new Dogri naka, Mouza, Dighori, Godhani","21.1059536","79.1431097","true"
"ChIJx-So_brA1DsRIzhS4ADivh8","Nagulwar Bharat Petroleum","43PW+G89, Baidyanath Square, Bus Stand, Rambagh, Nagpur","21.136299","79.0958696","true"
"ChIJt8aQKLLA1DsRmbNHWfBcUkU","BPCL - Ramesh Petroleum","44P3+JPM, Great Nag Road, Ashok Square, Near Durga Temple, Siraspeth, Nagpur","21.1365764","79.10428189999999","true"
"ChIJ93nbQVnH1DsRoJcZcvNT_6Y","IndianOil","P.8, Ishwar Nagar, Mire Layout, Shriprabhu Nagar, Nagpur","21.128594","79.12526629999999","true"
"ChIJk1qAYZHA1DsRpS-MADLkXkk","IndianOil","Ground Floor, Panchsheel Square, Nagpur","21.1385853","79.0792733","true"
"ChIJl6l6honA1DsRjTPTBh_AyoI","Hindustan Petroleum Corporation Limited","Ground Floor, near Alankar Talkies, North Ambazari Road, Nagpur","21.137461","79.066651","true"
"ChIJkU7D-4Ku1DsRySLfxIGaRUE","Jio-bp","near 16 Km Milestone, SH 9, Umred Road, Kalamna, Nagpur","21.100202","79.152902","true"
"ChIJ2SQrw7BQ2jsRkZ26VLnlCRA","Hindustan Petroleum Corporation Limited","Survey No 135 Aurangabad, Express Hwy, APMC Market, Nagpur","21.1426435","79.08090100000001","true"
"ChIJF4rCn1S41DsRO7K_B5Vlo-Y","Hindustan Petroleum Corporation Limited","PH No 37, Gat No 21, Ring Road, Vhirgaon","21.0807213","79.16046430000002","true"
"ChIJd2QlVrjA1DsR2nOG_alEyxw","Hindustan Petroleum Corporation Limited","Ground Floor, Agramdevi Chowk, near Agyaram Devi Mandir, Nagpur","21.143251","79.095421","true"
"ChIJCygySPnpwjsRCbTmzTk2R_8","IndianOil","Ground Floor, Loni Kalbhor, NH 9, Solapur Road, Pune","21.0679388","79.0965574","true"
"ChIJpSQIJT2_1DsR-7w5y_inFJ8","Hindustan Petroleum Corporation Limited","Ground Floor, Manewada - Besa Road, Besa, Nagpur","21.0900461","79.09637529999999","true"
"ChIJh7wGdwC51DsRe-V-TfwXcFo","Shruti and sakore petroleum","3457+F3V, Nagpur","21.0587476","79.1126819","true"
"ChIJV-w3CMm51DsRa8vFI1-aylo","Bharat petroleum cng station","3456+7J2, Kolkata - Mumbai Highway, Matkazari","21.0577529","79.1126917",""
"ChIJewQF5E-_1DsRamH4TO2_mkg","Bharat Petroleum Petrol Pump","near south point school, 9, Yogeshwar nagar, near south point school, beside Swati lawns, Manewada Ring Road, Omkar Nagar, Nagpur","21.1049721","79.0970835","true"
"ChIJm3Dhfnu_zjsRRyoN9Di7rAs","IndianOil","Manewada, Sqaure, Parvati Nagar, Nagpur","21.1053731","79.1015974","true"
"ChIJJWeRcPG_1DsRU43cwReHQGY","Vyankatesh Automobiles Indian Oil Retail Outlet Dealership","Plot No 5, Manewada Road, Manewada Square, Nagpur","21.1053756","79.1015991","true"
"ChIJr1i9Iyu_1DsRIO9eAjmSNpc","Vikas Petrol","Tapasya High School, Manewada Ring Road, Nagpur","21.1056947","79.1087629",""
"ChIJq8lfW1-51DsRvJ5ubPnqTvo","Bharat Petroleum, Petrol Pump -Om Satyam Petroleum","Hudkeshwar Road, Hudkeshwar","21.0850054","79.12501069999999","true"
"ChIJ1dyJC7651DsRa7jTUKj2xzI","Mahalaxmi Petroleum","34XC+5XP, Hudkeshwar Road, Dube Nagar, Kadu Nagar, Chandrakiran Nagar, Nagpur","21.0979675","79.1224601",""
"ChIJk2UYbbi41DsR6rXfMKZJQrg","Rajapeth","Hudkeshwar Road, Renuka Mata Nagar, Sanmarga Nagar, Nagpur","21.1022718","79.1219074","true"
"ChIJD-lQuCK51DsRhwlbYcKSp6o","Hindustan Petroleum Corporation Limited","Ground Floor, Mhalagi Nagar Chowk, Inner Ring Road, Mhalgi Nagar, Nagpur","21.107804","79.121134","true"
"ChIJKV1_plS_1DsRgOBWPA9zrG8","Hindustan Petroleum Corporation Limited","Plot No 3, Juna Subhedar Lay Out, Sharda Chowk, Ayodhya nagar, Nagpur","21.1173082","79.10880949999999","true"
"ChIJ74vMRqfA1DsRPOpKl_1ZvoA","Bharat Petroleum Petrol Pump","kukde layout, Rameshwari, Nagpur","21.1230675","79.0936013","true"
"ChIJK3GhATPB1DsR5tDG1ZD8sMk","Singh Automobile","Ajni Police Station, Rameshwari Road, Empress Mill Colony, Vishwakarma Nagar, Rameshwari, Nagpur","21.122981","79.0966",""
"ChIJEecYD8vB1DsRihjRcXQIWFc","Hindustan Petroleum Corporation Limited","near Ajni Police Station, Ground Floor Ridge Road, Ajni, near Ajni Police Station, Rameshwari, Nagpur","21.123101","79.0969442","true"
"ChIJWef1EAC51DsRHPI9nIDPAEk","SYED Petrol Pump","447C+9F6, Dargah Sayyed Tajjuddin Road, Taj Bagh, Nagpur","21.1134182","79.1211496",""
"ChIJUTabV6m41DsRmuJsLW4dPA4","HP Petrol Pump","NO 20, Plot NO 35 & 36 Khasra, Dattatray Nagar, Mauza Sakkardhara, Nagpur","21.118081","79.11548499999999",""
"ChIJ7e_qsO651DsRay7kQAYqI9M","Parmatma Ek Fuel station","Bharat Petrol Pump, near Toll Plaza, Takli Bansadi, Patansaongi, Nagpur","21.0980812","79.136642",""
"ChIJt6lKhiK61DsRE_vpsj8-BuY","Hindustan Petroleum Corporation Limited","Ground Floor, Umred Road, Pachgaon","21.0240801","79.1768101","true"
"ChIJ44BJ9hO61DsRO-s0GrH-ngU","Petrol Pump","Khapri","21.0149039","79.183216",""
"ChIJC-nvKuXH1DsRqy258EturrE","Highway Auto Services HPCL Petrol Pump","45QR+XH2, Bhandara Road, Kapsi bk","21.1398868","79.1914011","true"
"ChIJZTVcJke51DsRka78VQ-jui8","JASMIN HIGHWAY","Traveling towards umred road, road, by pass, Hyderabad","21.08029029999999","79.1599269","true"
"ChIJM7wSrFO41DsRPO03Buhdg2c","STAR","India","21.0826356","79.1630496",""
"ChIJ-3TxRY651DsRDCOPxh2RW0Q","IndianOil","Ground Floor, Kalamna, Umred Road, Adegaon","21.0646473","79.1651256","true"
"ChIJfz0L6jC51DsRjh3WiQsT_Wk","Bharat Petroleum","NH53","21.08679129999999","79.176194",""
"ChIJzUeXBpe51DsR7-6rrgRy7dA","Jio-bp","near 16 Km Milestone, SH 9, Umred Road, Kalamna, Nagpur","21.0569147","79.1676272","true"
"ChIJqVcyNwC51DsRXHlYRCTmYLc","B-LNG Station 3","3538+RR3, Kalmana","21.0545103","79.16705979999999",""
"ChIJQ4xcxvW51DsRhNNEr63xx2Y","Bharat Petroleum, Petrol Pump -Narendra Oil Agency","BAHADURA,UMRER ROAD, NAGPU, Nagpur","21.0979633","79.1516578","true"
"ChIJBSWCYga51DsR5yRm5Ea01ms","Baidyanath LNG and CNH station 1","NH53","21.0948432","79.1791981","true"
"ChIJdRuL1Iy41DsRdtxWKHvlUpY","Hindustan Petroleum Corporation Limited","Ground Floor, Umred Road, Mouza Gonhi, Vihirgaon, Dighori, Near, Dighori Naka, Nagpur","21.1021858","79.14647169999999","true"
"ChIJo963RY651DsR5tAIuzbLWTA","Pawansut Petroleum ( Indian Oil Co Ltd )","Pachgaon","21.042488","79.1698086","true"
"ChIJJSa7agC51DsR-2ceLkzT8rc","DHAWALE CNG PUMP","443M+9XG, Dighori, Nagpur","21.1034285","79.1349557",""
"ChIJTUcHJ8m51DsRsTqPto_WSnE","Bharat Petroleum, Petrol Pump -D.C. Gurbaxani","PANCHGAON, UMRER ROAD ,NAG, Nagpur","21.0384951","79.1709424","true"
"ChIJnYxTVI251DsRLYdibQ0pmq4","New Reliance Jio CNG pump,Tarodi","Under Construction, Bypass, नागपूर","21.1085776","79.1817019",""
"ChIJ__n8FBS41DsRwn-N7o1ZVUM","bp","455J+FP3, Chattarpur Road","21.1086258","79.1818007",""
"ChIJBQUDS0-51DsRd4disrNxe2c","Narendra Traders","Unread Road Dighori Naka, Unnamed Road","21.11408239999999","79.1332055",""
"ChIJwbKaGBS51DsRtntIES1UPbA","Bharat Petroleum Petrol Pump","PLOT NO.224, KHASRA NO. 63/1,2,3MOUZA, Dighori Road, Nagpur","21.112405","79.1295","false"
"ChIJKd9CAKO41DsRBsQyYVNk3mU","go gas","India","21.1152431","79.12932359999999",""
"ChIJnZ2VLQC51DsRdTmNlQZ-Jc4","Harode Petroleum ( Bharat Petroleum )","45F8+5Q6, Symbiosis College Road, Wathoda Layout, Nagpur","21.1229073","79.1668844","true"
"ChIJF0ixLgC51DsRP4ZMxg-F-Ns","Hindustan Petroleum Corporation Limited","Ground Floor, near Symbiosis, Shivasankar Road, Nagpur","21.1249397","79.16438529999999","true"
"ChIJhZ6aXcKF1DsR8K7TSxZRCJI","Sayyad petrol Pump","2JH, RRRM, Nagpur","21.119375","79.1291",""
"ChIJv1Iouwa51DsRYr0-bWhCw-g","IndianOil","Survey No 8, 1 & 8/2, Dighori, Nagpur","21.1236699","79.13796049999999","true"
"ChIJ612VXg3H1DsRMNkg_baOnjM","Nayara Petrol Pump - Five elements Wathoda","45, Mankapur Ring Road, Kharbi, Nagpur","21.1293293","79.1413333","true"
"ChIJg4iFIgDH1DsRdVjKxZuFI0I","Bpcl petrol pump, Elysium Energy","2309, Chaitaneshwar Nagar, Kharbi, Nagpur","21.13279379999999","79.14324200000001","true"
"ChIJ50UZNA671DsRHk7slYppGXc","IndianOil","Gut No 370, Umred, Matkazari","21.018629","79.180696","true"
"ChIJfxKIClnH1DsRIP9xqb-6poE","Shubhlaxmi Petrolpump","44HF+6GH, Gurudev Nagar Main Road, Ishwar Nagar, Bapu Nagar, Nandanvan, Nagpur","21.1280506","79.1238528",""
"ChIJY3D8XADH1DsRhTte-HLs3JE","Petrol Pump Hasanbag","44HG+H3Q, Ishwar Nagar, Nandanvan, Nagpur","21.1289976","79.1252477",""
"ChIJfR4rhVnH1DsRBBTDvqGKdNw","Hindustan Petroleum Corporation Limited","Plot No 32 & 33, Ishwar Nagar, Chowk, Nandanvan, Nagpur","21.1287799","79.12319049999999","true"
"ChIJX_hEBDjH1DsRAdVCWt1UlV8","Hindustan Petroleum Corporation Limited","Ground Floor, Infront of Swaminarayan Temple, Wathoda Layout, Nagpur","21.1376703","79.1442179","true"
"ChIJi8lxkzjH1DsREzK_xioxUsg","Petrol pump","14, Nandanvan Main Road, Mire Layout, Nandanvan, Nagpur","21.1279889","79.11919999999999",""
"ChIJe8U5dejH1DsRLeqJ_OdsNIs","IndianOil","Main Road, Nandanvan, Chandrapur","21.128065","79.119164","true"
"ChIJDze63OLB1DsRLjRPhlbv2jU","Bharat Petroleum, Petrol Pump -Panchsheel Automobiles","NANDANVAN RD, GURDVNGR,NAG, Nagpur","21.1302053","79.1205267","true"
"ChIJC-LSv4_q1DsRxB3ECxzC51c","Hindustan Petroleum Corporation Limited","Ground Floor, opposite Wadi Nagar Parishad, Amravati Road, Wadi, Nagpur","21.152921","79.006411","true"
"ChIJ_ysAieXq1DsRNIWhFPBSSIo","IndianOil","NH 6, near University Campus, Plot No 1415, Amravati Road, Nagpur","21.1459574","78.985231","true"
"ChIJFTWBxTvA1DsRfWBXy6UpCi0","Bharat Petroleum, Petrol Pump -Marwah & Company","LAW COLLEGE SQUARE, A'VATI, Nagpur","21.1464421","79.0615624","true"
"ChIJ6VcVeV_A1DsRPdOb0zIunZ8","Hindustan Petroleum Corporation Limited","Ground Floor, near RTO Office, Amravati Road, Gorepeth, Nagpur","21.146761","79.064111","true"
"ChIJzRt4UK7B1DsRp_DaTZ382Ko","Hindustan Petroleum Corporation Limited","Ground Floor, Katol Road, Gittikhadan, Nagpur","21.17445099999999","79.055491","true"
"ChIJAT5e-q7B1DsRfMbV0LNzEvc","Bharat Petroleum - Petrol Pump","Gorewada Road, Gittikhadan Chowk , Near Nirmal Ganga Complex, Gittikhadan, Nagpur","21.1748671","79.05639339999999","true"
"ChIJR5g7NrDB1DsRjBw1RBJdy1E","IndianOil","Survey No 40, Gittikhadan Road, Police Line, BUPESHNAGAR, Takli","21.1732919","79.0614476","true"
"ChIJwbhZROTA1DsRGffili9GJrA","IndianOil","Residency Road, Sadar, Nagpur","21.160225","79.079399","true"
"ChIJ11B9zO7A1DsRWFLKVkOeHR0","IndianOil","Ground Floor, RBI Square, Sitabuldi, Nagpur","21.1522853","79.08127350000001","true"
"ChIJMYlVPiLq1DsR5oFYR2qxryg","IndianOil","Ground Floor, Kamleshwar Road, Fetri","21.2025012","78.9949994","true"
"ChIJu_HJSRzB1DsRhbiNTGH_bXM","Bharat Petrol Pump","Koradi Road, Opp Poonam Chamber, Chhaione, Rajnagar, Nagpur","21.1714399","79.0799102","true"
"ChIJifuh02i_1DsRNG9aPD8iwvk","Confidence Petroleum India Limited, Go Gas","Landmark building, 8, Wardha Road, Dhantoli, Nagpur","21.1382695","79.0787349",""
"ChIJayNOu5rr1DsRILetF1bepSA","GO Gas LPG pump","near maruti suzuki showroom, plot no 1 wadi naka, near maruti suzuki showroom, Nagpur","21.1532219","79.0177573",""
"ChIJ26ufhFHr1DsRSx85dUNsHdw","CNG gas station","Vayusena Nagar, Nagpur","21.153989","79.01331340000002","true"
"ChIJf9R8YYXq1DsRFhn8O-4xJJY","IndianOil","No 7/613, Wadi, Amravati","21.1531133","79.0082084","true"
"ChIJsegxtY_q1DsRMcCdlZUx8tk","BP WADI, BPCL COCO PUMP, WADI.","Wadi, Nagpur","21.1530255","79.0050717","true"
"ChIJC8KF3Y3q1DsR6SFcsUFxzvQ","R.k. Petroleum","6, Nagpur - Amravati Highway, Wadi, Nandgaon Peth","21.1526781","79.0018506",""
"ChIJBy_4XIzq1DsRj0cftT5Evmo","Gulf Oil Lubricants India Ltd","India","21.1552467","79.0000542",""
"ChIJ-4gLOQDr1DsRGHrkaP5gdpY","Fixgo Petrolium","4XXR+7QH, Mumbai - Nagpur Highway, Wadi, Malkapur","21.1481979","78.9919704",""
"ChIJy6LGdADB1DsRcEEm12wQtkA","HP Gas, Godown","529H+F7W, Saroj Nagar, Nagpur","21.1687403","79.0282118",""
"ChIJKQc9l3fB1DsReWPgZ4dCsRs","Hindustan Petroleum Corporation Limited","Survey No 26, 2 Wadi, near Centre Point School, To, Mankapur Chowk, Dabha, Nagpur","21.171936","79.025599","true"
"ChIJBavNORjB1DsRNaXwkGeukUg","HP Verma filling station","plot no 112 jai co- operative society hazaripad, katol naka road bypass road, Nagpur","21.1722023","79.0260721","true"
"ChIJJ64P02rr1DsRNw-_4-TsAMQ","Durwa filling station (Bharat Petroleum)","5X8M+XGR, Khadgaon Road, Lava","21.167484","78.98377260000001","true"
"ChIJo2DLI-XB1DsRzUnKF7XqFko","Indian Auto Gas LPG","22, Katol Road, Sindhi Colony, Rajnagar, Nagpur","21.1814425","79.0384739","true"
"ChIJram_4SbB1DsRZxWF4T6chhg","vishwakarma auto service","Shankar Nagar Square, Nagpur","21.1359919","79.06053039999999",""
"ChIJmfJ9ZZrB1DsRUtMj-NalKJY","Hindustan Petroleum Corporation Limited","Ground Floor, Katol Road, Friends Colony, Nagpur","21.179338","79.044271","true"
"ChIJp9Wdp6zB1DsRK0QEICbXwPY","BPCL LPG OFFICE","5337+R9M, CBI Colony, Civil Lines, Nagpur","21.1545777","79.06341739999999",""
"ChIJjc2YBRfB1DsR1kzGcAm-lYg","IndianOil","Khasra No 61, 1, Borgaon, Nagpur","21.175655","79.05200099999999","true"
"ChIJO9Eh383B1DsRPpPtSAOKvfs","IndianOil","Ground Floor, Bhagwaghar Layout, Nagpur","21.1377","79.06760000000001","true"
"ChIJg26rPQDB1DsRkHL5LD9v8AU","Bhola Petrol pump, Nagpur","43W9+97P, Vasantrao Naik Slum Area, Gorepeth, Nagpur","21.1462317","79.0687263",""
"ChIJO-V4z8TB1DsRhd4g9MkP6kw","Hindustan Petroleum Corporation Limited","Ground Floor, Dharampeth, Nagpur","21.14579299999999","79.06978099999999","true"
"ChIJmw3cBwDB1DsRTIGVZBkJ5ck","Hindustan Petroleum Corporation Limited","Ground Floor, Jail Road, near Gorakshan, Wardha Road, Sabha, Nagpur","21.131111","79.07802099999999","true"
"ChIJ0UgODZHA1DsRt1xEPa1um-4","Hindustan Petroleum Corporation Limited","Ground Floor, near Lokmat Square, Jail Road, Nagpur","21.136691","79.079291","true"
"ChIJLwD5PCnB1DsRAGct0COY7Rk","IndianOil","5, Kamptee Road, Near Indora Chowk, Nagpur","21.1736917","79.1014206","true"
"ChIJJ_pqcirH1DsR0IVA36dXfpg","IndianOil","P No 931, Vaishali, Mouza, Binaki, Nagpur","21.1694152","79.1135278","true"
"ChIJSVZUOMnA1DsRikzxVLS4S5E","Bharat Petrol Pump","Central Avenue, Chhota Loharpura, Gandhibagh, Nagpur","21.150954","79.10243009999999","true"
"ChIJM9lB9RXH1DsRDA6CrSBs2Qk","Bharat Petroleum: Mehta Petrol Pump","Old Bhandara Rd Bagadganj, Bhandara Road, Small Factory Area, Lakadganj, Nagpur","21.1524061","79.1323227","true"
"ChIJm2DhG9bG1DsRTDs4LkWvo0g","Bharat Petroleum Vishwakarma Petroleum","2, Itwari Station Road, Sugat Nagar, Binaki, Nagpur","21.1707593","79.11618349999999","true"
"ChIJHye6Fj7H1DsRcaRIMLXS3b8","Hindustan Petroleum Corporation Limited","Ground Floor, near Reliance Mart, 29, Bhandara Road, Lakadganj, Nagpur","21.15272149999999","79.1317231","true"
"ChIJIY9gymrH1DsRN44Xim20VZY","IndianOil","Ground Floor, Wardhaman Nagar Colony, Nagpur","21.147839","79.133781","true"
"ChIJkfEF-D7B1DsR3zD5vkW2FQ8","Petrol Pump","53QR+C22, Shambhu Nagar, Nagpur","21.1885206","79.090025","true"
"ChIJbdFRLDfB1DsRbWbQxM-IgEE","IndianOil","Khasra No 38/4, PN 24/31, Mouza Indora, Sugat Nagar Road, Angulimal Nagar, Nagpur","21.187157","79.10071599999999","true"
"ChIJd3s0-tDG1DsR6Tef0QUF5TU","IndianOil","No Na/425, Wanjari Housing Coop Society, Yadav Nagar, Ekta Colony, Nagpur","21.1785696","79.11878569999999","true"
"ChIJsTtE_xLH1DsRIuiyH0CPyvo","IndianOil","Ground Floor, Kadbi Chowk, East Wardhaman Nagar, Nagpur","21.15127799999999","79.141075","true"
"ChIJDbo9rP_G1DsRq36QMiZ9Qs0","IndianOil","Survey No 770, 74 Hissa No 87/1, Kalamna Market Road, Nagpur","21.1592999","79.1447481","true"
"ChIJtz6pJQDB1DsRfg7APKAzTKU","SAROJKAR HOME","43WQ+87C, Nagpur","21.1458004","79.0881546",""
"ChIJoSZvbwDB1DsRIy4HnA8rlXQ","Wani LNG","Wani LNG Filing station, Nagpur","21.1458004","79.0881546",""
"ChIJP-7QeMDA1DsRPSEtvj384u0","NARENDRA OIL AGENCY","43WQ+4R7, Ghat Road, Sitabuldi, Nagpur","21.14528","79.0895347",""
"ChIJx36WZr_A1DsR33c452NRvJM","VISTA GPL","near Jayshree Cineplex, 71, Subhash Road, Ganeshpeth Colony, Nagpur","21.1447375","79.09106969999999",""
"ChIJrRlRx0zB1DsRQPbQNxcCJZU","Khandelwal Enterprises","Shop No 13, Shree Devi, Ratan Appartment II, Ganeshpeth Colony, Nagpur","21.1444672","79.0951632",""
"ChIJ9bJVk5_B1DsRdQivwsTDFz4","Kene Enterprises","Agriculture Industrial Building, Ganeshpeth Colony, Nagpur","21.1432301","79.0955413",""
"ChIJPQGm4jHB1DsRLBW_I0MnmM8","Khewale Enterprises","1134, Shivaji Nagar, Mahal, Nagpur","21.1431782","79.09557579999999",""
"ChIJU9FQb5PA1DsREm4o2i0TmAE","Shri Sai Petroleum","135, Aurangabad - Nagpur Road, New Mondha, Jalna","21.1426375","79.0809317","true"
"ChIJC9IiZJHA1DsRFdgAB331sSA","IndianOil","Wardha Road, Jhanshi Rani Square, Sitabuldi, Nagpur","21.14156","79.08056599999999","true"
"ChIJ41DmF7jA1DsR9jTaqAHjI2o","Hindustan Petroleum Corporation Limited","Ground Floor, Subhash Road, Cotton Market, Nagpur","21.144161","79.09767099999999","true"
"ChIJK9jU8QbB1DsRPEfelVxiFts","Pradhan Automobile","Sarvoday Plaza, Shop No 46 Near Metro Station C A Road, Chowk, Nagpur","21.1526466","79.0957263",""
"ChIJ6xm6zsXA1DsRbmviV0POkZQ","Hindustan Petroleum Corporation Limited","Dosar Vaishya, Sarvoday Plaza, Ground Floor, Central Avenue, Chowk, Nagpur","21.152481","79.095931","true"
"ChIJ6xm6zsXA1DsRYa8vSOuJ2U0","Singh Automobiles","Dosar Bhawan Square, near Dosar Vaisya Square Metro, Central Avenue, Nagpur","21.1527371","79.0958449","true"
"ChIJ4WAsf6PB1DsRliTu32DBJOw","Sai Petrol Pump","2 CA Main Road, Main Road, Nagpur","21.155099","79.0839213",""
"ChIJRdi4QzzB1DsRR_3P9ECwgoA","IMP HP Petrol pump Head Office Nagpur","534J+GM8, Shriram Tower, Kingway, Sadar, Tent Line, Mohan Nagar, Nagpur","21.1562803","79.0817172",""
"ChIJmYo05-TA1DsRb0MIHxDeK48","Best Pump & Project","No 1, Mount Road, Sadar Bazar, Sadar, Nagpur","21.1581173","79.0819453","true"
"ChIJjaGoZ0rB1DsRDTIF4gcbBxw","ANKUSH AUTOMOBILE","Shop No 02, Vimal House, Ground, Medical Road, Untkhana, Nagpur","21.1351234","79.0980907",""
"ChIJazGqXQjI1DsR_xqEArt0Tfg","Hindustan Petroleum Corporation Limited","Ground Floor, NH 6, Bhandara Road, Nagpur","21.1420696","79.2022204","true"
"ChIJXyOM_FzG1DsRe4kgN1UWh_U","Bharat petroleum","55V7+GH2, Nagpur","21.1937644","79.16387689999999","true"
"ChIJE8zK7mnG1DsRFaEbn_4jn7k","IndianOil","Ground Floor Ranala, Kamptee, Ajani","21.198326","79.171216","true"
"ChIJg9wPHI_G1DsRCEW9Bm7WS8M","IndianOil","No 122/2, NH 7, Kamptee Road, Khairy","21.2064865","79.1500377","true"
"ChIJcT0k-IfG1DsRwJVNaGQoKEc","IndianOil","No 134, Kamptee Road, Uppalwadi, Khairy","21.2091604","79.1546415","true"
"ChIJ43z4BXrG1DsRz0eDmNSpEow","IndianOil","Ground Floor, Kamptee Road, Ajni, Yerkheda","21.2126105","79.1631232","true"
"ChIJT9cS5STI1DsRZj7cfPXNUnA","IndianOil","Ground Floor, Bhandara Road, Mahalgaon","21.1403219","79.2304037","true"
"ChIJByoqUgDH1DsR1Wy-kKPwVlY","Pal automobiles","45V6+V43, Pardi, Nagpur","21.1446424","79.16030049999999",""
"ChIJpTOYYQvH1DsR_7cGcL6Sq0o","Hindustan Petroleum Corporation Limited","Ground Floor, NH 53, Bhandara Road, Pardi, Kapsi kh","21.1491538","79.16311309999999","true"
"ChIJhT_2EQDH1DsRV1lme-qfbiw","Hindustan Petroleum Corporation Limited","Ground Floor, near Rohit Anaz Bhandar, Punapur Road, Pardi, Nagpur","21.15181879999999","79.1629969","true"
"ChIJ-VM3wSTH1DsRBJ2onkDo_yI","APANA FUEL","Bus Stand, near Hanuman Mandir, Road, Pardi, Nagpur","21.1488096","79.1657984",""
"ChIJBYd2TnLH1DsRoFOAXxNc7Ho","Bharat Petroleum","India","21.1449872","79.1460225","true"
"ChIJUdGcFf_H1DsRnrT3LY1T_ok","Mahadule Petroleum","Plot-200 & 200 LA, Surya Nagar, Nagpur","21.1544802","79.14930760000001","true"
"ChIJJZOdnL3H1DsRuu42fSPkEHQ","Petrol Pump Sushil Sharma","Steel And Cooperative Society, 46, Midc, Umiya, Nagpur","21.1457104","79.1711751",""
"ChIJOSTjHZTH1DsRVe0jddF0iqM","Bombay Automobiles","MAHALGAON, Kamptee - Kapsi Road, Nagpur","21.1454905","79.1717377","true"
"ChIJk47cDJLH1DsReXiozyo38r0","IndianOil","Ground Floor, near Pardi Naka, Bhandara Road, Kapsi kh","21.1445498","79.17201299999999","true"
"ChIJre2ovqDH1DsRu52jMjwaUI0","ESSAY PETROLEUM","44RW+26H, Sangharsh Nagar, Dighori, Nagpur","21.14006","79.145614",""
"ChIJb79NXEnB1DsRfL_3vDYpu9Q","Bharat Petroleum, Petrol Pump -Mehta Automobiles","Bhandara Road, Transport Nagar, Surya Nagar, Nagpur","21.1510555","79.1434519",""
"ChIJ6wAVag7H1DsRHg2tFzGfpx4","Shree Gurudev Petroleum","Kalamna Market Road, Surya Nagar, Nagpur","21.1560044","79.1452509",""
"ChIJfygmvsrH1DsROcd-OdbWJL4","M K AUTOMOBILE","Shop No 44, near Hundayi Showroom, Bhandara Road, Wardhaman Nagar Colony, Nagpur","21.1522154","79.13999249999999",""
"ChIJUew9dRTH1DsRVg8TVXYBWT0","Hindustan Petroleum Corporation Limited","Ground Floor, Chikhali Square, Outer Ring Road, Kalamna, Nagpur","21.1615694","79.1431666","true"
"ChIJaf86PZvH1DsRQ4qrHMpT0u4","Pawan Automobile","Shop No 74, near Ram Mandir, Central Avenue, Wardhaman Nagar Colony, Nagpur","21.151071","79.1341319",""
"ChIJxQAjx-bH1DsRDmd9mKado04","Lokesh Automobile And Petrol Pump","289, Garoba Nagar, Uday Nagar, Nagpur","21.1471674","79.132947",""
"ChIJac5aEqzH1DsR0tl6sNEPRMY","Patel Petrol Pump","103, Central Avenue, Wardhaman Nagar Colony, Nagpur","21.1473914","79.132627",""
"ChIJyU0IYADH1DsRBD0HqvFifj4","Uday Lawn Chowk","44PM+X48, Wathoda Road, Nandanvan, Nagpur","21.1374242","79.1328156",""
"ChIJ4Q5cCADH1DsRDXxPCMhGgv0","HCG CNG vardhman nagar nagpur","542J+XW8, Bhandara Road, Small Factory Area, Lakadganj, Nagpur","21.152504","79.1321222",""
"ChIJK1h-KyrH1DsRhP8s97tqKDs","Bopche petroleum services Bharat Petroleum Petrol Pump","44PM+W32, Nandanvan, Nagpur","21.1372649","79.13262809999999",""
"ChIJzyuPF8fH1DsR1-Y3ZJEev9s","Rajlaxmi petrol pump","Miral app, near Honey, Plot no 36, chauk, Shashtri Nagar, Nagpur","21.1448486","79.1300593","true"
"ChIJIVnoL8fH1DsRWkOSecpqRvk","Krish Automobile","Shop No 72, near Ramdeobaba Hospital, Bhandara Road, Wardhaman Nagar Colony, Nagpur","21.1526566","79.130583",""
"ChIJ28H65OrH1DsR4K3Mila4j4Q","Mahalaxmi Auto Services BPCL Pump","Kh 54/1, Maa Umiya Transport City, Along Hyd Jabalpur Highway Kapsi BUJURg","21.1361782","79.18625","true"
"ChIJm4eFoyrC1DsRUWiYJ0JrARE","Ishwar petroleum by Bharat Petroleum","Maa Bhavani, Godhani Road, Godhni, Nagpur","21.2145648","79.0633605","true"
"ChIJ_cMpgtzD1DsRTHyhT8rAbi8","Bharat Petroleum and CNG","Bokara, Nagpur Chindwada Highway, Nagpur","21.22441169999999","79.0815702","true"
"ChIJL6l6lNzD1DsRpeYhPJrFLps","Hindustan Petroleum Corporation Limited","Ground Floor, Chhindwara Road, Koradi","21.225271","79.082841","true"
"ChIJA9EDxcPD1DsRz0GEB61nl7Y","IndianOil","near KTPS, Ground Floor Panjra, near KTPS, Chhindwara Road, Godhni, Nagpur","21.2320501","79.083474","true"
"ChIJywNUllzp1DsRaREB-XeBfYs","IndianOil","Ground Floor Dahegaon, Kalmeshwar, Bramnhi","21.2164618","78.94668220000001","true"
"ChIJ9afQsybq1DsRvWZfIXO2lTY","Hindustan Petroleum Corporation Limited","Ground Floor, Katol Road, Kalmeshwar, Fetri","21.204343","78.99058339999999","true"
"ChIJww2aX37B1DsRgyi4nWko84Q","Bharat Petroleum","GODHNI, ZINGABAI TAKLI, NA, Nagpur","21.2149252","79.0629235","true"
"ChIJl68RQ8jp1DsRNq3BRtvOuQE","IndianOil","Gut No 174/3 Khandala, Hingna","21.242015","78.9801817","true"
"ChIJlc4Kf33p1DsRoqtF5ugkiTw","IndianOil","Ground Floor Katol Road, Yerla Fetri, Bramnhi","21.2079109","78.9653783","true"
"ChIJGztt__TB1DsRZ6D576J4RwM","MSHSD GAYAKWAD HIGHWEY FULE STATION","Ashtavinayak Paradise Road, KH132/1/2 NH47 BHOPAL, HIGHWAY, VILL, Kosmi","21.211453","79.07700299999999","true"
"ChIJ6Wc_3GTB1DsRxB6Iil7to2U","HP GAS","Godown, Bokhara Road, Bokhara, Nagpur","21.2065354","79.0769674",""
"ChIJlwVKCS3B1DsRQ8jWvSZ9opI","IndianOil","Survey No 9, near CID Office, Police Line Takli, Nagpur","21.1782543","79.070244",""
"ChIJH3a_6ELB1DsRjrh6APmdKgk","LPG Gas Pump (Essay Petroleum)","Nagpur","21.1894524","79.0784398","true"
"ChIJNdwCfADp1DsRayiqKN-G4lk","Jio BP Kalmeshwar Ghode Petroleum","6X72+XF, Dahegaon","21.214959","78.95112999999999",""
"ChIJWRPIG5TB1DsRBgJsKXpBQ9o","Captain Gas Station- Auto LPG","Survey No 261/262, City, near Harley Showroom, opposite Max Hospital, New Mankapur, Nagpur","21.1857154","79.0786127","true"
"ChIJDVxF6cnu1DsRodvExpXJe7Y","Hindustan Petroleum Corporation Limited","Ground floor, Mutton Market Square, Kalameshwar, Nagpur","21.1716434","79.0763717","true"
"ChIJAyE4KSjB1DsRdyymVpp8rjI","Bharat Petroleum, Petrol Pump -Aakash Petroleum","JARIPATKA OUTER RING RD, N, Nagpur","21.1920915","79.0892137",""
"ChIJ8-S7yhXD1DsRU1oPxs-EeIY","Reliance Petroleum","Dahegaon, Nagpur, NH-69, Nagpur Chindwada Highway, Saoner, Saoner","21.283","79.08279999999999","true"
"ChIJ1TrpKXnB1DsRhIz_9hMCfs8","Sweta gas agency","Shop no10, renuka app, Jaripatka, Nagpur","21.1885136","79.0907733","true"
"ChIJEVgK7T7B1DsRWaYtKYpga_g","Hindustan Petroleum Corporation Limited","Ground Floor, near Police Station, Inner Ring Road, Jaripatka, Nagpur","21.188131","79.09067499999999","true"
"ChIJOynkUGXH1DsRWTZoxNpSNfY","Gulab Fuels Service","कुकरेजा सन सिटी के सामने, नारी रोड बस स्टैंड, छत्रपति शिवाजी महाराज चौक, Dixit Nagar, Nagpur","21.1947536","79.10991059999999","true"
"ChIJo9wITLXG1DsR8T1xw6_zhiY","Bharat Petroleum","54V5+RXX, Nari Road, Nari Village, Nagpur","21.1946013","79.10999029999999",""
"ChIJn_VPWQDH1DsRg1gX_2sGMTQ","SAROJKAR HAUS 48/ 748","54W6+7WG, Nagpur","21.1956759","79.1123282",""
"ChIJNU8PkOw_xjsRDCYSSiSBNtI","IndianOil","Survey No 34, Plot No 646581 & 82, Indora, Nagpur","21.1864055","79.10075309999999","true"
"ChIJcRksrmrH1DsRIVgYeltd5H8","SANGITA FUEL SERVICES","Plot No 1 , Baba Balaknath square Sahare layout Uppalwadi road","21.1993221","79.1180926","true"
"ChIJhyBsdX_B1DsRfO3kxC1G09o","Patankar Chowk Gramin Petrol Pump Nagpur India","54M2+68Q, Unnamed Road, New Thaware Colony, Nagpur","21.1830857","79.10086799999999",""
"ChIJ67xgcQDH1DsRNf7wJW1MVZU","IndianOil","IOCL petrol pump, Nalanda Nagar Bank Colony, Bank Colony, Nagpur","21.18624","79.111871","true"
"ChIJnf9OY9LG1DsRfzSvAJ6kYys","Gogas Auto LPG","173, 07, Kamptee Road, Mahendra Nagar, Teka Naka, Nagpur","21.181123","79.113005","true"
"ChIJsRVy-6PB1DsRZylKJc4QlDo","Bharat Petroleum, Petrol Pump -Jaimalsingh Lamba & Co.","KAMPTEE RD NR TULI MALL,NA, Buddha Nagar, Balabhaupeth, Nagpur","21.174065","79.1021116","true"
"ChIJFXg0IMHG1DsR1dMTbMvKxDQ","Ekta Diesels","54RG+3GW, Kamptee Road, Kamptee, Pili Nadi, Nagpur","21.190242","79.126327","true"
"ChIJ3YxKLgDH1DsRmXPt0GDCbz0","Bharat petroleum Petroleum Corporation","23, Sidharth Nagar, Nagpur","21.1824982","79.11898479999999","true"
"ChIJHZeTo13H1DsRNwWJ43JL0Wg","Jawahar Petroleum","Shop No 1, Takayama Nagar, Nagpur","21.1761131","79.11213579999999",""
"ChIJkUKbwCfB1DsRBUvg4Ni1c20","10 Number Puliya Petrol Pump","Number 10, Kamptee Rd, Puliya, Dobi Nagar, Bezonbagh, Nagpur, Maharashtra 440017, Number 10, Kamptee Road, Puliya, Dobi Nagar, Bezonbagh, Nagpur","21.17084909999999","79.0970095","true"
"ChIJFclawCfB1DsRiEAbTnCqx8o","Hindustan Petroleum Corporation Limited","Ground Floor 10, No Puliya, near Jaswant Cinema, Kamptee Road, Nagpur","21.170761","79.097111","true"
"ChIJCWzrlifB1DsRO_u6a6vojjk","Gulati Filling Station","Kashmiri Gali, Dobi Nagar, Itwari, Nagpur","21.1703833","79.0965873","true"
"ChIJranRA0rB1DsRijLjO_EW-wk","Modern Sales Servo","ward no, 43, Itwari Station Road, Yadav Nagar, Binaki, Nagpur","21.1788799","79.11881199999999","true"
"ChIJY8xCZt_A1DsR8CAj52G9E0g","Hindustan Petroleum Corporation Limited","Ground Floor, Kadbi Chowk, Nagpur","21.168401","79.091161","true"
"ChIJ886b0c7B1DsRQedAH2o3S7Y","Kadbi Square","539R+785, Unnamed Road, Mecosabagh Christian Colony, Nagpur","21.168132","79.0908596","true"
"ChIJFQClPaXH1DsR5n0WB9dDoE0","VITHAI SALES CORPORATION","CHIMURKAR LAYOUT, near CANCER HOSPITAL, 28, KALAMNA RING ROAD, Nagpur","21.1791734","79.12205860000002",""
"ChIJ5Xv-7njH1DsRXFdOUX7w62E","Jio-bp","Khasra No 52, Etta Bhatti Chowk, opposite Hcg Cancer Hospital, 1 & 52/4 Sh 340, Nagpur","21.178119","79.124826","true"
"ChIJNQJP-8bH1DsRZEwuIZy-G2Y","Rawmatt CNG Station","National Highway 44, Ekta Colony, Nagpur","21.1778785","79.1251978","true"
"ChIJdYqieR3H1DsRpYJ-6jJ6e44","Natyashringar Garba Dresses,Fancy Dresses","Plot No 848, near Anand Bekary Oppo Dhurve Gas Agency, Vaishali Nagar, Nagpur","21.16837259999999","79.1111212","true"
"ChIJv32HKufA1DsRTnziRl7wHgk","IndianOil","Kamptee Road, Gaddigodam, Nagpur","21.1621907","79.0843512","true"
"ChIJLxknVY7G1DsRe94FjqdfQQ4","MHKS Mohammad Ali Petrol Pump","Opposite Akashwani Radio Station Near Suman Vihar Society, Kamptee Road, Khairy","21.204493","79.1462122","true"
"ChIJH7L2EwDH1DsRAAb0nO8kQKs","HCG CNG pump","124, Bhilgaon, Nagpur","21.2048003","79.1467758",""
"ChIJKXEXgKnI1DsRsL0MMKyv86I","Bharat Petroleum, Petrol Pump -Nitin Service Station","Kamptee Road, Gaddigodam Chowk, Nagpur","21.1598681","79.0831025","true"
"ChIJz_o_VY7G1DsRJVZKT61jnKg","Hindustan Petroleum Corporation Limited","Ground Floor, Kamptee Road, Khairy","21.2052601","79.1473601","true"
"ChIJTc2FEAPG1DsRwacj-B7TGj0","IndianOil","Ground Floor, Damadulal Gandhi Chowk, Kamptee","21.2129498","79.1966924","true"
"ChIJ7dDU7QLG1DsR2y9RryxNgr0","Hindustan Petroleum Corporation Limited","Sheet No 11, Block No 75, Plot No L/5, Kamptee","21.21305509999999","79.19802589999999","true"
"ChIJz1DteXzG1DsRvk3pa86fyJo","Hindustan Petroleum Corporation Limited","Ground Floor, Kamptee Road, Khairy","21.212121","79.160191","true"
"ChIJyeYpQADH1DsRVCRUosNTVKk","USK AutoGas AutoLPG Station","6577+7GF, Nagpur","21.2127739","79.16293650000001",""
"ChIJq8412OLH1DsRVHts7xj-kCk","LPG GAS PUMP KAMPTEE NAGPUR (ESSAY PETROLEUM)","Kalamna Road, Sayeed Nagar, Kamptee","21.1973274","79.16852449999999","true"
"ChIJMRFagY_F1DsRIwMGXXs6IKA","M A Aziz farm house","65Q6+5R6, Kamptee Road, Yerkheda","21.237906","79.16200599999999",""
"ChIJHZkD-FvG1DsRaAeiViM7hu8","Jio-bp","Survey No 58, 3, Kalamna Road, Nagpur","21.19080169999999","79.16149209999999","true"
"ChIJLcdmIvzG1DsRyPgj3WFZf3w","Bharat Petrolium and CNG station","Kalamna","21.1768534","79.1487345","true"
"ChIJ2QvNq__G1DsRRaJgD-akSxY","Mahadeo Automobiles","Road, Kalmana, Kamptee","21.1752587","79.1526389","true"
"ChIJAxXZFOHH1DsR9UsZSnt1XYw","Sanjay Marathe Service","Shop 345, Gulshan Nagar, Bhilgaon, Nagpur","21.1774849","79.1377432",""
"ChIJ7yLFr7nH1DsRSHG75Ic2hvA","Daraksha","Vandevi Chowk, near Masjid, Nagpur","21.1772289","79.133862",""
"ChIJZZs1Q-fH1DsRo35-WcY8x_M","Jawaharlal Nehru Petrol Pump","54FR+2G4, Vaishano Devi Nagar, Bhilgaon, Nagpur","21.1726231","79.1413973","true"
"ChIJreUzheLG1DsROLl51K0P3E8","Hindustan Petroleum Corporation Limited","Ground Floor, Old Kamptee Road, Shantinagar Colony, Nagpur","21.172254","79.14070799999999","true"
"ChIJufSjPjLH1DsR3OsuPos0MSo","DANDE PETROLEUM BHARAT PETROLEUM","near AUTOMOTIVE SQUARE","21.17363499999999","79.128647","true"
"ChIJqV9u5PTE1DsRxlZ46qJZi8Q","IndianOil","Ground Floor Hingna Barabhai, Saoner","21.2690768","79.134288","true"
"ChIJOx80J7TJ1DsR0GTNLyjzANQ","Bharat Petroleum Petrol Pump , TAJ PETROLEUM","AJANI - GUMTHALA ROADKH NO. 166, Nagpur","21.203319","79.218721","true"