place_id,name,address,latitude,longitude,open_now
"ChIJbY3xFeLTuTsRBfTQAEC8K3Q","IndianOil","Lock No 317, near Abheraj Baldota Road, NH 50, Ballari - Hubballi Road","15.267182","76.347533","true"
"ChIJx6VuDsXTuTsRfykq_2LLtrI","Hindustan Petroleum Corporation Limited","Ground Floor, NH 50, Munirabad","15.278385","76.33106099999999","true"
"ChIJOeiOVfjZuTsRwBj7y50TgWM","BPCL Petrol Pump","Danapuram","15.1668605","76.3663819","true"
"ChIJb-1uypbRuTsRkKSpyaExlfc","P BALASUBBA SETTY AGENCIES","DOOR NO, 226, Hospet - Harihar Road, Hosapete","15.2449118","76.3612157","true"
"ChIJ08cecCPRuTsR1MQ4GWI-xvg","petrol bunk","7926+33V, National Highway 50, Hosapete","15.2502295","76.36016459999999",""
"ChIJ8ZkbGmDRuTsRFUZzFhLclDg","SRI AYYAPPA PETROLEUMS","NH 50 LHS TOWARDS, TO, Chitradurga - Hospet Road, Hosapete","15.2587175","76.3515094",""
"ChIJ03qOnrHRuTsRwEwkkaJtlxs","SADDHARMA CNG GAS STATION","National Highway 50, Hosapete","15.2507726","76.36089609999999","true"
"ChIJ-e_9LQDZuTsRkbkI6OSMuoY","SRI KANAKA PETROLEUMS","3, Shimoga - Harihar - Hospet Road, Mariyammanahalli","15.169158","76.366107",""
"ChIJCxkKaADZuTsRnsyorLEdRuo","CNG","5988+PGF, Danapuram","15.1668146","76.3663071",""
"ChIJI9rhPrHWuTsRwjJ4REj82fY","IndianOil","Lock No 313, Veerupakshanayaka Circle, Sy No 129/A, opposite New Traffic Police Station, NCC, Hosapete","15.2616629","76.3725474","true"
"ChIJvaCFymLWuTsRIPLMjbt5CS0","IndianOil","Survey no.124/10, Sanklapur, Ananthashayanagudi, opposite Karnataka Oil Factory, Hosapete","15.2581347","76.4115106","true"
"ChIJLeyXqZ3WuTsRi_M8-mHJlJY","IndianOil","Lock No 319, Bellary Road, Hosapete","15.2665309","76.3954519","true"
"ChIJpdDGCKDWuTsRJtMozheu2wE","Hindustan Petroleum Corporation Limited","Ground Floor, Hosapete Bypass Road, near Galemma Temple, Abheraj Baldota Road, Hosapete","15.2679551","76.3860401","true"
"ChIJWYgJgwLUuTsRMAbUiG-vHW4","Total Gas Filling Station","Rajeev Nagar, Arvind Nagar, Patel Nagar, Hosapete","15.2676608","76.3729","true"
"ChIJPQl5Bv_XuTsRGd_vhBsk3tw","Hindustan Petroleum Corporation Limited","Ground Floor, NH 67, Chitradurga - Hospet Road, Hosapete","15.2474844","76.384269","true"
"ChIJM7I2uL_WuTsRi_DDSYLA79U","IndianOil","Lock No 322, Ananthashayanagudi, No, 61/C, Sandur Road, Jambunathahalli, Hosapete","15.2474854","76.3854119","true"
"ChIJT-PbbZTWuTsRb7ei6A19-XY","IndianOil","Ground Floor, Jambunath, Halli, Ananthashayanagudi, Chitradurga - Hospet Road, Hosapete","15.2491258","76.38899289999999","true"
"ChIJZ8RFvUrXuTsRGpYFVGlYJCY","Ganga Agencies","near Jambunathanahall, Hosapete","15.2494859","76.3917996","true"
"ChIJLwCK7K_WuTsROXGG_qSpoMM","Hindustan Petroleum Corporation Limited","Ground Floor, Harihar Road, Hosapete","15.257281","76.374391","true"
"ChIJ_Uo_3EnXuTsRciF1fLSGd0A","Bharat Petroleum, Petrol Pump -Sneha Petroleum","HOSPET, BELLARY","15.2607758","76.3789311","true"
"ChIJCyXC9VHXuTsRakg5yBo9tGQ","Go gas auto lgp station,hosapete","796F+6H, Hosapete","15.2607764","76.3743008",""
"ChIJeYKoIF_XuTsRGOHqXlRq85g","Reliance Petroleum","S No 215/E/1, 216/A4, Dam Road, Hosapete","15.2614453","76.37976549999999","true"
"ChIJfYPcGP3XuTsRHVgIcJ_HvOU","Bharat Petroleum, Petrol Pump -Venkateshwara Petroleum","HOSPET (TB DAM ROAD), BELLARY","15.261314","76.3739988","true"
"ChIJM7I6OWfXuTsR79-4GtK9q3A","Vijaykumar T","13C/1A T S S E PETROLIUM, P K Halli Ballari Hospet Road Hospet Vijayanagar District, Hosapete","15.2633186","76.3828875",""
"ChIJ8VKDk6vXuTsR__g_2x9PhJQ","IndianOil","Lock No, opposite Pdit Engg College, 309, NCC, Rajiv Nagar, Bellari, Hosapete","15.2642761","76.37307109999999","true"
"ChIJFW7EQ0TXuTsRVr8KZGuJWS8","Aradhya Enterprises","No 50 Hubble, Canara Bank, National Highway, near Indian Oil Pump, Chitradurga - Hospet Road, Hosahalli","15.2655224","76.3943925",""
"ChIJO5rfGMLXuTsRL7X2gQsLLpU","Thirumal Auto Service","near Hospet Odakaraya Temple, Main Bazar Road, Hosapete","15.2668751","76.39114699999999",""
"ChIJQ-3YrgzXuTsRYOJ-NSHTM68","Bharat petroleum & C N G GAS STATION Srinivasa agencies","798V+JWX, MVS Area, JP Nagar, Hosapete","15.2665746","76.3950476","true"
"ChIJBR8u45rVuTsRLUC1HMQplk8","Maruthi Auto Service","near Tha Schol, 100, Bed Road, Hosapete","15.2683581","76.3842186",""
"ChIJp1MlfhHVuTsR2Pid8jPGyGg","Guru Diesels","100 Bed Hospital Road, Hosapete","15.268753","76.3802087",""
"ChIJD3PsNNjVuTsRTs3jb6RwO8k","M Veerabhadrappa And Sons BPCL","near Mariyammana Halli, Bangalore Hospet Haiway, near Mariyammana Halli, Dist, N H 51, Vijayanagar, Danapura","15.2703857","76.38760549999999",""
"ChIJo2fnqWrWuTsRADJGz9MRKnc","HP PETROL PUMP - SHARANABASAVESHWARA FUEL STAT","HPC Dealers 181 A (part) NH 63, Kariganur Villagae, Kariganur","15.24824","76.43272","true"
"ChIJqYtShi3XuTsRtggn6YLL-oI","Hindustan Petroleum Corporation Limited","Ground Floor, Chitradurga - Hospet Road, Kariganuru","15.2482953","76.4327508","true"
"ChIJObdU2SbUuTsRxyUTDBQ2e0A","GASPLUS","79CV+QF9, Jambunath Feeder Road, MVS Area, Hosapete","15.271923","76.39374939999999",""
"ChIJw8LQ0TDVuTsR5BbAUn7kvi4","IndianOil","Survey No 94, B Talkies Road, Meeralam, Hosapete","15.2722449","76.39350759999999","true"
"ChIJLTSHtgjVuTsRf7CxTgZWwR0","IndianOil","L No 292, Bus Stand Road, Hosapete","15.2724019","76.3724885","true"
"ChIJCTxYN-fVuTsRDbF23fklrAg","Pavan Auto Service","Near Sharaswthi Takis Hospet, Bellary Road, Hosapete","15.2729331","76.3908352",""
"ChIJFWSaWyHUuTsRonjOSQYd-hs","Hindustan Petroleum Corporation Limited","Ground Floor, Hampi Road, Vijayanagara, Hosapete","15.27382","76.39164000000001","true"
"ChIJXaQeP9zVuTsREZTw87RoYzg","Veeresh Auto Service","near Hospet, Bellary Road, Hosapete","15.270617","76.40519309999999",""
"ChIJtTIEuzjVuTsRPOGBR-7Uw14","Bheemesh Sudugadeppa","near M P Nagar, Hosapete - Ballari Road, MVS Area, Siddah Lingappa Chowki, Hosapete","15.2711596","76.4053253",""
"ChIJO5Arsm_VuTsRm2yGCdjJ3aY","Mahameed Ismail Auto Service","near S V K Bustend, Rani Pet Road, Hosapete","15.2748517","76.3909264",""
"ChIJm1jMplrVuTsRlPHSPUMQ5EE","SNEHA PETROLEUM","Malgi Enterprise, beside pallavi Lodge, College Road, Hosapete","15.2756008","76.3873065",""
"ChIJTRzFYTvWuTsRxONp7rYwZ70","IndianOil","Lock No 304 Hospet Bellary Road, NH 63, NCC, Hosapete","15.2431135","76.44296829999999","true"
"ChIJq5aeGlnXuTsRmcGUIjVRLWg","Basha Panchra Shop","G G Campa, Bellary Road, near G G Camp, Chitradurga - Hospet Road, Hosapete","15.2404173","76.4465571",""
"ChIJQw1hoC7VuTsR38UH8n_nC5U","Sneha Petroleum","P M, C Market Yard, Sy No 216/A2 216/A3 Harihar Road A, Vijayanagar, Hosapete","15.2809384","76.375896",""
"ChIJoRm6ZADbuTsRY3cXsAxXJok","Hindustan Petroleum Corporation Limited","Door No 788/789, National Highway 50, Vijayanagara, Mariyammanahalli","15.1480701","76.35968009999999","true"
"ChIJax-byUjVuTsRP42GAt2p3z8","Bharat Petroleum, Petrol Pump -Sree Balaji Agency","KAMALAPURA, BELLARY","15.2825942","76.372507",""
"ChIJfySHEJzHDDkRz_Cl4cKZQzI","IndianOil","Sy No 19/B2B & 20, L No 311, Vaddarhalli Hospet Bellary Rd, National Highway 67, Hosapete","15.238044","76.4733936","true"
"ChIJz8SrnTB9tzsR5oKm50iB5B0","IndianOil","Sy No 136/C, No 325, Papinayakanahalli Hospet Bellary Road, National Highway 67, Byluvadigeri","15.238805","76.47648219999999","true"
"ChIJE13rNq19tzsRSMnlS393VcQ","JIO BP Petrol Pump","6FRH+2GG, Papinayakanahall","15.2400729","76.4788293",""
"ChIJHwCFIr59tzsRBA2OLYES_9k","Bharat Petroleum Petrol Pump CNG , TSSE PETROLEUM","SY NO 13C1A, KHATA NO 29HOSPET, TO, Ballari - Hubballi Road","15.240865","76.4956291","true"
"ChIJqfjxP199tzsRCKcff_IWE6w","Vijayakumar T","Shop No 05, near PK Halli Main Road, NH 63, PH Halli, Ballari","15.241064","76.4956033",""
"ChIJd1qjYavTuTsRRtjXBdAOSWw","IndianOil","Bhairapura Survey No 175/5, Sholapur Chitradurga Road, Hosahalli","15.3044143","76.3190013","true"
"ChIJUQW5MwDTuTsRz5xOZ7GvM3Q","VIJAYASHREE PETROLEUM","Sy.No, NH-50, 175/5, Hospet Road, Hosahalli","15.3043955","76.3191398","true"
"ChIJK2OsylTSuTsRmzVLOwyyNVk","Reliance","8848+6X6, State Highway 130, Hosahalli","15.3055384","76.3174019",""
"ChIJZSvs1aLTuTsRyUtu8kGKEZw","Aradhya Enterprises I Blue Fuel Station","Shop no 1 , N H 50 Hiway, near Reliance petrol Bunk, I R B, Police sarvees road, Hosahalli","15.3061036","76.3174761","true"
"ChIJQ_mqSrvTuTsRZOun_vtF8sU","Bharat Petroleum Petrol Pump , H R S PETROLEUM","SY NO 188/2, HOSAHALLIAT POST, Hosahalli","15.308268","76.31539699999999","true"
"ChIJISAhlv_SuTsRYnggZW9Oo6s","IndianOil","Ground Floor NH15, Cross, Hitnal","15.3110282","76.31539240000001","true"
"ChIJjyt2QADTuTsRL5bS_LpBtRc","ಯಲಮಂಚಿರಿ ಪೆಟ್ರೋಲ ಪಂಪ ಮುನಿರಬಾದ","882Q+X3V, Munirabad Rural","15.3024752","76.33767859999999",""
"ChIJKdxmzYLTuTsRH2R7cioRI88","SANVI PETROL PUMP","Hanumanahalli - Kotturu - Joladakudligi Road, Huligi","15.304434","76.3372933","true"
"ChIJuSebHHZbpTsR97SoYQ0UL7k","IndianOil","Survey No 233/3, Mudlapur, Huligi - Gangavathi Road, Agalkera","15.3056211","76.3416441","true"
"ChIJe3f2okLTuTsRgkSakEMCR1k","Hindustan Petroleum Corporation Limited","Ground Floor, NH 50, Hitnal","15.3201179","76.31090879999999","true"
"ChIJv5bjl1jNuTsR_QNBLv_MlJ8","IndianOil","Survey No 15, 678 & 9, National Highway 67, Kanakapur","15.3370538","76.2702434","true"
"ChIJtTOeq3DTuTsRho3fGbvgacY","IndianOil","Survey No 312, Chikkajogihalli, Bannikal","15.345258","76.34732","true"
"ChIJNdhC-ZzNuTsRBvJPGFpBl-E","Bharat Petroleum, Petrol Pump -Sri Mahima Agencies","GINIGERA,NH - 63,KOPPAL, Koppal","15.339257","76.2673768","true"
"ChIJBQhhfvfVuTsRuSDPos-ZTwk","IndianOil","4 & 42/5, Survey No 42, Kondanayakanahalli, Ananthashayanagudi, Hosapete","15.2812951","76.4180136","true"
"ChIJL8n-vm_VuTsRaWLrLLEkK4s","Sri Hanuman petroleums IndianOil","State Highway 49, Hosapete","15.2811681","76.4192681","true"
"ChIJwVV1mprVuTsRK5285LIE6AM","Hussena Concrete","Hampi Road, Malapnagudi, Hosapete","15.2860745","76.4303559",""
"ChIJb9xaaDd-tzsRTmpWxo-2tcs","Bharat Petroleum","HOSPET-KAMPLI, ROAD, Kamalapur","15.3089219","76.475246","true"
"ChIJhV-WwLB_tzsRLkaLeYqc-qY","Sri Balaji Agencies","Kampli Road, Kamalapur","15.3088833","76.4752219",""
"ChIJi8Y4tCctuDsR2OJAyB7tnss","Hindustan Petroleum Corporation Limited","S No 39 & 42, National Highway 50, Karehalli, Ginigera","15.3685751","76.3146606","true"
"ChIJkR31PhstuDsRJn0rSjX-3_M","Hindustan Petroleum Corporation Limited","Ground Floor, Gangavathi Road, Budugumpa","15.3884183","76.30970169999999","true"
"ChIJ5fZ77gUtuDsRMXd_WF1yOm4","IndianOil","Ground Floor, Budugumpa Cross","15.3939617","76.30649389999999","true"
"ChIJN45belrNuTsRtkVReRct-80","Hindustan Petroleum Corporation Limited","Ground Floor, NH 67, Kanakapur","15.3402683","76.2630032","true"
"ChIJD9egfknNuTsRW5sBkKQPWiU","IndianOil","opposite Kalyani Steels Ltd, Ground Floor Ginigera, NH 63, opposite Kalyani Steels Ltd, Budugumpa","15.3442978","76.25575769999999","true"
"ChIJJ6rmWSYtuDsRGwkrihL4Vls","Hindustan Petroleum Corporation Limited","Ground Floor, NH 50, Kerihalli","15.3719978","76.3127588","true"
"ChIJEcwh9vMtuDsRBtBhfPFmGbs","Nayara Energy Nagoji Filling Station","Gingera Road, Guldahalli","15.3605727","76.2739137","true"
"ChIJ03LwJ6oyuDsR6jevhTZLbXI","Hindustan Petroleum Corporation Limited","Ground Floor, Ginigera","15.358392","76.268512","true"
"ChIJYX4Bg1kzuDsRDgdryVL0NjE","Bharat Petroleum, Petrol Pump -Sapthagiri Petroleums","GINIGERA BUDIGUMPA, KOPPAL, Koppal","15.3569572","76.2661188","true"
"ChIJx39ZhzjNuTsRinSGQ9LsX5U","GANGA PETROLEUMS","BAGANAL ROAD TQ, DIST, Ginigera","15.3443152","76.2462798","true"
"ChIJbbgKM4V_tzsRAwsX523HQO0","Hindustan Petroleum Corporation Limited","Ground Floor, Anegundi","15.355658","76.492736","true"
"ChIJ_9OPJg6BtzsRSjnfz9FWSOM","Kalyan Petroleums (Bharat Petroleum)","Door No 887, Sangapur Village, Sangapur, Tq, Gangavathi","15.3897326","76.5168556","true"