place_id,name,address,latitude,longitude,open_now
"ChIJ-dAS2kTWuDsRn9aInZKlNA4","Hindustan Petroleum Corporation Limited","Ground Floor, NH 63, Anchatgeri","15.3095558","75.0927033","true"
"ChIJD67D_ETWuDsR5Oj9ZjCOkUU","HP Sardar Narainsingh & Sons Petrol Pump","HPC Dealer Anchatageri Village NH 63","15.30812","75.09299299999999","true"
"ChIJNW9vWRzXuDsRvEvRIN9IGV0","Bharath Petroleum Sangmeshwar Petroleums 183949","33, 3rd Cross, Sangam Colony, Indra Prastha Nagar, Hubballi","15.3375713","75.1117263",""
"ChIJ64oc8dbXuDsRvUAyWRthxDE","Hindustan Petroleum Corporation Limited","Ground Floor NH 63, Hubli, Road, Kalaghatgi","15.2942813","75.0693692","true"
"ChIJrV9rhmvWuDsR0_ocShqQKkY","Bharat Petroleum, Petrol and CNG Pump -Aliya Petroleums","ANCHATGERI,ANCHATGERI,DHAR, DHARWAD","15.3014227","75.0789708","true"
"ChIJX839YRoruTsRS333tBdHS48","PARVATI PETROLEUMS","Parvati Petroleums Mishrikoti Khalagatagi, Road","15.2620839","75.05597290000001","true"
"ChIJAczzMM8ruTsR0r5z0W7aEFk","IndianOil","Survey No 102/1/2/4/5 Ugginkeri, Kalghatagi, Mukkal","15.2485882","75.0351709","true"
"ChIJ00CMktIruTsRzszxbRiSIU0","Siddharoodha petrol and Diesel pump","62XP+636, S C Gokul Ugginakeri, tq, kalaghatgi","15.2480395","75.0351549","true"
"ChIJwzrOBHHVuDsRPegagvxFKJk","IndianOil","Survey No 199, Kanavihonnapur, Bangitti Gudihal, A 197, Kalghatagi Road, Gambyapur","15.2850311","75.00613440000001","true"
"ChIJ2Z-jhYUquTsRI-N-A0TKrZo","Hindustan Petroleum Corporation Limited","Ground Floor, SH 1, Kalghatgi Road, Banagitti, Gudihal, Dharwad","15.2712321","75.007329","true"
"ChIJe0vrOADXuDsRbZCS7D6C0LQ","BANKAPUR GODOWNS","8485+CW, Hubballi","15.3160112","75.1098531",""
"ChIJhXTOJmDXuDsRva5-pPPcgHQ","TATA Ad Blue point","84J2+MJ, Hubballi","15.3314272","75.1014261","true"
"ChIJlR-Vw7rXuDsR1QRs0TuOPJI","Indian Oil","India","15.3111338","75.1213732",""
"ChIJOyGSkAfXuDsRMOrM77zl65c","SOUNDARYA BHARAT GAS GODWON","Hubballi","15.3422871","75.0981128","true"
"ChIJrbY8PADXuDsRulZ0oo_AV1A","MORABAD FUELS","A, Timmasagar","15.31106249999999","75.12143750000001","true"
"ChIJ45QLjR3XuDsRCDFc6sz8mbY","IndianOil","Survey No 89, Anand Nagar Road, Hubballi","15.3379773","75.1083879","true"
"ChIJB4wYOgDXuDsRjEPbZhaJoZ4","Hubballi Fuels","Bharat Petroleum Corporation Ltd, 86/1, Hubli - Karwar Road, Hubballi","15.327796","75.1182511","true"
"ChIJaYeS07jXuDsRNcDlY4bytNg","Essar Petrol Pump","84J8+V39, UKT Hills, Hubballi","15.3321677","75.1152319",""
"ChIJW6t_VRfXuDsRNNGdhqoK7j4","Sangameshwar Petroleums","81/B Krishnageri colony, Anand Nagar Road, old, Hubballi","15.3376249","75.11160339999999","true"
"ChIJNelaibHXuDsRMSZrJEptdJI","Gogas Auto LPG","Anand Nagar Road, Gurunath Nagar, Fatestawali Nager, Hubballi","15.3375661","75.1122594","true"
"ChIJ_6nebQDVuDsRJcFRvZRYLvs","Anjaneya Fuels BPCL","925V+H6, Hubballi","15.3589695","75.043397",""
"ChIJAw-tnvyvwDsROsgd_TFNKq4","IndianOil","Survey No 26/A Dasanur, Kalaghatagi, Kanvihonnapur","15.3409653","75.00868260000001","true"
"ChIJ3ZP9nUDVuDsR7Muuo83dpMM","Chandalingeshwara petroleums","82R5+9CQ, State Highway 1, Dhummawad","15.3409656","75.008595","true"
"ChIJ9yKGZXvVuDsRxxm4jtjaU7k","IndianOil","Survey No 81/4, Tarihal Industrial Area, Hubballi","15.358421","75.036333","true"
"ChIJjSeR8wDXuDsRxPoN55J7gqY","Shell","opp. to Electric Grid, Hubli-Misarikoti, opp. to Electric Grid, Road, Hubballi","15.3315","75.11994399999999","true"
"ChIJ2wiz2_PXuDsRIjsns9BOAlo","BP Petrol Pump","","15.2973623","75.14670559999999",""
"ChIJh1z9qXDXuDsR8yjE9zcR-YE","IndianOil","Ground Floor, Near Bankapur, Old, P B Road, Katnur","15.3313871","75.1428487","true"
"ChIJTeDPenDXuDsRt78dZAC-TXo","Hindustan Petroleum Corporation Limited","Ground Floor, Bankapur Chowk, PB Road, Katnur","15.3342029","75.1421747","true"
"ChIJdbWSEULXuDsRTozMMokotPk","SUPERGAS Auto LPG Station","near Gurusideshwar nagar, Ward No- 3, CTS no- 804/1, Tumkur ONI, near Gurusideshwar nagar, P.B Road, Hubballi","15.3469305","75.1370616","true"
"ChIJzQtqPiHXuDsRuIEEmq-UGVQ","Shell Gokul Road","Gokul Road, Hubballi","15.350916","75.116446","true"
"ChIJZ6NL7iPXuDsRtJ4mv9LpkKQ","IndianOil","9437+PMV, opposite to New Bus Stand, Gokul Road, KSSIDC, Industrial Estate, Hubballi","15.3510105","75.11455839999999","true"
"ChIJeX3o2SDXuDsR4i0kWQ0s1FM","Padmavathi Aegis LPG Pump","9426+74H, Gokul Road, Industrial Estate","15.3506912","75.1103621","true"
"ChIJUdYBt1zXuDsRDnUv_QxUJdw","HP PETROL PUMP - RM JOSHI","HPC Dealer Lamington Road Dist., Belgaum","15.352433","75.143411","true"
"ChIJrWdijkbXuDsR0KD7Ax5cYrs","IndianOil","Srinath Complex, New Cotton Market Road, New Cotton Market, Besides","15.3548412","75.1354152","true"
"ChIJyzZSStnWuDsRtgf9Cfs4UgI","HP Petrol Pump","HPC Dealers, Basaveshwar nagar, Gokul Road, Hubballi","15.3512007","75.103227","true"
"ChIJR0MAdi_XuDsRAF85mUuStGI","Bharat Petroleum, Petrol Pump -B S Kallur Petroleum","UNKAL, PUMP HOUSE RD, Hubballi","15.3586698","75.1166657","true"
"ChIJv4_yQVrXuDsRCdaJhwLNXwE","Hindustan Petroleum Corporation Limited","Ground Floor, Keshwapur Road, Bhavani Nagar, Chandranath Nagar, Keshwapur, Hubballi","15.358251","75.14686379999999","true"
"ChIJd7KWVgApuTsRMBl6jYnWnro","IndianOil","Ground Floor, Shankaranarayana, Kundapura","15.277393","75.146339","true"
"ChIJgXwvy9vXuDsR2ecLgRIXQpA","IndianOil","State Highway 73, Adargunchi","15.2905269","75.1529586","true"
"ChIJwSzULozXuDsR7tyt38I30UA","Bharat Petroleum","India","15.3078641","75.1463175",""
"ChIJ58BPNwApuTsRvCfeX9uh9iA","Murarhalli Bharath petroleum","74GX+W8R, Murarhalli","15.2770876","75.1482506","true"
"ChIJiWV5JozXuDsRQfi64hfiJ9k","Jayam Petroleum","NH4, SERVICE ROAD, Hubballi","15.3079677","75.146864",""
"ChIJzzTUMQDXuDsRSOihFnKQ85k","Bharat pretroleum","75J3+PP7, Adargunchi","15.2820153","75.1539684",""
"ChIJGxouyITXuDsRel82hk784vc","MRPL Petrol Bunk","849V+6C3, Hubli - Dharwad Road, Gabbur","15.3180044","75.14353390000001","true"
"ChIJOQvax3_XuDsR6z77ye00Xsc","Sri Basava Fuels","22/3 Gabbur, cross, Hubballi","15.31878729999999","75.14259729999999","true"
"ChIJf4VkXfzXuDsRLQ7bRJubyNo","Tongali Petroleum","Mavanur Road, Nekar Nagar, Old Hubli, Hubballi","15.326694","75.13169599999999","true"
"ChIJRXppUgnRuDsREc87p2Cc4YQ","IndianOil","Sy No 579/2, Hubballi","15.2693919","75.1632145","true"
"ChIJL_UHansnuTsRFT4TtClV3Uo","Bharat Petroleum, Petrol Pump -Shri Vigneshwar Traders","ADERGUNCHI, HUBLI TALUK,DH, DHARWAD","15.2680237","75.1638327","true"
"ChIJXWGRpw_XuDsRmQmXLR9qcYU","NAYARA","Hubli - Karwar Road, Ayodhya Nagar, Hubballi","15.332306","75.12158649999999","true"
"ChIJuUsJWgDXuDsRsmS4s9n0_x4","Shri Siddarudha Petroleum","10/47, 10/47, Hubli - Karwar Road, Siddaruda Nagar, Hubballi","15.333331","75.1226727",""
"ChIJabVN-5rXuDsRGvDoQCrujr4","IndianOil","Ground Floor, Hubli - Karwar Road, Dharwad","15.334368","75.122986","true"
"ChIJsUAecXDXuDsRbNZzvFFbcew","Fueling Station BPCL","Yallapur Oni, Basavanna Nagar, Hubballi","15.3345084","75.1424299",""
"ChIJmTd9a3DXuDsR1NPlpjoFfU0","Hindustan Petroleum Corporation Limited","Jigalur Building, Bankapur Chowk, PB Road, Hubballi","15.3349479","75.1418302","true"
"ChIJWZEDFwDXuDsRKFHsXXeiZ7U","IndianOil","Ground Floor, Hubli - Karwar Road, Katnur","15.337219","75.126609","true"
"ChIJ77OBsCXXuDsRn3bTmOZxpY0","Reliance Petroleum","near Bankapur, Cts No 2975/121, G/1, G/2 Old Pb Road, near Bankapur, Chowk","15.3363907","75.1400846","true"
"ChIJDR3fwxPXuDsR-A2DaO98i8c","TotalEnergies","India","15.3394323","75.1264328",""
"ChIJM-65XyfXuDsRe_qSNXAnT-M","V P PRABHU","Shop No 02, V P Prabhu Petrol station, near New Bus Stand, Mastikatta Circle, Hubballi","15.3391744","75.1399441",""
"ChIJE67PUwPXuDsR3vkMFeTYTI0","IndianOil","Survey No 24/4, Old Mantur Road, Yellapura","15.3362918","75.14973429999999","true"
"ChIJlQkZAxrXuDsRWwszAW4u8qw","Essar Petrol Pump","84R9+F7X, Rajendra Nagar, Hubballi","15.341246","75.1182374",""
"ChIJJSi2OwApuTsR9kw5MCusWQg","Bhavani renuka petrol pump","64RV+H5, Pale","15.2414531","75.1429653",""
"ChIJJRghumvXuDsRU34q6wKIWQY","IndianOIl","Ward No 4, Torvi Hakkal","15.3437171","75.1351012","true"
"ChIJJUrvRVYpuTsRI69jyjaR09I","SHELL PALE","Bengaluru - Mumbai Highway Chabbi, Taluka, Hubballi","15.24041","75.14325","true"
"ChIJd29Ogi3XuDsRlrhYxpyhYQs","Indian Oil Petronas - Propel Auto LPG Station","Mill Road, 477/A & 477/B, Hubli - Karwar Road, Hubballi","15.3456495","75.1325645","true"
"ChIJVyC8SyQpuTsRTXbH-17qvT8","Hindustan Petroleum Corporation Limited","Ground Floor, NH 48, Dharwar","15.237807","75.142575","true"
"ChIJ-alIeibXuDsRa_GEaUoXOf0","Anulata Auto GAS/ Auto-LPG","54, Chaitanya Nagar, Rajendra Nagar, Hubballi","15.346024","75.11296","true"
"ChIJkyTiEwDXuDsRpP14zA66CC4","INDIAN AUTO GAS","84W7+C52, RN Shetty Road, Rudraganga Layout, Chaitanya Nagar, Rajendra Nagar, Hubballi","15.3460066","75.11289239999999",""
"ChIJAe_mJULXuDsR_c6FQi2zQXw","S. M. Mirjankar & Co.","Traffic Island, Chennamma Circle","15.3496226","75.1374209","true"
"ChIJheoidD_XuDsRw6gdFLLhVc0","Hindustan Petroleum Corporation Limited","Ground Floor, Bharath Mill Road, Vikas Nagar Road, Hubballi","15.3501727","75.1300536","true"
"ChIJDVLUlD7XuDsRa7NEf1lPB2M","Jyothi Service Station","Gokul Road, Airport Road, Hubballi","15.3510685","75.1267343","true"
"ChIJWVng2HDZuDsRikjfUnVC4Bc","Hindustan Petroleum Corporation Limited","Ground Floor, NH 63, Km 143/314, Gadag Road, Bammapur, Hubballi","15.3610252","75.2080629","true"
"ChIJpyn2A-TZuDsRTDqGDvIxEhc","IndianOil","Ground Floor, Hubballi","15.3189051","75.2023279","true"
"ChIJCzpgK9knuTsRqNs7Z0LetaY","Petrol pump","766H+8XC, Pura","15.2608133","75.22989539999999",""
"ChIJa_cAbjInuTsR0WUCaz4-CEo","IndianOil","Survey No 331/2, Panchayat Rd, BK, Kundgol","15.2526528","75.2439066","true"
"ChIJsxSuFJ3ZuDsR5JJw65MfCDI","Sri Sai Petroleum","BAMMAPUR HUBLI, NH-63,DHAR, DHARWAD","15.357901","75.1875778","true"
"ChIJ5b6IXQDZuDsRdB1O6_9bPPE","Mahadevappa Petroleum","953C+PQ, Hubballi","15.3543611","75.1719167",""
"ChIJf_DmYAAhuTsR46y3zxZoCp0","Hindustan Petroleum Corporation Limited","Ground Floor, SH 73, Laxmeshwar Road, Kundgol","15.245212","75.255167","true"
"ChIJgW_ts2zRuDsRGbGWYvW_0t4","Hindustan Petroleum Corporation Limited","Ground Floor, Navanagar, Amargol, Hubballi","15.3962923","75.0841583","true"
"ChIJUfLn7X7RuDsRJR4w1QU6tnQ","IndianOil","Ground Floor, Rayapur, Hubballi","15.4100073","75.06248599999999","true"
"ChIJT-CLKILRuDsRBmdcNStckiA","HPCL Depot","C378+FJG, Hubballi","15.41368","75.0665902","false"
"ChIJhbgqtzPXuDsRFyhkoouTde8","Hindustan Petroleum Corporation Limited","Ground Floor, Old, PB Road, Prashant Colony, Vidya Nagar, Hubballi","15.3656434","75.1228884","true"
"ChIJj_unHTjSuDsRNlLJDPz8r4A","Hindustan Petroleum Corporation Limited","Ground Floor, SH 73, PB Road, Navalur, Suthgatti Village","15.4209102","75.0387283","true"
"ChIJAXSU0ETVuDsRYa0gk684oNg","Hindustan Petroleum Corporation Limited","Plot No 65E & 65F, Survey No 69 NH 4, Bengaluru - Mumbai Highway, Tarihal, Pune","15.3627086","75.0474838","true"
"ChIJLZfPdEHRuDsRYJ0y5mO-0ds","IndianOil","Plot No 114 to 119, ShivanandNagar, Hubballi","15.386244","75.079987","true"
"ChIJgfhWmO3RuDsRsy7ChRDfiUk","IndianOil","Survey No, Plot No 97 & 98, 97 & 102, Saraswatpur, Hubballi","15.3984786","75.08123359999999","true"
"ChIJF6BK_3fXuDsRcDfCKHXp0Zk","Bharat Petroleum, Petrol Pump -Renuka Petroleum","Gokul Road, BASAVESWARANAGAR, DHARWAD","15.3511975","75.10323950000002","true"
"ChIJNQmSuWnXuDsR-OnA-O5jgds","Hindustan Petroleum Corporation Limited","Ground Floor, Basaveshwar nagar, Gokul Road, Hubballi","15.351161","75.103291","true"
"ChIJTZxYPRjRuDsRmDVa67uShcE","Vaishnavi Petroleum. (B.P.C.L)","Hubli - Dharwad Road, APMC, Hubballi","15.3936068","75.0908953","true"
"ChIJzfuJ-nvRuDsR_0U2Je2SCzM","Bharat Petroleum- Srinivasa Petroleum","C348+GJG, Rayapur, Hubballi","15.406309","75.0665922",""
"ChIJ2dpGjo3XuDsRu1THeRqRr3o","Bharat Petroleum, Petrol Pump -Jayalaxmi Petroleums","AKSHAY COLONY, HUBLI,DHARW, DHARWAD","15.3600551","75.1097547","true"
"ChIJvzgntyDXuDsRjI53mbJLM1M","Bharat Petroleum","9425+8HX, Laxmi Layout, Basaveshvar Nagar, Hubballi","15.3508653","75.10898999999999","true"
"ChIJf0fc3eXXuDsRG_KynweNRD4","Atharv Petroleums","7, Gokul Road, Akshay Park, Chaitanya Nagar, Industrial Estate, Hubballi","15.3490875","75.109492","true"
"ChIJGVMP4jfRuDsRNpRdz66Sr-8","Bharat Petroleum, Petrol Pump -Om Sai Ram Petroleum","HUBLI,BHAIRI DEVARAKOPPA,, DHARWAD","15.3888884","75.1027713","false"
"ChIJTcwIEdjRuDsRYNEPnB8sA80","Bharat Petroleum, Petrol Pump -Mstones","SAINAGAR HUBLI, DHARWAD, DHARWAD","15.3893003","75.1031479","true"
"ChIJP52DHiHXuDsRdCeEUUJp9a8","Amogh Petroleum's CNG and HPCL Dealer","beside Urban Oasis Mall, opposite 2nd gate Gokul industrial Estate AIRPORT ROAD, Gokul Main Road, Hubballi","15.3502947","75.1118989","true"
"ChIJKyneOq_RuDsRnZvrqKxroLc","Shell","PB Road, Bairidevarkoppa, Hubballi","15.38325","75.10861","true"
"ChIJbar9pMvRuDsRljFuy-tS40M","IndianOil","Survey No 612, 1/1A, Amragol, Amargol, Hubballi","15.406013","75.0897946","true"
"ChIJY6qTm_LTuDsRs3KsvIrOuhg","R G FUELS-IOCL","kalghatagi road, Kanvihonnapur","15.3787439","75.0061406","true"
"ChIJoTEFWyTXuDsRaXjAY33XFyU","Gulf Oil Lubricants India Limited","India","15.353733","75.1160003",""
"ChIJo8IQ9tnQuDsRw8aOg7_spvE","Doddmani Petroleum Services","opp. Unkal Lake, PB Road, Munneshwar Nagar, Hubballi","15.3809526","75.1134319","true"
"ChIJaYrO6THSuDsRvGbPt7C2yj0","IndianOil","Opposite SDM College, PB Road, Sattur Colony, Dharwad","15.416835","75.048386","true"
"ChIJx3zyG9HTuDsRsTbxYVfoAEE","The GESCOS BPCL PUMP SATTUR DHARWAD","C29V+8MQ, Hubli - Dharwad Road, Sattur Colony, Dharwad","15.4183499","75.044224","true"
"ChIJsRNTCADXuDsRnM-atypXjUs","INDIANOIL PETROL PUMP","948C+H2R, Prashant Colony, Vidya Nagar, Hubballi","15.3662637","75.1197206",""
"ChIJ28LkHADXuDsRT5Q1P6MEiwg","Hindustan Petroleum Corporation Limited","Ground Floor, near RFSL, Gokul Road, Dharwad","15.351336","75.120524","true"
"ChIJK5_uWvjXuDsR3FQFgSoybJI","Bharat Petroleum, Petrol Pump -Kallur Petroleum","Kallur Layout, Hubballi","15.3550567","75.1268741","true"
"ChIJMazqd6nXuDsRTtC3-qK7csw","Petrol","Vidya Nagar, Hubballi","15.3660235","75.1273187",""
"ChIJYQwgVMrXuDsRrqdBee5jIZ0","IndianOil","Ground Floor, Vidya Nagar, Hubballi","15.3579082","75.1282221","true"
"ChIJD1wTcOjQuDsR2H807vGNxdw","Shreevari Bharat Gas","India","15.3940921","75.1201537",""
"ChIJZV8FR_fZuDsRf2QONN1MW5U","IndianOil","Survey No 33/2B, NH 218, Road, Hubballi","15.367507","75.167267","true"
"ChIJswERNIHXuDsRPQ5wof4PzOI","Bharat Petroleum, Petrol Pump -Vaishnavi Petroleums","OPP APMC, HUBLI AMARGOL, DHARWAD","15.3534316","75.1322928","true"
"ChIJ73VseEbXuDsRaV4AbUV51Es","Bagi Petrol Pump","Deshpande Nagar, Hubballi","15.3566905","75.1369572","true"
"ChIJmyop2UbXuDsRAdynmHDE8uY","Total Gas Vishnu Vimal Agency auto Lpg station","New Cotton Market, Deshpande Nagar","15.3542188","75.1347423","true"
"ChIJN3lTyUbXuDsRvKXlF1qPJpE","Neha Go Gas AUTO LPG Station","3/4, Lane Number 5, New Cotton Market, Deshpande Nagar, Hubballi","15.3534924","75.1352114",""
"ChIJyXsn00TXuDsRZjRme2exytQ","IndianOil","Ground floor, Club Road, Hubballi","15.356115","75.142746","true"
"ChIJm3Uc1d3XuDsROAeb116Mpj0","Hindustan Petroleum Corporation Limited","Ground Floor, Lamington Road, Hubballi","15.3524501","75.143368","true"
"ChIJS0YofADXuDsRUHfXvb0g9-A","ATHER CHARGING GRID","942V+WFC, Hubballi","15.3523103","75.1436298",""
"ChIJ_Vup5FzXuDsRy_6cZ9xivQc","Hubli Gas","942W+G26, J C Nagar, New Hubli, Hubballi","15.3513","75.14502800000001",""
"ChIJ7cBrhcjQuDsRyWjpwSpgrPs","Mstones Petrol Pump","Sainagar, Road, Gopanakoppa","15.3804773","75.12764589999999","true"
"ChIJrQ4F0CrXuDsRNEFfc46539M","Bharat Petroleum, Petrol Pump -Deshpande Petroleum","Keshwapur, DHARWAD","15.36587","75.1498807","true"
"ChIJoYi1xKzXuDsRg2k8xnlOJVg","Petrol pump shell","Solapur Road, Keshwapur, Hubballi","15.362806","75.153167","true"
"ChIJT14wyOPZuDsR8W4fbDQ4S_I","Hangyo","India","15.3560293","75.15804330000002",""
"ChIJ75Woz3fZuDsRx14zTsfEw0Y","IndianOil","Ground Floor Bammapur, NH 63, Hubli - Gadag Road, Byahatti","15.362593","75.213137","true"
"ChIJZ9xXup7ZuDsR7hEAakHhKDA","Itc Godwan Bammapur Vhillege","9668+W35","15.3622561","75.2152431","false"
"ChIJP4e4cErZuDsRWPq0wKcoRpw","BPCL Ladies Operated COCO- BP KESHWAPUR","BPCL Ladies COCO, opp. Oxford College, Bagalkot Road, Keshwaour, Hubballi","15.3671688","75.1680099","true"
"ChIJvQ6iepXbuDsR9xtgAmoy4sk","IndianOil","Lock No 300, Survey No 21, A/2, Bellary Talur Road, Asundi, Bellary","15.3933","75.212","true"
"ChIJC2Rjd4LbuDsRqq7JwiQ-z54","Jeevankanti petroleums","Bijapur- Solapur highway, bhyahatti main road, Kusugal","15.3972252","75.2111464","true"
"ChIJH6PwV7bQuDsR668QNndyF_c","IndianOil","Survey No 176, 5/6C, Gopanakoppa, Hubballi","15.3899178","75.1719632","true"
"ChIJhbyMkcDbuDsRQlSAM3L2EcA","Hindustan Petroleum Corporation Limited","Ground Floor, NH 218, Hubli Bijapur Road, Kusugal","15.4000509","75.2201414","true"
"ChIJY83srevbuDsR7uN65oV5kSI","S S B Auto FUELS","Auto FUELS, S S B, Roan Road, Belvanki, Hubballi","15.3990932","75.22456919999999",""
"ChIJkcihYH3SuDsR6usMhED6K5o","Hindustan Petroleum Corporation Limited","Survey No 59, 1 & 59/2 NH 48, Shinganahalli, Vidyagiri, Dharwad","15.4432911","75.0146616","true"
"ChIJRWjzC4XNuDsReAEi0PD94-A","IndianOil","Survey No, near Hebballi Road, 434, Hebsur Road, Agafi, Dharwad","15.4628124","75.02432619999999","true"
"ChIJlUPuB4nSuDsRyAJEUofxfJY","Hp Gas Gowdown","C2Q6+6H9, State Highway 1, Rajatagiri, Gandhinagar, Dharwad","15.4380259","75.01147399999999",""
"ChIJxV4b1PPSuDsRwT_KFnGaCnQ","HP PETROL PUMP - SRIKALMESHWAR PETRO STORES","Hpcl Dealers Kalghatgi Road, hattikolla, mailarling Nagar, Tejaswi Nagar","15.4254921","75.0067664","true"
"ChIJp9av3n3NuDsR-g2J__l_fyg","IndianOil","opposite Lekshmi Takies, NH 4, PB Road, Gandhinagar, Dharwad","15.454571","75.00851399999999","true"
"ChIJmepGz57NuDsRgqtlQIzLiSk","Hindustan Petroleum Corporation Limited","Ground Floor, Saundatti Road, Haveripeth, Dharwad","15.4725567","75.0195691","true"
"ChIJy4i2_qDSuDsRW8nCk06g9Vs","SRI GURUSIDDAPRABHUDEVARU Petroleum BPCL RO","LPG Territory, Haliyal Road, Tungabhadra HDS, Vijyanand Nagar, Saptapur, Dharwad","15.4492434","74.9877351","true"
"ChIJO_1KUH3SuDsRQjjmw8m137A","Jio-bp","Plot No 2 & 3, Old, PB Road, Vivekananda Nagar, Vidyagiri, Dharwad","15.442583","75.01488400000001","true"
"ChIJuffxSH3SuDsRUzd9Bw2v9N8","IndianOil","Hubli - Dharwad Road, Vidyagiri, Dharwad","15.4430201","75.0149801","true"
"ChIJeXvo4JvNuDsR_t_a2C2AXlU","GO Gas Auto LPG Gas Filling Station","15, Madihal, Madhial, Dharwad","15.4623063","75.0245631","true"
"ChIJc6TOCUnTuDsRLRp1k6o8Rww","IndianOil","Kalghatagi Road, Saraswatpur, Dharwad","15.4400379","75.01209519999999","true"
"ChIJY_WJZw3TuDsRcxGRvtlB6ig","Shell India Markets Private Limited","Hubli Toll Naka, CTS NO. 323/3, be survey no 25, near dharwad, behind domino's Pizza Hut, PB Road, Hosayellapur, Dharwad","15.4480922","75.01222469999999","true"
"ChIJaQcf-ObTuDsRkzBe4mtO1OI","Shell","PB Road, Hosayellapur, Dharwad","15.44816","75.01205","true"
"ChIJ7bUUTp3TuDsRPDtJvQ8RWts","Bagalkot Petrol Pump","F226+689, Shivpuri Colony, Malmaddi, Dharwad","15.4505482","75.0108702","true"
"ChIJ2999L97TuDsR-sJbTfprCnQ","Hindustan Petroleum Corporation Limited","Ground Floor, Kalghatgi Road, Dharwad","15.425405","75.006706","true"
"ChIJBfRuOq_TuDsRfoshbPOV9Q4","IndianOil","Cts No 121, 8/121/9121/10, Hosayellapur, Dharwad","15.4499971","75.0060396","true"
"ChIJ_xgfJp_NuDsRXgZJ22MKXFs","M/S Pawar Petroleum","India","15.4738559","75.01941479999999",""
"ChIJqSkE0v_TuDsRxsZhVRANWsc","Vijaylaxmi Petrol Pump","SH1","15.4149525","75.0004053","true"
"ChIJ98OPWRzTuDsRjuvFnFVzZsQ","Bharat Petroleum - Shrimahalaxmi Petroleum","Khalgatgi road, Nuggikeri","15.4149375","75.00031249999999","true"
"ChIJDSyUV3rNuDsRYpwuFDN1gtE","Petrol Pump","F264+P7Q, Maratha Colony, Dharwad","15.4618387","75.00573109999999","true"
"ChIJ2cztumLNuDsRiMZSU_iZjm0","Go Gas auto LPG station","F263+MXV, State Highway 1, Alnavar, Dharwad","15.4614603","75.004858",""
"ChIJJ3pBjLHNuDsRTNd46XbSKzU","IndianOil","Survey No 113/8, Mrityunjaya Nagar, Hubballi","15.4819303","75.0233994","true"
"ChIJLzU0d87NuDsRg1iOWGMHZew","Total energies auto lpg gas station Vishnu Vimal Agency","dsp circle, Old, PB Road, Dharwad","15.4623736","75.0041079","true"
"ChIJazN5g2_NuDsRno7F4FN4xa4","Dodmanni Bharat Petrol Bunk","Alnavar, Dharwad","15.4641809","75.0001181","true"
"ChIJcVU0HGTNuDsRlLi-aqQHOlk","M.D. Water Service Station","FX5W+FRV, Haliyal Road, Narayanpura, Dharwad","15.4587447","74.99704849999999",""
"ChIJdz_u_qDSuDsRa2oVgy6vVkw","Hindustan Petroleum Corporation Limited","RS No, 16, Channabasaveshwar Nagar, Dharwad","15.4488367","74.9878518","true"
"ChIJ-cW3oP3PuDsR3x9nmnynzJ8","Bharat Petroleum","Shivahalli, Dharwad, SH-28, Supa Haliyala Dharwad Hebsur Road, Dharwad, Dharwad","15.463988","75.14586899999999","true"
"ChIJISXkWMDPuDsR8vpYEqAvdUY","IndianOil","near Bus Stand, Ground Floor Shivslli Rd, Hebballi, near Bus Stand, Belur Indl Area, Dharward","15.4780601","75.1310614","true"
"ChIJ1Sh2wTnPuDsRYboUAYDej9M","Yashodhara Petroliam","F4HF+884, Maradagi","15.4779329","75.1243243","true"
"ChIJ8YjB2UbbuDsRxedawPuWUkk","Hindustan Petroleum Corporation Limited","Ground Floor, Hebsur Road, Byahatti","15.4516525","75.22777440000002","true"
"ChIJlbeODMTbuDsRi68Y3bxWnkw","IndianOil","Survey No 973, Block 4, Byahatti","15.4433455","75.2057133","true"
"ChIJV_nDiDvbuDsRWyQ-x88agLg","HP PETROL PUMP - KIRAN PETROLEUM","Hpcl Dealers Hebsur Road Byahatti, Belgaum","15.450216","75.216662","true"