place_id,name,address,latitude,longitude,open_now
"ChIJjxmGiLBmUjoRqIUqbp8p0yU","IndianOil","Lock No 1106, 122, Kaliamman Koil Street, Koyambedu, Chennai","13.0648488","80.1978264","true"
"ChIJ3XZ7PdRmUjoRpdDLIbzd0zw","IndianOil","Lock No 1044/121 Thiruvalluvar Salai, Nesapakkam, K. K. Nagar, Chennai","13.03783","80.192201","true"
"ChIJV2uBFdRmUjoRe4dV9rFO0hg","Bharat petroleum & CNG - Nesapakkam (Ammu fuel station)","BHARTH PETROL PUMP, 3 A, 2nd Street, K K Nagar, KK Nagar West, Nesapakkam, Chennai","13.0377002","80.19183679999999","true"
"ChIJRSQFIg9nUjoRsJ-wKK0iMKI","IndianOil","Lock No 1029/122, Saidapet, Chennai","13.020941","80.22518199999999","true"
"ChIJwQ0Cs49dUjoR9YmeSNav9_U","Hindustan Petroleum Corporation Limited","Shop No 402, opposite Metro Water, 2 150, ft Byepass Road, Velachery, Chennai","12.9796575","80.218498","true"
"ChIJzRgSL-dmUjoRJN1ml27Hoh8","Maruthi Agency (BPCL Dealer)","Jawaharlal Nehru Salai, Sector 10, Krupa Colony, Ashok Nagar, Chennai","13.0407653","80.2121043","true"
"ChIJ7eyH2I5dUjoR6jKhLILJT0g","BPCL: Velachery","X6J9+W7J, Velachery Bypass Road, Velachery, Chennai","12.982333","80.21814499999999","true"
"ChIJtZyyRw1nUjoRLeoeoo0xl6k","Bharat Petroleum Corporation Limited - MCLOA","No. 24-B, Anna Salai Saidapet, Guindy, Chennai","13.012732","80.22229",""
"ChIJtet0LiNnUjoR2YqPNTkDfto","IndianOil","Lock No 1034, 121, Jawaharlal Nehru Salai, Ekkatuthangal, Chennai","13.0231372","80.20634369999999","true"
"ChIJGQ1cGeBmUjoRkORPTqfj5pc","IndianOil","2, Ashok Pillar Main Road, Ashok Nagar, Chennai","13.034775","80.2109396","true"
"ChIJS6oEvdVgUjoRCkPpXJQfoRo","IndianOil","Lock No 1060, 82/83, 121, Kamarajar Salai, K P Nagar, Ramapuram","13.031608","80.18410500000002","true"
"ChIJlx4jsT5nUjoRmEg2zoKNYgY","Hindustan Petroleum Corporation Limited","Gajapathy Colony, 4 & 5, Jawaharlal Nehru Salai, Madavilagam, Ekkatuthangal, Chennai","13.015975","80.204796","true"
"ChIJI2sJGyNnUjoRZ-NFGZjrm4c","Shell","100 Feet Road Jn, Rd, Ekkatuthangal, Chennai","13.02474","80.20657","true"
"ChIJDbbvzlNmUjoRZjkyQK5dqms","IndianOil","No 109, Sir Thyagaraya Road, T. Nagar, Chennai","13.0248674","80.22844359999999","true"
"ChIJ4_L6SVNnUjoR5xghtOgZ3GM","Hindustan Petroleum Corporation Limited","No 355/B, Grand Southern Trunk Road, Alandur, Chennai","12.994981","80.187891","true"
"ChIJXc8XzYRmUjoRBShLegn5Lrs","IndianOil","New No 141, Old No 25 Arumbakkam, Aminjikarai, Puliyur","13.06054","80.2116058","true"
"ChIJ2a8cAdlmUjoRCM-xXp-e37g","IndianOil","Lock No 1183/12, Tripliane Urban SOC, Sector 6, K. K. Nagar, Chennai","13.0370912","80.2016189","true"
"ChIJVWE8HB1nUjoRJ4MMRXmwxWo","IndianOil","Lock No 1113, 122 16/2, Govindan Road, Chennai","13.0320122","80.2195169","true"
"ChIJN_LyUn1nUjoRKQ_KybB81qg","IndianOil","Velachery Main Road, Anna Garden, Velachery, Chennai","12.989844","80.2211726","true"
"ChIJxy8_0-dmUjoRaWpHUk9Ahgw","Hindustan Petroleum Corporation Limited","48, Saidapet Road, Vadapalani, Chennai","13.045241","80.212471","true"
"ChIJGydyaftdUjoRnlbobo8Y8cM","IndianOil","Lock No 1058, 121, Medavakkam Main Road, Tambaram, Ullagaram, Chennai","12.9783542","80.1941391","true"
"ChIJa4q8US5hUjoRE04HnI9dmO8","Shell","Arcot Road, Valasaravakkam, Chennai","13.04226","80.17958999999999","true"
"ChIJU5hTcyRhUjoRPZ0aoEcOuZ0","IndianOil","L 1034/122, No 83, Lock No I, 04716, Arcot Road","13.039862","80.171249","true"
"ChIJq050DeBgUjoRK-7vPH4t6WY","Shell","25J7+HQ3, Mount Poonamallee Road, Somasundaram Avenue, Porur, Chennai","13.0313","80.16456","true"
"ChIJSb8CLcpmUjoRUWRKAfrq8zE","Hindustan Petroleum Corporation Limited","Survey No 15, 12, Kaliamman Koil Street, Virugambakkam, Chennai","13.053711","80.192621","true"
"ChIJS0XzP6xnUjoRKTcflAgH_y0","Hindustan Petroleum Corporation Limited","483, Anna Salai, Nandanam, Chennai","13.031095","80.239182","true"
"ChIJHUHJke1mUjoRpeMlU7fryjE","IndianOil","Lock 1199/121, S No 163, Sivan Kovil South Street, Stpuliyur, Kodambakkam, Chennai","13.0536321","80.2202519","true"
"ChIJu9v6zlNmUjoRStPzSGVjF8w","Hindustan Petroleum Corporation Limited","32, Sir Thyagaraya Road, T. Nagar, Chennai","13.0402442","80.24006419999999","true"
"ChIJGzGioulmUjoRObeHF1Co9KU","Bharat Petroleum, Petrol Pump -Uma Service Station","KODAMBAKKAM (OPP MEENAKSHI","13.0536404","80.22636829999999","true"
"ChIJr75g-PxgUjoRXeE81CyK7_A","Bharat Petroleum Bunk","State Highway 113, Ramanatheshwarar Nagar, Porur, Chennai","13.0288309","80.1515595","true"
"ChIJ51G28T1hUjoRdd-njzYfK7g","Hindustan Petroleum Corporation Limited","332/2, Alapakkam, Porur, Chennai","13.048861","80.16608699999999","true"
"ChIJC-yXOLldUjoRzyFObLgzCMw","IndianOil","Lock No 1164/122 23/2, Pallikaranai, Velachery Main Road, Madipakkam, Chennai","12.959457","80.213921","true"
"ChIJ0cdubuxnUjoR2ghShDZiJRI","IndianOil","Lk 1004/122 No 3, Padmanabha Nagar, Adyar, Chennai","13.006804","80.2582199","true"
"ChIJwUKdOUxmUjoRoicXht4pJSo","Hindustan Petroleum Retail Outlet @ Super Service Station","No.529, Anna Salai, Teynampet, Chennai","13.0403505","80.2469737","true"
"ChIJQbTSa6VmUjoRXK1rYH1toHc","IndianOil","opposite Flower Market, No 4793/4678, Lock 1188/122, opposite Flower Market, Koyambedu, Chennai","13.069619","80.199821","true"
"ChIJ08J2y-tnUjoRdqdL7H8dez0","Bharat Petroleum","2765+4GP, Sardar Patel Road, Gandhi Nagar, Adyar, Chennai","13.0103323","80.25883879999999",""
"ChIJryb1GDVmUjoRFeC2hjdNrbw","Hindustan Petroleum Corporation Limited","400, TTK Road, Seethammal Colony, Lupti Colony, Alwarpet, Chennai","13.0367964","80.25562409999999","true"
"ChIJ2TWXnKRmUjoR21slGcUU9aM","SUPERGAS - Auto LPG Station - Noblegas LPG Services","208/24, Jawaharlal Nehru Salai, Jai Nagar, Arumbakkam, Chennai","13.0703618","80.2039492","true"
"ChIJtUaQ9plmUjoRd6nwqp5E7RU","Hindustan Petroleum Corporation Limited","Block No 22, CP20, Main Road, MMDA Colony, Arumbakkam, Chennai","13.069641","80.215201","true"
"ChIJ1337CWphUjoRwBRkIZ9edeg","IndianOil","46/1, Alapakkam Main Road, Maduravoyal, Chennai","13.0600928","80.1651587","true"
"ChIJSWY_JlBhUjoRaISr2QAdprY","HP PETROL PUMP - SARAN AGENCIES","No 120 & 122, Poonamallee High Road, Maduravoyal, Chennai","13.067361","80.178181","true"
"ChIJrfsmjcNnUjoRFiTq12iv_QM","Hindustan Petroleum Corporation Limited","26, Greenways Road, Thideer Nagar, Raja Annamalaipuram, Chennai","13.018601","80.261461","true"
"ChIJv5XS82hdUjoRVgkTt0WREQA","IndianOil","No 1/260, Highway Road, Kelambakkam","12.977001","80.251378","true"
"ChIJh4IfJ1BhUjoRYgnjTj6gpn4","Hindustan Petroleum Corporation Limited","opposite Lbear Mat School, 147/B, Poonamallee High Road, Nerkundram, Chennai","13.072751","80.18878099999999","true"
"ChIJW0Y_SJZmUjoRI8JFHl7Mpjo","IndianOil","Lock No 1135, No.12, 122, Jawaharlal Nehru Salai, Arumbakkam, Chennai","13.0731729","80.20974559999999","true"
"ChIJN0IgE9pgUjoRFyJkc77HEQc","IndianOil","Lock No 1038, 42/62, Nelson Manickam Road, Aminjikarai, Chennai","13.072632","80.2213884",""
"ChIJIU5GMbZdUjoRwRUFryVaPwo","Hindustan Petroleum Corporation Limited","No 31 & 32, Velachery - Tambaram Main Road, Pallikaranai, Kanchipuram","12.951347","80.210816","true"
"ChIJY2hOQ8VnUjoRlC4i40SlvDU","IndianOil","Lock No 1074, 121, Ramakrishna Mutt Road, Chennai","13.024413","80.26451899999999","true"
"ChIJcV5wgEFmUjoRzo03mH6iE54","IndianOil","L 1033, 122/7, NH Service Road, Chennai","13.055787","80.248886","true"
"ChIJC-K3C0teUjoRtXoyY1BXenE","IndianOil","Grand Southern Trunk Road, Pallavaram, Chennai","12.9704069","80.15090699999999","true"
"ChIJPdzLG9BnUjoR00JT08MDIl4","Hindustan Petroleum Corporation Limited","opposite Mandaveli Bus Depot Road, 27 Raja Annamalai Puram, opposite Mandaveli Bus Depot Road, Mandaveli, Chennai","13.026011","80.2660878","true"
"ChIJa8pgnJ9mUjoRjOJpyC6k5-4","Total Gas,Visu fuel Hub","Ols #71,Opposite Panchaliamman Koil, 313, Poonamallee High Road, Arumbakkam, Chennai","13.0772986","80.2107142","true"
"ChIJbRyu9zhmUjoRGe8Z8XRpztQ","Bharat Petroleum Fuel Station","3724+4HJ, Avvai Shanmugham Salai, Gopalapuram, Chennai","13.0503448","80.25639699999999","true"
"ChIJc5sLbspdUjoR28-FLxb9810","Shell","Velachery - Tambaram Main Road, Vill, Pallikaranai, Chennai","12.94707","80.20904999999999","true"
"ChIJF4oEBWZeUjoRg_xcZJvIlm0","Shell","200 Feet Radial Road D, Chennai","12.95253","80.17021","true"
"ChIJjbCqFWZeUjoRYMDy2c2u47g","Nayara Energy/ Shri Shyamala Enterprises","Pallavaram-Thuraipakkam Road, English Electric Nagar, Veeramani Nagar, Kovilambakkam, Chennai","12.9518526","80.16988769999999","true"
"ChIJH05Jy4BmUjoRC078mASeFMA","IndianOil","Lock No 1013, 122, Poonamallee High Road, Shenoy Nagar, Aminjikarai, Chennai","13.0750061","80.2304573","true"
"ChIJHR_BtYBmUjoRxpREPLS36Og","Hindustan Petroleum Corporation Limited","near PACHAIYAPPAS COLLEGE, 737, Poonamallee High Road, Chennai","13.075221","80.230841","true"
"ChIJs7b3AENgUjoRoFBLuytCVMI","JSK Fuel Station Bharat petroleum corporation limited","1/1, 1/129,1/1, State Highway 113, Periyapanicheri, Gerugambakkam, Chennai","13.0115463","80.1289826","true"
"ChIJf1nCa0NeUjoRQjRcYLDFAvE","Bharat Petroleum Petrol Pump , SRI VIDHUR AGENCIES","NO.211, 10A, 200 Feet Radial Road, Zamin Pallavaram, Arulmurugan Nagar, Chennai","12.9544778","80.1607419","true"
"ChIJkXpSL9ZnUjoR1y6zHrzplko","IndianOil","129, Santhome High Road, Mylapore, Chennai","13.028728","80.276253",""
"ChIJT7pcIT1mUjoRLiY7gB2mkD8","IOCL Pump","3747+JQV, Westcott Road, Indira Garden, Royapettah, Chennai","13.0565875","80.26440869999999",""
"ChIJYWY2zC5mUjoR9irqGe3TB20","Bharat Petroleum","25, Doctor Radha Krishnan Salai, Jagadambal Colony, Dwarka Colony, Mylapore, Chennai","13.0444199","80.2703116","true"
"ChIJ_bamWCNmUjoRLgN4qosb0Js","IndianOil","No L1014/122, 41, Peter's Road, Royapettah, Chennai","13.053598","80.265755","true"
"ChIJowfUiUBdUjoRaQtBNbmZwBw","IndianOil","No 1/186, Lk 1122/122, SH49, East Coast Road, Kottivakkam, Chennai","12.9686445","80.25727069999999","true"
"ChIJAeY8FBZmUjoRSz4Nz3umfAo","KOHINOOR -Bharat Petroleum Fuel Station","Part of Ground floor, Door No. 225, 3, Anna Salai, Express Estate, Thousand Lights, Chennai","13.0602005","80.2610988","true"
"ChIJxR0BwBJmUjoRnMwj0r7Uprs","BP Petrol Bunk","below the bridge, No. 403/62, Pantheon Road, Egmore, Pantheon Road, Sulaiman Zackria Avenue, Egmore, Chennai","13.068756","80.255814",""
"ChIJySB74A1mUjoR5houpKdlqGM","HP Fuel Station MSHSD AUTO CAR CARE Pantheon Road","36, Pantheon Road, Egmore, Chennai","13.0720634","80.2597931","true"
"ChIJUVA9-HJmUjoRR90yFEjNe2Q","IndianOil","No 89, Lk 1035/122, Lock, 04687, Spur Tank Road, Chetpet, Chennai","13.072356","80.25160199999999","true"
"ChIJeVMlSQ9mUjoRCWOa0n4SX44","IndianOil","Ground Floor, Egmore, Chennai","13.0758763","80.26414419999999","true"
"ChIJ-eu1_3ZmUjoR_zZDs6wfgAw","Hindustan Petroleum Corporation Limited","260, EVR Periyar Salai, Kilpauk, Chennai","13.078081","80.246301","true"
"ChIJSbMssQpmUjoRMFGqqJ5fGLE","Bharat Petroleum Petrol Station","No:6, Raja Annamalai Road, Purasaiwakkam, Chennai","13.0804838","80.25493209999999","true"
"ChIJhVFk6PJnUjoRD7db9IXyMfM","IndianOil","60, Lattice Bridge Road, Adyar, Chennai","12.9996903","80.25606169999999","true"
"ChIJnzK6FHlmUjoRzG-jGt1MDv8","Kumaran Service Station HP Petrol Pump","Poonamallee High Road, Dasspuram, Chetpet, Chennai","13.0767004","80.2391004","true"
"ChIJUXQNGABnUjoRJysRKWTC1mQ","Bharat petroleum","3/1, Durgabai Deshmukh Road, State Bank of India Colony, Raja Annamalaipuram, Chennai","13.0183232","80.2611723",""
"ChIJUVzL6cNnUjoRt6b25zns0hc","Hindustan Petroleum Corporation Limited","Ceebros Grayshott, Raja Annamalaipuram, Chennai","13.0178056","80.2608321","true"
"ChIJJckfUdhnUjoRyDhMm3ZhgNE","IndianOil","No 1102/121, Lock, 2, Saint Marys Road, Mandaveli, Chennai","13.0293001","80.26570099999999","true"
"ChIJQ81oXAJnUjoRFQmabp1yINo","Hindustan Petroleum Corporation Limited","Survey No 80, New, Sardar Patel Road, Kotturpuram, Chennai","13.0067218","80.2525084","true"
"ChIJ9wIGGwBnUjoRy2jMD_Hgjps","Hindustan Petroleum Corporation Limited","Survey No 80, New, Sardar Patel Road, Kotturpuram, Chennai","13.0067218","80.2525084","true"
"ChIJka8HcgBnUjoROrYfc5itRK8","COCO Adyar","2742+MW7, Sardar Patel Road, Nehru Nagar, Adyar, Chennai","13.0066761","80.25243239999999",""
"ChIJ2_ZCYwBnUjoRtO2MeK8g7S4","GoGas Auto LPG Station","2-16, Chamiers Road, RA Puram, Thideer Nagar, Raja Annamalaipuram, Chennai","13.0237672","80.2526603","true"
"ChIJB0quoslnUjoRJPG69on5N-c","Bharat Petroleum, Petrol Pump -Balakrishna Automobiles","Saint Marys Road, Demonte Colony, Abiramapuram, Chennai","13.029305","80.2538223","true"
"ChIJYRwjKdBnUjoRzIJ0fZ2PQEk","Bharat Petroleum Petrol Pump , BALAKRISHNA AUTOMOBILES ADHOC","76, Pasumpon Muthuramalinga Thevar Road, Chennai","13.02787","80.25112","true"
"ChIJM0C6XUZnUjoRsrDnGC_5_ng","Bharat Petroleum, Petrol Pump -Sri Meenakshi Enterprises","Luz Corner, Mylapore, Chennai","13.0374653","80.2657418","true"
"ChIJb1KxXi1mUjoR-V_5i8NRsHs","Charat Petroleum","27P8+X8X, Luz Church Road, Kapali Thottam, Mylapore, Chennai","13.0374895","80.26586859999999",""
"ChIJAxx_RjVmUjoRYRsrCHCom1s","Hindustan Petroleum Corporation Limited","Hpcl Dealers, 400, TTK Road, Alwarpet, Chennai","13.0367964","80.25562409999999","true"
"ChIJnTHirTFmUjoRwx7yY9QeHVQ","IndianOil","Lock No 1030/122, 68, Royapettah High Road, Mylapore, Chennai","13.0418999","80.26842020000001","true"
"ChIJuXWNGSNnUjoRuOVfpka6KLo","Hindustan Petroleum Corporation Limited","188/A, Royapettah High Road, Mylapore, Chennai","13.0422173","80.2680166","true"
"ChIJjYOXnbxnUjoRr4PHTTTaYTA","HP Adhoc Service","259, Royapettah High Road, Rangaiah Garden, Mylapore, Chennai","13.0424477","80.26791759999999","true"
"ChIJL1pv37lnUjoRx4dPzLadEIY","Go Gas Auto LPG Bunk Alwarpeth","off CP Ramaswamy Road, 106, TTK Road, Flyover, CIT Colony, Mylapore, Chennai","13.0401476","80.2582126","true"
"ChIJkRaraDZmUjoR5iUqjx476QI","Imc Limited","IMC Limited, ""Neeladri 3rd Floor, 9, Cenotaph Road, Rathna Nagar, Alwarpet, Chennai","13.0299974","80.2455035","true"
"ChIJFZAYVi5mUjoREh6NcP0aw0Y","IndianOil","Lock No 1091, 122 59, Doctor Radha Krishnan Salai, Mylapore, Chennai","13.0444487","80.2633647","true"
"ChIJ4wpyR8hlUjoR4WAundTNPuQ","IndianOil","No 7/8, Lk 1104, 121, Constable Road, Alagesan Nagar, Ayanavaram, Chennai","13.1023479","80.2414198","true"
"ChIJiypWKM9lUjoRdbfbVdRiAJY","IndianOil","Lock No 1048, No 36, 122, DKH Road, Ayanavaram, Chennai","13.0973957","80.24074019999999","true"
"ChIJN3ppTvhjUjoRecc4qn6JFE4","Bharat Petroleum COCO Outlet","Ambattur Estate Road, TS Krishna Colony, Chennai","13.0882632","80.18514309999999","true"
"ChIJ_UgDX2JkUjoRJhZcbwsgBSs","IndianOil","Plot No 16, Lock 1137/122, Inner Ring Road, 17, Kolathur Road, Sivananda Nagar, Tiruvallur","13.123624","80.201584","true"
"ChIJH6emy2pkUjoR9AdMq-77ElI","Bharat Petroleum, Petrol & CNG pump","VILLIVAKKAM (NR PADI JN.), Chennai","13.1028366","80.2081924","true"
"ChIJwYlOyLhjUjoR_cMrbtV_jmI","IndianOil","No 1026/121, No S304, Lock, opposite TI Diamond Chain, CH 53, Madras Thiruvallur High Road, Ambattur, Chennai","13.102769","80.158188","true"
"ChIJuefEh_FjUjoRXBdFCvX0cLg","Alto Engineering","No. 7/82, Jagadhasanigai Nagar, Thiruvallurvar Street - 600 052,, Padi","13.0958955","80.1795638",""
"ChIJReduDUNkUjoRp9BAS9fSPYA","IndianOil","Lock, 1096/121, Jambulingam Main Road, General Kumaramangalam Colony, Chennai","13.112005","80.2139839","true"
"ChIJj188KQ5kUjoRIANrF_4-HlU","IndianOil","P No 1381, Lock No 1172/122 W Extnch, B, Anna Nagar, Chennai","13.094107","80.19837199999999","true"
"ChIJqRvGG9VlUjoRVMy90eJnc94","Hindustan Petroleum Corporation Limited","26, New Avadi Road, Kilpauk, Chennai","13.083091","80.233871","true"
"ChIJld9v501kUjoRhcgdO0ItlxM","IndianOil","Lock No 1031/121, No, Salaiperiyar Ngr, A100, Karthikeyan Road, Jawahar Nagar, Chennai","13.113165","80.2268417","true"
"ChIJlWhxSwRkUjoR6vHZEr-iK3I","Hindustan Petroleum Corporation Limited","No R21/2, Ambattur Industrial Estate, Chennai","13.087567","80.19482099999999","true"
"ChIJcYcErSVkUjoRUc4c1Bg-rfo","Hindustan Petroleum Corporation Limited","No E, 1, Anna Nagar 3rd Main Road, Chennai","13.088151","80.21833099999999","true"
"ChIJ49aia-VjUjoRSl3bMTpBnVo","Hindustan Petroleum Corporation Limited","No G, 10, Ambattur Industrial Estate Road, Ambattur, Mogappair, Chennai","13.088691","80.174701","true"
"ChIJSQLTus9lUjoRyXa4W8f7xHA","Bharat Petroleum Pump Station Ayanavaram","Medavakkam Tank Road, Nammalwarpet, Ayanavaram, Chennai","13.0936189","80.24127770000001","true"
"ChIJb_yV6-xjUjoR83Mxjz8nlig","Bharat petroleum","35XC+QRP, Chennai Tiruvallur High Road, Periyar Nagar, Mannurpet, Chennai","13.0994742","80.1720807","true"
"ChIJNW0ofX5mUjoRuO_7jbgqTwo","Bharat Petroleum","310, Poonamallee High Road, Chetpet, Chennai","13.0757611","80.2347508","true"
"ChIJUeK0L3tkUjoR2WmmN1hksHw","IndianOil","Lk No 1110/122, Tin 33841363595, Near, Jawaharlal Nehru Salai, Sathankuppam, Thyagaraya Nagar, Chennai","13.1169926","80.1983241","true"
"ChIJSU9PMcNjUjoRq58zKN3FE4Q","Swetha K Enterprises Bharat Petroleum","35Q6+RCP, 2nd Cross Main Road, Jaswant Nagar, Attipattu, Ambattur Industrial Estate, Chennai","13.0895791","80.16109","true"
"ChIJ8fKOvMNjUjoRKXv7wn8N-Wo","Nayara Petrol Bunk (ESSAR)","600058, 3rd Main Road, Ambattur Industrial Estate, Chennai","13.093088","80.1612889","true"
"ChIJ_b4BqVJkUjoRpRlDxqlg8qo","SHRI RAMACHANDRA AGENCIES","27, 10, SRP Koil Street North, Peravallur, Perambur, Chennai","13.115133","80.2316488","true"
"ChIJ0yJyM9hlUjoRv7U67iPFdMU","Hindustan Petroleum Corporation Limited","9A, Balfour Road, Chennai","13.084136","80.24430699999999","true"
"ChIJaQlIUL9jUjoRqcDhPRFFtEE","Hindustan Petroleum Corporation Limited","No D/21 Ambattur Industrial Estate, Ambattur, Chennai","13.101351","80.16017099999999","true"
"ChIJJ7mm0NxlUjoRIciyBQgNGF4","IndianOil","Door No 243, 1 243/2 & 243/3, Brick Kiln Road, Purasaiwakkam, Chennai","13.0919448","80.2511505","true"
"ChIJjbe8lfFkUjoReIlaAI29WQk","IndianOil","Ground Floor, 200 Feet Ring Road, Ponniammanmedu, Chennai","13.135538","80.21661399999999","true"
"ChIJaYaOwP9kUjoRlx-wudH-s4A","Kamaldeep enterprises (nayara retail outlet)","80 Feet Road, Thanikachalam Nagar, B Block, Ponniammanmedu, Chennai","13.1279032","80.2307399","true"
"ChIJv3H_Cr9lUjoRjwMgtgUgqwM","Propel Auto LPG","4742+7HJ, Perambur High Road, Jamalia Nagar, Jamalia, Chennai","13.105713","80.2513836","true"
"ChIJqbrB7ohvUjoRd5orpoSmsMQ","IndianOil","Survey No 3753, Tondiarpet, Chennai","13.1404482","80.2956142","true"
"ChIJcyY02-hlUjoRXpeNUMKZVQo","IndianOil","No 1106, New No 63, Old No 31, Lock, 121, Perambur Barracks Road, Purasaiwakkam, Chennai","13.0950927","80.2591444","true"
"ChIJeWq9PeNlUjoRRbkJ4LkJxXQ","HP Petrol Pump","99, Vepery High Road, Periamet, Vepery, Chennai","13.0856493","80.26449490000002",""
"ChIJv-SyblRvUjoR578fcTWXq-w","IndianOil","Lock No 1007/122 Ratan Bazaar","13.086373","80.281219","true"
"ChIJCUYb8I1lUjoRWQbIdsO6pDE","IndianOil","Ground Floor, 1, Erukkenchery High Road, Vyasarpadi, Chennai","13.109632","80.26623599999999","true"
"ChIJdVufKkxvUjoR-34rKDuF89E","HP PETROL PUMP","HP Dealers NO2 Subramaniam Stree, Krishnamoorthy Nagar, Kodungaiyur, Chennai","13.0885399","80.2904638","true"
"ChIJLWWJT2FvUjoRC7pAqgC0KOs","Bharat Petroleum- Eshwanth petrol agency","89/35, Cemetery Road, Minakshi Ammanpet, Old Washermanpet, Chennai","13.1102471","80.28156899999999","true"
"ChIJWZxplphlUjoRQtZrN4q6ufA","Sukkkara Service Station","Erukkenchery High Road, Vyasarpadi Industrial Estate, Vyasarpadi, Chennai","13.1199158","80.25540319999999","true"
"ChIJP-0lwWtvUjoRQ2GvkRswcw8","Hindustan Petroleum Corporation Limited","17/1L West, South Madha Church Street, Royapuram, Chennai","13.109759","80.294817","false"
"ChIJg3bmOX5vUjoRdY9s1X_g00A","IndianOil","Lock No, 1093/121, Kathivakkam High Road, Korukkupet, Old Washermanpet, Chennai","13.124465","80.277817","true"
"ChIJdRVntYJlUjoRfCHKAHj9XZY","Nayara Petrol Pump","15 543, Mahakavi Bharathiyar Nagar East, Mahakavi Bharathi Nagar, Vyasarpadi, Chennai","13.1261477","80.26567779999999","true"
"ChIJ54I27nVlUjoRAU5vE1bzFdw","Hindustan Petroleum Corporation Limited","2, Subramaniam Street, Krishnamoorthy Nagar, Chennai","13.1280585","80.259868","true"
"ChIJwwfDjXZvUjoRe8-8tfEQghQ","IndianOil","No 18, Tondiarpet, Jeevarathnam Road, Royappa Nagar, Chennai","13.1251226","80.29241019999999","true"
"ChIJKz3443dvUjoRnfFkkHVo6Fk","IndianOil","Old No 86, New No 115, Seniamman Koil Street, Tondiarpet, Chennai","13.1280917","80.28890880000002","true"
"ChIJnVgXqKBlUjoRF1h8H_xDnp8","Bharat Petroleum Bunk","Erukkancheri, Kodungaiyur, Chennai","13.126885","80.24948760000001",""
"ChIJOVTfuHRlUjoRbq5sFGRdFU0","Sri Swamy Agencies Bharatkakareeddi Petrol Pump","47J4+J62, Sidco Main Road, Kaviarasu Kannadhasan Nagar, Kodungaiyur, Chennai","13.1315238","80.25551589999999",""
"ChIJScuB-kVvUjoRFvAD543Vp5g","Hindustan Petroleum Corporation Limited","8, Rajaji Road, Chennai","13.094893","80.29289600000001","true"
"ChIJGxyhWgBvUjoRj3oNGKpVpuU","Scamming petrol bunk thirutuu pu......","309-465, Rajaji Road, Mannadi, Chennai Port Trust, Chennai","13.0949223","80.29269359999999",""
"ChIJlRSOT29vUjoRtq_MGQjWcfE","Hindustan Petroleum Corporation Limited","Ground Floor, Parry's Corner, Chennai","13.0895401","80.2905601","true"
"ChIJxy6uIqdvUjoRD_RPxy-4UyU","Bharat Petroleum, Petrol Pump -V.S.Subramania Chetty","PARRYS CHENNAI, Chennai","13.0869718","80.2898724","true"
"ChIJe4NqjkNvUjoRUl7RNxrOF2c","Sri Narasimha Petroleum Corpn","1, Jal Naicken Street, Alandur, Alandur, Chennai","13.100593","80.2917325",""
"ChIJORTSZhRvUjoRm2xUkJsOiqE","TIRUCHENGODE AGRICULTURAL PRODUCERS CO OP MARKETING SOCIETY LTD","Chetty Thottam, Royapuram, Chennai","13.1043","80.293114",""
"ChIJzRXPwpxvUjoRWPa1gSMx9Jw","Mahindrsbabu","GasAuto Rouya, Chennai","13.1076779","80.2937077",""
"ChIJLw97pllvUjoRVMLg-U6iirs","Manimaran","Auto Gas, Royapuram, Chennai","13.1076673","80.29369",""
"ChIJYWrufGdvUjoRWZIUZdYWqZQ","AKILA","Royaoyr Auto Gas, Chennai","13.1076805","80.2936783",""
"ChIJDXFM1ttvUjoRzX8cWQynZFQ","Dhanalakshmi","Gas Bunk, Royapuram, Chennai","13.1078423","80.2937489",""
"ChIJTY1C9lRvUjoRpASIcHLXTEw","MOHAMED THABREEZ","AUTP GS, Royapuram, Chennai","13.1078233","80.2937283",""
"ChIJDbAZTz1vUjoRgLnj19ayFS4","VINAYAGAM","Auto Gas, Royapuram, Chennai","13.1078703","80.29372260000001",""
"ChIJK2FqLB9vUjoRPE3up0teUcI","Kader","Royal iran Gas, Chennai","13.1077","80.2936168",""
"ChIJzUh_nAxvUjoRVlL4HjyH2cw","TOTAL PETROL STATION","South Madha Church Street, Pudumanaikuppam, Royapuram, Chennai","13.1078066","80.2936639","true"
"ChIJTZDxvI9vUjoRZlgyzCuOGWI","Moideen basha","Petrol Bunk, Royapuram, Chennai","13.1076715","80.2935315",""
"ChIJgfqYHQRvUjoRg0fo2vByXG8","Fazulullah","Auto Gas, Royapuram, Chennai","13.1078726","80.2936355",""
"ChIJ6xxmh_FvUjoRCsr8PaguiyQ","Thiyagarajan Gopal","Auto Gas, Royapuram, Chennai","13.1077771","80.2934695",""
"ChIJuSdWWUlvUjoREzlIH1pNHBw","KALAISELVAN","Auto Gas, Royapuram, Chennai","13.1077345","80.2933556",""
"ChIJ8ba4-e5vUjoRKZ1jF49XvO8","Bharat Petroleum, Petrol Pump -Laxmi Auto Services","West Madha Church Street, Royapuram, Chennai","13.1102097","80.2947557","true"
"ChIJ3fVUmaFvUjoRE9QNXxtV0N8","SASIKUMAR","Auto Gas, Royapuram, Chennai","13.1104075","80.2935593",""
"ChIJqR5zOaFvUjoRoA77mcKi0S8","RAMESHKUMAR","Auto Gas, Royapuram, Chennai","13.1106371","80.2936294",""
"ChIJ57d-bA5vUjoRd-_zqjozigo","ELUMALAI","Auto Gas, Royapuram, Chennai","13.1103043","80.2933783",""
"ChIJmaOeqzFvUjoRiSCrJqnMBNY","IndianOil","Lock No 1166/121, Tin 33610001308, near 10th Gate, T Nagar, Chennai Port Trust, Chennai","13.073291","80.28611269999999","true"
"ChIJvxh_glpvUjoRKjyc-ToNmmQ","Majestic Petroleum","77 B, Thatha Muthiappan Street, Sowcarpet, Parrys, George Town, Chennai","13.0941242","80.2858806",""
"ChIJYfg6cG1vUjoR9dWzirmCfzM","HPCL Cassimode BOT","478W+GHJ, GM Pettah Road, Kalmandapam, Royapuram, Chennai","13.1163423","80.2963951",""
"ChIJ20JRdFFvUjoR-jJ1fiu2aXw","Evershine Oil Company India","18, Umpherson Street, Broadway, George Town, Chennai","13.0896031","80.2848099",""
"ChIJ5br9SVRvUjoR5e-Gif5vKI8","THIRUPAL","Auto Gas, Royapuram, Chennai","13.1153271","80.2952116",""
"ChIJ4_s4ZlFvUjoRAAAAMOVeTjk","HHH Petroleums","No. 17, Tondiarpet, Chennai","13.0889767","80.2839391",""
"ChIJ1_tT3kNvUjoRQPm_39-wemc","IndianOil","1013, Lk, 121/1, Tamil Nadu Public Service Commission Road, Esplanade, Chennai","13.085279","80.283485","true"
"ChIJaXFDRG5vUjoRPxpFO-D8QRc","K.S.P. OIL","478R+3JQ, West Kal Mandapam Road, Kalmandapam, Royapuram, Chennai","13.1152229","80.2916058",""
"ChIJk3OotG9vUjoRyoQsrfepMBc","MURUGAN OIL","478R+46H, West Kal Mandapam Road, Royapuram, Chennai","13.1153165","80.2906239",""
"ChIJydYfn1ZvUjoREkY0DTQmXoc","White Petrol","No. 3 Devaraja Mudali Street Sowcarpet, Peddanaickenpet, Park Town, Chennai","13.088483","80.28074",""
"ChIJUeUFczJvUjoRDQsOcERaySY","babu babu","perr bunk, Kasimedu, Royapuram, Chennai","13.1212705","80.2936264",""
"ChIJoR3DgERvUjoR8BL-Ka07nK0","IndianOil","Lk No 1082/121, Tin 33350341145, Evening Bazaar Road, Chennai","13.0832416","80.27919419999999","true"
"ChIJpfDlKXJvUjoRboipEGGnn3w","Bharat Petroleum","Surya Narayana Street, AJ Colony, Royapuram, Chennai","13.1213451","80.2936311","true"
"ChIJxUhnbN5vUjoRsqiBiFwFrWI","Selva","Kasimedu, Royapuram, Chennai","13.1213411","80.29354049999999",""
"ChIJ6YFvhp5vUjoRtKfny3GXGLA","RANGITH","Bunk, Kasimedu, Royapuram, Chennai","13.121261","80.2934143",""
"ChIJS-RZwyZvUjoRcuB6k5cPkDw","Mohammed","Gn Cherry Road, Kasimedu, Chennai","13.1212367","80.2933867",""
"ChIJO3r5M7JvUjoRHERrj4-MlmE","TAJDEEN","Kasimedu, Tondiarpet, Chennai","13.121249","80.293352",""
"ChIJEc7fpD5vUjoRgds9i40fh44","Thirumalai Chetty","47CV+VJ7, Singaravel Nagar, Royapuram, Chennai","13.12217","80.294043",""
"ChIJE7kojuFvUjoRu7dXAubiuJQ","IndianOil","Loc Dealerslock No 1005/122 75, 600 013, Fishing Harbour, Royapuram, Chennai","13.1251993","80.29654409999999","true"
"ChIJp2gYYgBvUjoRL64V1TpSZtw","CHU714","Ground Floor, Shop No.16, Balaji Pride Complex, 5, Thulasingam Street, Sowcarpet, George Town, Chennai","13.0907799","80.2785681",""
"ChIJwfuaOQBvUjoRFHoVfEz7ygA","GasPlus Auto LPG - Old Washermenpet, Chennai","479R+Q58, Gollavar Agraharam Road, Old Washermanpet, Chennai","13.1194119","80.29046369999999","true"
"ChIJUQELkwFvUjoRoM1zH4YjAuM","Smart Benny","Gas Bunk, Tondiarpet, Chennai","13.1194237","80.29047159999999",""
"ChIJB_STmKJvUjoRakSAPaDPtjQ","IndianOil","Lock No 1121/122 Kasimedu, Fishing Harbour, Chennai","13.126766","80.297096","true"
"ChIJRZl4M2RvUjoR5-tiIo0JKjI","ANANDHA OIL CORPORATION","India","13.1122157","80.2849203",""
"ChIJxdVuRr5vUjoRGrR7DYDAh5o","Naresh","Th, Kasimedu, Royapuram, Chennai","13.1245494","80.293396",""
"ChIJI5z-3FdvUjoR7eOOXDAQCZU","Subham Enterprise Hindustan Petroleum Dealer","37RG+VW6, Erulappan Street, Sowcarpet, Chennai","13.0921744","80.2772761",""
"ChIJOZnYvHVvUjoRfqLmG673dLQ","Hindustan Petroleum Corporation Limited","Plot No 90/B, Fishing Harbour, Royapuram, Chennai","13.127069","80.29548299999999","true"
"ChIJI-LuhP5vUjoRM2fKR8D-xIU","IndianOil","L No 1043, 122/90, SN Chetty Street, Fishing Harbour, Cplx, Chennai","13.12793","80.295677","true"
"ChIJJz5ZXK9vUjoR2Cld7Qr6kGA","Hindustan Petroleum Corporation Limited","No 20, Fishing Harbour, Kasimedu, Chennai","13.1291109","80.2969131","true"
"ChIJf6GwB19vUjoRvoO6STCheIw","Jaya Agencies","No 5, Peddu Street, George Town, Chennai","13.1022643","80.2789363",""
"ChIJcdGn5G5nUjoR-faJkmYZX3U","MTC Central IOCL Bus Depot","37GG+G5C, Pallavan Salai, Chintadripet, Chennai","13.0762389","80.27598619999999",""
"ChIJ55spBStlUjoRZdCiEgWbvbQ","Krishamoorty","Puratchi Thalaivar, Dr. M.G. Ramachandran, Central Railway Station, Periyam Central, Kannappar Thidal, Chennai","13.0832022","80.27552519999999",""
"ChIJJ1uR2OVkUjoRbZkRD8o3rgE","HP Fuel Station","NH 5, Madhavaram, Chennai","13.138412","80.22913109999999",""
"ChIJ08d8zbhkUjoRWsUlFU1d0jc","Bharat Petroleum Petrol Pump","5635+J48, Mettu Street, Mettuppalaiyam, Puzhal, Chennai","13.1540392","80.20783899999999","true"
"ChIJ0a7CDOZkUjoRsrWycihrSKI","IndianOil","No 815 & 816, Grand Northern Trunk Road, NH 5, Madhavaram, Ponniammanmedu, Chennai","13.1429384","80.2227383","true"
"ChIJ5UGY6LJkUjoRDRoKlRL1Xm8","HP Petrol Bunk torrent cng pump","HPC Dealers, Grand Northern Trunk Road, Pozal, Chennai","13.1689801","80.2006892","true"
"ChIJC6NLat1kUjoRTaX23K-EG_Q","HP PETROL PUMP - PRIYA AGENCIES","Srinivasa Nagar, Madhavaram, Chennai","13.1487171","80.2221864","true"
"ChIJsYxkEeZkUjoR48SKyoZOOe8","HP Petrol Pump - COMCO Madhavaram","46VC+CW7, A-37, National Highway 16, J Garden, Madhavaram, Chennai","13.1435513","80.2223127","true"
"ChIJu9jS1uVkUjoRPLPHHIyzcpw","IndianOil","186, Grand Northern Trunk Road, Madhavaram, Chennai","13.1428828","80.2233025","true"
"ChIJ4U6b_tlkUjoRAQ3zEl3oEII","IndianOil","S No 468, 3, 200 Feet Ring Road, Madhavaram, Chennai","13.1598984","80.22705309999999","true"
"ChIJh2ScMddkUjoRgXIxOWab82s","Hindustan Petroleum Corporation Limited","Ground Floor, Parking Yard, near Manjambakkam, Jawaharlal Nehru Salai, Madhavaram, Chennai","13.1622505","80.227036","true"
"ChIJf16zaTZ7UjoRnNKZlF5x4wo","IndianOil","Lock No, 1161/121, SN 34, Madavaram Red Hills Road, Sumangali Nagar, Vadaperumbakkam, Chennai","13.178138","80.2118301","true"
"ChIJBxOHtrNjUjoRAJ66syQM0tM","Reliance Petroleum","9, Ambattur Red Hills Road, Gangai Nagar, Kallikuppam, Ambattur, Chennai","13.131934","80.1725321","true"
"ChIJR0O37l57UjoR-RVDnA6nH7Y","IndianOil","Lock No 1040/122, No 2/373, NH 5, Bypass Road, Red Hills, Padianallur","13.189282","80.191177","true"
"ChIJK3opIDRlUjoR9hJlzBRzu8Y","Hindustan Petroleum Corporation Limited","No R, 62/1, Kamaraj Salai, MMDA, Mathur","13.166965","80.250429","true"
"ChIJNcmtJwZjUjoRyGLCffk17-A","Hindustan Petroleum Pump","31/46, Surapet Main Road, Bharati Nagar, Ambattur, Chennai","13.1269948","80.15383609999999","true"
"ChIJV5hS-x57UjoRi79unvQNh8g","JMR Fuel Enterprises Essar Petrol Pump","Priya Nagar, Vilangadupakkam, Perungavur","13.1979903","80.2283405","true"
"ChIJ3Q1135R8UjoRf64sJV_4Vpk","AVR BALASUBRAMANI SONS , INDIAN OIL","M G R Street Gandhi Nagar, Red Hills, Naravarikuppam","13.195395","80.16606290000001","true"
"ChIJ9_WNNUhlUjoR7OpZko_PSpM","IndianOil","No 1/1B2&1/8, Lk 1183 Kamarajar Sal, Tiruvallur, Madhavaram","13.1640776","80.25570309999999","true"
"ChIJ_RtDq6djUjoRoSR74XLgkXg","Bharat Petroleum, Petrol Pump -Sri Chamundeeswari","AMBATTUR (NH-205) CHENNAI, TIRUVALLUR","13.1185225","80.1498787","true"
"ChIJFX1Mto58UjoRR3WCIe-X99o","Hindustan Petroleum Corporation Limited","No 109/IC5, Grand Northern Trunk Road, Padianallur","13.208951","80.172051","true"
"ChIJIZBjg_5iUjoROy2YgLvVR6M","IndianOil","near Vivekananda School, Lk 1086/122, NH 205, near Vivekananda School, Madras Thiruvallur High Road, Ambattur, Chennai","13.128083","80.13945009999999","true"
"ChIJfeLEm_tiUjoRnSKH_CpuuSA","Hindustan Petroleum Corporation Limited","S No 359/3B & 359/2E2, Thirumullaivoyal, Ambattur","13.130671","80.13628100000001","true"
"ChIJJWMc1vxkUjoR2Xl5M8c4RFs","Shell","Grand Northern Trunk Road, Vill, Madhavaram, Chennai","13.13638","80.23066999999999","true"
"ChIJ_UL8KuRlUjoRw3v1wF_NhjM","IndianOil","S, No 459/1a, Surapet Road, Puzhal, Chennai","13.1586643","80.2013173","true"
"ChIJgY8B_rFlUjoRyPc1Hg9dJiA","HP Petrol Pump","PARKING YARD, Arumandai","13.1552517","80.2068321",""
"ChIJw1WJXwBlUjoRFdKax4ySZJI","Go Gas Auto LPG Puzhal","1, Grand Northern Trunk Road, Nagappa Industrial Estate, Puzhal, Chennai","13.152758","80.2086641","true"
"ChIJbay10t9lUjoRLGgf5wvT7eI","Nayara Petrol Station - VRN Enterprises","Lakshmipuram, Kadirvedu","13.1448793","80.2047611","true"
"ChIJcYwBRABlUjoRQnQl9JvPos8","BPCL","17/32, Katida Thozilalar Nagar, Tirumal Srinivas Nagar, Senthil Nagar, Kodungaiyur, Chennai","13.144667","80.204799",""
"ChIJpdMv-LNlUjoRH983CFSZtco","IndianOil","1A3A2 & 14/1A3B, 14/1A3A114, Madhavaram, Kadirvedu","13.1444593","80.2047377","true"
"ChIJdzqO7SRlUjoRImuRlqdxt5o","KANTHAN AGENCY - INDIANOIL PETROL BUNK","next to PLASPAC PRODUCTS, Plot 5 - No 4, GNT Road, Kamatchi Amman Nagar, Vinayagapuram, next to PLASPAC PRODUCTS, Service Rd, Nagappa Industrial Estate, Madhavaram, Chennai","13.1511171","80.21037919999999","true"
"ChIJTVeoCKFkUjoR5XRusNqDwJQ","FIVE STAR","India","13.1506649","80.19100329999999",""
"ChIJC2qK4uZlUjoRbiJhpmF0vaQ","Go Gas - LPG Refilling Station","46R4+F69, Sri Lakshmi Nagar, Lakshmipuram, Chennai","13.141166","80.20562009999999","true"
"ChIJVUrrEQBlUjoRRBUoniCj-BY","Hindustan Petroleum Corporation Limited","No 123/3, 2B2, 2B3 & 4, Madhavaram, Surappattu, Chennai","13.1470129","80.1883332","true"
"ChIJh6ky4BZlUjoRLAe5CH3F_fQ","IndianOil","Survey No 523/2, near Unit Of Tamilnadu Prison Department, Puzhal, Kadirvedu","13.167899","80.2005004","true"
"ChIJpwLr2NhvUjoR3qHGb_uHRoI","Hindustan Petroleum Corporation Limited","Ground Floor, opposite Bus Stand, Thiruvottiyur High Road, Tiruvottiyur, Tiruvallur","13.172047","80.305447","true"
"ChIJ28L54ph6UjoRgqMBgxOcQWY","Hindustan Petroleum Corporation Limited","No 41, Ponneri Main Road, Kadapakkam, Tiruvallur","13.198886","80.269183","true"
"ChIJz5hnLhhlUjoRM4I80YzojMg","Bharat Petrol Bunk","47P5+4VW, Tondiarpet High Road, Kodungaiyur, Chennai","13.1353646","80.2597177",""
"ChIJD_YI1HNlUjoR8cvC8vk86-c","Go Gas Auto LPG Station","47P6+22P, Abirami Avenue, Kodungaiyur, Chennai","13.1350993","80.2600829","true"
"ChIJvUHfuHRlUjoR8NsxyYSxAt8","IBP Petrol Pump & Pollution Test Centre (Indian Oil)","Tiruvalluvar Street, Kaviarasu Kannadhasan Nagar, Vyasarpadi, Chennai","13.136419","80.2566563",""
"ChIJx181A4FvUjoRCHCYhog2g44","go gas","13, Ennore High Road, Sundaram Pillai Nagar, Tondiarpet, Chennai","13.1316362","80.2797803",""
"ChIJwVM5TYBvUjoRLnXHyNlAh_Y","Nayara Oil","16, Ennore High Road, Sundaram Pillai Nagar, Tondiarpet, Chennai","13.1300946","80.2794553","true"
"ChIJQ5yTIDRlUjoRdkwZykwCSt8","Bharath Petroleum","2590, TNHB Layout, Madhavaram Milk Colony, Mathur","13.1669448","80.25048939999999",""
"ChIJZ7d9YHRlUjoR9gra14E675w","MASTER OIL MART","4, Sidco Main Road, Kodungaiyur (East), Kaviarasu Kannadhasan Nagar, Kodungaiyur, Chennai","13.1315331","80.25738849999999",""
"ChIJ_RlGmyNlUjoRXeD-QowYmMI","CJ SAFETY EQUIPMENTS","6/33, 1th Street, Nehru Nagar, Selaivayal, Chennai","13.127969","80.274974","true"
"ChIJ5bngJadlUjoRVbiekrYV4cI","PREMA SERVICE STATION","3/4, Vyasarpadi, Chennai","13.1273467","80.2701909",""
"ChIJEwNG2JhlUjoRosWpAVWAprI","Sree Swamy Auto Gas","6/69, North Avenue, Muthamizh Nagar, Kodungaiyur, Chennai","13.1343131","80.2517484","true"
"ChIJrR-7XZZvUjoRv1xE_iA4_w4","Bharat Petroleum, Petrol Pump -Mani Petroleum Agency","RO NEAR TOLLGATE BUS STAND, TOND, Chennai","13.1442172","80.29654959999999","true"
"ChIJuaPlR2xxUjoRkeO28kruDSs","Bharat Petroleum Petrol Pump , MRL AGENCIES- ADHOC","265/1, C.P, Manali Express Road, HIGHWAYSATHANGADU","13.175044","80.285495","true"
"ChIJI2gblAJwUjoR6d_snYMu12U","IndianOil","Lk No 1132/122, CH 68, Ennore Express High Rd, Manali, Sathangadu","13.1748107","80.2858869","true"
"ChIJVRrqndBvUjoRNPkOfrxXfbo","Super Gas Auto LPG Station - Noblegas Energy Pvt Ltd - Thiruvottiyur","Thiruvottiyur High Road, Chennai","13.1460918","80.2973507","true"
"ChIJV8QHarZvUjoRCYzU-B58uK0","PRAVEEN KUMAR","Gas Bunk, Thiruvottiyur High Road, Thangal, Tiruvottiyur, Chennai","13.1461822","80.2974485",""
"ChIJHQXD73VlUjoRqDM8uilXPpg","Gee Vee Service Station","47H5+6MG, Meenambal Road, Krishnamoorthy Nagar, Vyasarpadi, Chennai","13.1280648","80.2592131",""
"ChIJtYw93eNvUjoRrNVQG8GGc7M","IndianOil","237, part254, 1atiruvottiyur","13.1586296","80.29831329999999","true"
"ChIJPwZBNSNlUjoR06JkSEHGhsQ","Hindustan Petroleum Corporation Limited","No.R, 106/4, Kamaraj Salai, MMDA, Mathur","13.167121","80.2465531","true"
"ChIJdQZ8Ba1vUjoR86J2dj5cJKE","Hindustan Petroleum Corporation Limited","Survey No, 2/2, Tiruvottiyur, Tiruvallur","13.155966","80.30516589999999","true"
"ChIJkTcFeMRvUjoRc_yeyb1CbUw","KLS GROUPS","5844+F37, Tiru Chinna Kuppam, Tiruvottiyur, Chennai","13.1561662","80.30516829999999","true"
"ChIJsfk97TFvUjoRL8qL9M2sSHM","SRI JAYADEVI BHARATGAS AGENCIES","18, Thiruvottiyur High Road, Tiruvottiyur, Minjur","13.1581981","80.3027563",""
"ChIJ-fUXYb5vUjoRfpkE_5dBzUE","Bharat Petroleum","India","13.14738","80.301812",""
"ChIJA2Lxcf9vUjoRbfTMzrWVAsY","Torrent Gas CNG Station","Thyagarajapuram, Tiruvottiyur, Chennai","13.147284","80.30139729999999","true"
"ChIJ8xFTZr5vUjoREEucf50fphg","SATISH SERVICE STATION BPCL - Torrent CNG Station","48W2+VGR, ennore, express road, Thyagarajapuram, Tiruvottiyur, Chennai","13.1472319","80.3012596",""
"ChIJEwHr479vUjoR6Pa2a_NsAQs","Sp Ashwanth Agencies","5A, Thiruvottiyur High Road, Kaladipet, Tiruvottiyur, Chennai","13.1702267","80.3043616",""
"ChIJlVwPmdhvUjoRCSqTRdGfsj0","go gas","58F4+MFG, Thiruvottiyur High Road, Raja Shanmuga Nagar, Tiruvottiyur, Chennai","13.1741794","80.3062096",""
"ChIJadkH09hvUjoRASoXZgCsFA8","Indian Oil","58C3+WW2, Main Road, Rettai Malai Srinivasan Nagar, Manickam Nagar, Tiruvottiyur, Chennai","13.1722726","80.30476360000002",""
"ChIJAebLY8JvUjoRGi6cELYb8AM","Sun Shine Oil","15/22, Peri Mettu Plym Lane, Tirvtiyr, Tiruvottiyur, Tiruvottiyur, Chennai","13.1599759","80.3000259",""
"ChIJu15ZgL1vUjoRdrqgBhLFKWQ","TotalEnergies","India","13.1432193","80.2991377",""
"ChIJR60rl99vUjoRIUG4UdeK_aQ","SHREE GAZ AUTO LPG STATION","Tolgate, New Washermenpet, Old Washermanpet, Chennai","13.1432873","80.29910579999999","true"
"ChIJS9_9UwBvUjoRxn8jODCpoA4","Thadi da maame pathu kavanama po","58F3+54M, Main Road, Rettai Malai Srinivasan Nagar, Manickam Nagar, Tiruvottiyur, Chennai","13.1729686","80.30279449999999",""
"ChIJp3dgETFwUjoRDF8E3ysowmw","HP","58R7+3HQ, Ennore Express Road, Netaji Nagar East, Kasi Visalakshi Kuppam, Ennore","13.1902179","80.313991",""
"ChIJ3-38xutxUjoRM66fmm7Hnlg","Sri Hayagriva Agencies","No/94-2B, Ernavur, Ennore","13.1901291","80.31379489999999","true"
"ChIJxeGK-lJvUjoRQ6TuUKAE83o","IndianOil","No 92, Lock No 1044, 122, Tiruchhinnakuppam, Fishing Harbour, Royapuram, Chennai","13.1310632","80.2964575","true"
"ChIJ0WSwK79vUjoRqJgKt_HrxVU","Bharat Petroleum, Petrol Pump -Sea Shell Agencies","No 91,Fishing Harbour Surya Narayana Street, Anna Salai, Chennai","13.1307502","80.2963588","true"
"ChIJMXZzEt5xUjoR4a5YT-fDAtU","Raj Kumar","Go Gas Station, 17, Ennore Express Road, Ennore","13.186187","80.3036096",""
"ChIJNfveWgBxUjoR4gOVTJvfKOs","Hindustan Petroleum Corporation Limited","Ward G, Block 2, No 32, TS No 1, 2 & 3, Tiruvottiyur, Tiruvallur","13.179245","80.2974792","true"
"ChIJ52SJiiJwUjoRLzWy5m8IwCc","Reliance Petroleum","38/32, Manali Expressway, Ernavur, Ponneri","13.1840084","80.30086879999999","true"
"ChIJTaOOuXRxUjoRlcdVSWFwMR0","DS Koilpillai Agencies","TKS Nagar, Tiruvottiyur, Chennai","13.1794435","80.2972006","true"
"ChIJIZrvMgBvUjoR9DcEguBaHLE","JRS Durgaa Enterprises","146, Thiruvottiyur High Road, Chennai","13.1317162","80.292645",""
"ChIJQ76DUQBvUjoRPQk-1FfrmKc","Jio-bp","RS No 3541, DN 363, No 3541/1, 3 & 10, Thiruvottiyur High Road, Tondiarpet, Chennai","13.131458","80.292149","true"
"ChIJZzZMKFpvUjoRMKyB-Z3Fpoo","GoGas Tondiarpet","43/19/1, New Amaranji Puram, Tondiarpet, Chennai","13.1251793","80.2920616","true"
"ChIJC60_XB1wUjoRye-HYPbiTbI","Hindustan Petroleum Corporation Limited","Ground Floor, Manali Road, Sathangadu, Manali, Tiruvallur","13.1744701","80.2890201","true"
"ChIJnyju0n5vUjoR3LhImN_FWP4","Bharat Petroleum","71/17, Elaya Street, Korukkupet, Tondiarpet, Chennai","13.1268763","80.28464439999999","true"
"ChIJAyFi_U1wUjoRYPUPVTdVwAM","Gulf","India","13.2086659","80.3157459",""