place_id,name,address,latitude,longitude,open_now
"ChIJTcSDenteqDsRkrQOZFnslz0","IndianOil","SF No 22, Comp Thottam, 3A2, Kalampalayam, Madampatti","10.9740013","76.86560539999999","true"
"ChIJjb-G3OVeqDsRU1zxHmOE2oU","IndianOil","SF No 414, near SB Institute, 1A/1A, Vedapatti, Coimbatore","11.0010484","76.88897999999999","true"
"ChIJS-j2ZrpbqDsRx-TXjmtCKts","Bharath Petroleum","Rishpana Filling station, BK Pudur, Kuniyamuthur","10.9390937","76.95159079999999",""
"ChIJxXxMPalcqDsRd298-ZDnhhM","IndianOil","SF No 228/2, Palghat Road, Ettimadai, Coimbatore","10.886621","76.9137792","true"
"ChIJeT1XlVdbqDsR29y0MnKvEdE","Bharat Petroleum COCO BP MADUKKARAI","Salem-Kochi Highway, Ettimadai R.F.","10.888818","76.9196877","true"
"ChIJcbRfILNcqDsR8vfNZ-B0wuA","IndianOil","No 125, Palghat Rd, Bodipalayam, Kandhe Gounden Chavadi","10.8799034","76.9037381","true"
"ChIJb5KF6ERbqDsRzQ2O6zFRnVY","IndianOil","SF No 763 & 814, L & T, Bypass Road, Chettipalayam Pirivu, Madukkarai","10.8941253","76.931578","true"
"ChIJ1ywzSbNcqDsRGTzIKcTNAtg","Hindustan Petroleum Corporation Limited","Ground Floor, Palghat Road, Kandhe Gounden Chavadi","10.878831","76.902001","true"
"ChIJkcTUUmlZqDsR-yFvQHW3enc","Hindustan Petroleum Corporation Limited","Ground Floor, Podanur Road, South Ukkadam, Selvapuram","10.984843","76.9470189","true"
"ChIJU-e0U9ZbqDsR2VPLSrw5Jw8","IndianOil","No 10/380 Kuniamuthur, Palaghat Road, Coimbatore","10.966997","76.95588699999999","true"
"ChIJ0ZnzkIReqDsRVi7-20juIzM","Hindustan Petroleum Corporation Limited","S No 3/1 & 6/3C, Kalampalayam, Coimbatore","10.9722404","76.8814392","true"
"ChIJEVlyXwBfqDsR_V72fncxu5s","Hindustan Petroleum Corporation Limited","Survey No 4, 2, Siruvani Main Road, Perur Chettipalayam, Coimbatore","10.9703488","76.9094384","true"
"ChIJS6as20tfqDsRCMhiRESh4ys","Hindustan Petroleum Corporation Limited","Survey No 4, 2, Siruvani Main Road, Perur Chettipalayam, Coimbatore","10.9703488","76.9094384","true"
"ChIJ8XdbbABfqDsR0RYYbOe4MCY","CNG Gas Bunk","XVF8+P77, Siruvani Main Road, Madampatti","10.9742816","76.8656828",""
"ChIJZw21lrlfqDsR8-o85nct-90","NAYARA PETROL BUNK, MADHAMPATTI / (Essar Petrol Bunk), Siruvani Main Road,Cbe","Siruvani Main Road, Madampatti","10.9719056","76.8557611","true"
"ChIJAbmdqupbqDsRPUspvTOuyLM","Hindustan Petroleum- Suguna Rajagopal Agencies","16/4-1, Perur Rd, MM Gardens, Perur, Kovaipudur","10.9548598","76.92658329999999",""
"ChIJUbm7V8NbqDsRS6qbvfCtMl0","Hindustan Petroleum Corporation Limited","Sy No 198, 2B4 Sundakamuthur, Kovaipudur Main Road, Coimbatore","10.954867","76.926591","true"
"ChIJjRtW6YBbqDsRGtmAWLnHp7s","Arunachala Electrical Industries","opposite Orchids By Rakindo, 16, opposite Orchids By Rakindo, Arivoli Nagar, Iswarya Nagar, Arivozi Nagar, Coimbatore","10.932634","76.9277403",""
"ChIJ_1o9sidbqDsRpuJkAdAEfuo","Bharat Petroleum - Sathiya Jothi Fueels","KOVAIPUDUR, COIMBATORE, Coimbatore","10.9545823","76.9296625","true"
"ChIJEdVTrTdbqDsRslDwgtPh028","SUBBIAH GOUNDER FUELS - NAYARA Energy","XW2M+CCM, Sundakkamuthur Main Road, Om Sakthi Nagar, Kulathupalayam, Kovaipudur","10.9510816","76.9335373","true"
"ChIJN39sXqNbqDsRfRQ9zk90Mxg","Bharat Petroleum Petrol Pump , BALU MANIKARS OILS","SURVEY NO 27/184SUNDAKKAMUTHUR VILLAGE","10.9618406","76.9313629","true"
"ChIJQZKzTVhZqDsRpQ2fevXJczA","Hindustan Petroleum Corporation Limited","SF No 534 Puttuvikki, Sundakkamuthur Bypass Road, Coimbatore","10.9713879","76.9322968","true"
"ChIJ0TocFmpbqDsRuZHrqIovdaM","Dynamic Fuels","124, 1a, Ammasai Gounder Street, Vellakinar","10.945968","76.940139","true"
"ChIJT9xLv_9fqDsRCb7KrtP8RkE","Ayvaoils Bharat petroleum","Coimbatore","11.001225","76.885198","true"
"ChIJD0geBiJZqDsRGpjybWtMNdY","Bharat Petroleum, Petrol Pump -Coimbatore Auto Service","COIMBATORE (DHANALAKSHMI G, Coimbatore","10.9840396","76.9282752","true"
"ChIJD0tgqYhfqDsRSUi6NzK9i-0","IndianOil","SF N 0, 1024/13, Thondamuthur Road, Vedapatti, Deenampalayam","10.9887251","76.8426379","true"
"ChIJdf6kajleqDsR3s9g5qxZMHY","Bharat Petroleum Bunk","XRVV+9V7, Narasipuram Road, Thondamuthur","10.9934081","76.8446629",""
"ChIJfao6PTheqDsRB8IS3NTVCiE","Hindustan Petroleum Corporation Limited","No 828/2, near Narasipuram Road, Kulathupalayam, Thondamuthur","10.996831","76.847501","true"
"ChIJJ65QTQBZqDsRSSqRMN4yAMo","Boopathi and Raju house","Sasta Nagar, 27, Saibaba Colony, Coimbatore","10.997042","76.92781099999999",""
"ChIJF_DXFjBbqDsRryxKlag-8hM","Bharat Petroleum, Petrol Pump -P.Mallaiyan & Co.","MADUKKARAI (MARAPALAM), Coimbatore","10.8918267","76.922282","true"
"ChIJMUYsc39fqDsRR6BVv9u-pac","RAJALAKSHMI BHARTGAS GRAMIN","Bharat Gas Office, Thondamuthur","10.9962765","76.840013",""
"ChIJHf09ogtdqDsRhFVCEClbZ3c","Hindustan Petroleum Corporation Limited","near Nala Trust, GS No 140/2 & 140/2B, Ettimadai","10.8844381","76.9122335","true"
"ChIJLal0ua1cqDsRQZCfc9tuKMA","Hindustan Petroleum Corporation Limited","near Nala Trust, GS No 140/2 & 140/2B, Ettimadai","10.8844381","76.9122335","true"
"ChIJx8UnKZFbqDsRCEtMkb-qbsk","Mr Wash","near l&t bye pass junction, 18/118, Palakkad - Coimbatore Road, Marappalam, Madukkarai","10.8947314","76.9304585",""
"ChIJzSCL4llfqDsRkWOar2EQMOI","Hindustan Petroleum Corporation Limited","Survey No 505, 2A, Vadavalli-Thondamuthur Road, Vadavalli, Coimbatore","11.014566","76.875889","true"
"ChIJF56adABnqDsRdU_LUC8KLI8","Bharat Petroleum","Poolampatti","10.9621125","76.8174399",""
"ChIJIyD12dBbqDsRKo2ALTcH_Tc","IndianOil","412C, Palakkad - Coimbatore Road, Kuniyamuthur","10.962827","76.95544319999999","true"
"ChIJRQTN7sRZqDsRjovggGW05dQ","Nayara Petrol Pump, Ramamurthy Street, Selvapuram, Coimbatore","T.S. 69, Ramamurthy Road, Kumarapalayam Village, Taluk, Perur, Coimbatore","10.9929166","76.9407374","true"
"ChIJ-Vy9gDJbqDsRSDkvVy-ZTdw","Shell","Kuniyamuthur Road, Road, Palghat","10.965611","76.95562199999999","true"
"ChIJtYS_uRFbqDsRf4Bc-gNQUNA","Hindustan Petroleum Corporation Limited","Ground Floor, near Madukkarai Police Station, Palghat Road, Madukkarai","10.912001","76.94917099999999","true"
"ChIJVw-1cCFaqDsRJPxugU3zm6M","Bharat Petroleum, Petrol Pump -Sai Srishty Enterprises","POTHANNUR, Coimbatore","10.9657063","76.9841498","true"
"ChIJHVE3VylaqDsRs93U1NYQr6M","A.Nachimuthu&Sons - CNG - Bharat Petroleum Dealer","Old NH, Sundarapuram","10.9648701","76.97029959999999",""
"ChIJ4VgsL39ZqDsRbIewUJilnhE","Petrol Bunk Nayara","XXF7+C6J, Aathuppaalam, KM Colony, Karumbukkadai","10.9735963","76.96300269999999","true"
"ChIJT-RMRDNaqDsRviqaXhZi4UU","Nayara Petrol Pump","XX38+H36, Machampalayam Road, Sundarapuram, Machampalayam, Kurichi","10.9539081","76.9651361","true"
"ChIJzfcSB0daqDsRDvViaQXR7ew","Bharat Petroleum-Sundaram & Company Filling station","shop no-189/2b, SIDCO, Post, 190/2B, Pollachi Main Road, Near, LIC Colony, Kurichi","10.9456871","76.97869399999999","true"
"ChIJfSKDxDpaqDsRxvJgOO_msgk","IndianOil","New Survey No233A/1A2, Podhanur Road Senkottaian Colony, Kuruchi, Sundarapuram, Villupuram","10.958024","76.977921","true"
"ChIJm5i-031ZqDsRkwNjUTs3ndE","Bharat Petroleum, Petrol Pump -Agm Fuels","Palakkad - Coimbatore Road, Kuniyamuthur","10.9717472","76.9581153","true"
"ChIJyX-o5nhZqDsRZP0U42EZ8cw","Hindustan Petroleum Corporation Limited","Ground Floor, Ukkadam Near Noyyal Bridge, Coimbatore","10.976671","76.96183099999999","true"
"ChIJhd6JnndZqDsRHvypAHMRcV8","IndianOil","Sf No 226, 1 & 225, South Ukkadam, Coimbatore","10.9813709","76.961747","true"
"ChIJYQT2yPxaqDsRhWgVktv_eec","IndianOil","SF No 25, 1A2, Sundarapuram Rd, Bodipalayam, Madukkarai","10.9150201","76.9683601","true"
"ChIJ98pptGxZqDsR54sYH16gRlw","Bharat Petroleum, Petrol Pump -Vijay Agencies","Chetty Street, Coimbatore","10.9916728","76.9492743","true"
"ChIJA1abm5ZaqDsRDITNgrOPQTg","Petrol Pump","WX5V+599, Ganesh Nagar, Malumichampatti","10.9079213","76.9934729",""
"ChIJx5DqbaZZqDsRcvmDiBeDl0k","Indian Oil Petrol Bunk","Head Quarters Road, Upplipalayam, Coimbatore","11.0012423","76.9692675","true"
"ChIJKZbyzuVZqDsRqATAubB8M8E","Bharat Petroleum, Petrol Pump -Sri Balaji Petro Needs","opp. Parsan Apartment, 656/1, Nanjundapuram Road, Keelakarai, Ramanathapuram","10.9869623","77.0012983","true"
"ChIJK6fw3gNZqDsRYsDathSS5kc","IndianOil","No 177A, Krishnaswamy Mudaliar Rd, Coimbatore","11.009211","76.958344","true"
"ChIJezaBLK5ZqDsRJ8rXtZ9DSxw","IndianOil","No 1053, Avinashi Road, Coimbatore","11.006321","76.975525","true"
"ChIJ535yDANZqDsRRI0w5r9Z53I","Hindustan Petrol Bunk","2X54+R42, opposite to Chintamani Super Market, Mettupalayam Road, Coimbatore","11.0095","76.95526",""
"ChIJNeKl4h5ZqDsR79fkkZ6E7rg","IndianOil","71/2, Thadagam Main Road, Coimbatore","11.0093866","76.9440676","true"
"ChIJV-6umcNZqDsR8jdxeV8G84k","IndianOil","Ward J10, TS No 1771/2/A2, Puliakulam, Ramanathapuram","10.9974394","76.9953158","true"
"ChIJDfYpoMNZqDsRe7lQTSL81zo","Hindustan Petroleum Corporation Limited","1870, Trichy Road, Ramanathapuram","10.997171","76.995831","true"
"ChIJdXAMBh1ZqDsR23vsQ1EEV9Y","Bharat Petroleum, Petrol Pump, Sree Annamar Enterprises","Diwan Bahadur Road, R.S. Puram, Coimbatore","11.011169","76.9501507","true"
"ChIJx9x4ZP1YqDsR3_yztJH7sKo","Hindustan Petroleum Corporation Limited","407, Mettupalayam Road, Coimbatore","11.013735","76.9547371","true"
"ChIJx2H83FRYqDsRLfILscW_txM","Hindustan Petroleum Corporation Limited","No 252, Dr Nanjappa Road, Ram Nagar, Coimbatore","11.0152451","76.9677727","true"
"ChIJH3c08_5YqDsR8y8Pkn65wMU","HP PETROL PUMP - MARUTHI SUPER SERVICE","453, Cross Cut Road, Gandhipuram","11.0167312","76.9600355","true"
"ChIJjx7LBf9YqDsR5ky7snGz8pk","IndianOil","388, Cross Cut Road, Coimbatore","11.016796","76.962006","true"
"ChIJfynJHTDJADsRR3_R-j4nTmE","Hindustan Petroleum HP petrol bunk","WXX7+PC6, Service Road, Dabhethar Santhai","10.9492981","76.9635217","true"
"ChIJAfwxlrxbqDsR_CjXoeQlMEM","NAYARA Petrol Pump KPR Fuel Station","Petrol Bunk, opposite Sundarapuram, Machampalayam, Essar, Coimbatore","10.9539121","76.96513809999999",""
"ChIJYbHdjwFbqDsRnz3Rd4W0XYE","Bharat Petroleum Giri Corporation","169/1D, SIDCO Private Industrial Estate, Kurichi","10.9428441","76.9728434","true"
"ChIJD0l5-olbqDsRLdylrpI3xkQ","Palani swamy Agencies kuruchi Nayara Petrol Station","XX3F+529, Madukkarai Main Road, Sundarapuram","10.952915","76.9726208","true"
"ChIJ8bnuxzFaqDsRmnE0dSZL6ZI","Udumalai Associates Petrol Bunk","No 256, Pollachi Main Road, Kurichi","10.9574801","76.9721639",""
"ChIJHfC0BCZbqDsRgLbA8USs_WY","Sri Siva Sakthi industries (gauge & fixtures manufacturin)","Unnamed Road, SIDCO Private Industrial Estate, Kurichi","10.9438226","76.9754203",""
"ChIJNYisorxbqDsRx4kbHRLtJ64","Hindustan Petroleum HP petrol bunk","SIDCO Post, Coimbatore","10.9468997","76.9782903","true"
"ChIJNeuM_WJZqDsR16qZecF6D30","Nayara petrol,Inndway","XXC4+4F7, Coimbatore","10.970289","76.9561638","true"
"ChIJo0Wqo9NbqDsRw6474nAeHUs","Bharath Petroleum - Everest Petroleum","near Rathinam Institution & KPM School, 651/2A, Pollachi Main Road, towards, Coimbatore","10.9328217","76.9801361","true"
"ChIJo2F3gfxaqDsRK0yhkaRsp24","HP PETROL PUMP - SRI ARANGHANATHAR AGENCY","Hpcl Dealers SF NO. 53/2 President Thottam,, Kalapatti-Kurumbapalayam Road","10.91692","76.969871","true"
"ChIJbav3LHpZqDsRORcthT6PY54","TOTAL ARC AUTOGAS","51C, Palakkad - Coimbatore Road, South Ukkadam, Coimbatore","10.9826513","76.9618222","true"
"ChIJC1GzrndZqDsR0eWhnOkvEFc","TotalEnergies","India","10.9828405","76.96178739999999",""
"ChIJJ4peS_dbqDsRh2Vs7yWWIAU","SRI GANAPATHY MURUGAN AGENCIES","SF.NO.593/18, Chettipalayam Road, Eachanari","10.941029","76.99410449999999",""
"ChIJ9ZpHcgBbqDsRX2i_PIkyr3M","Bharat petrol pump","WXVW+89V, Chettipalayam Road, Srinivasa Nagar, Podanur","10.9433604","76.9959188",""
"ChIJ1Uft0XVZqDsReFwNNzf0hVI","Coimbatore Lorry Owners Association Bharat Petroleum Bunk","Palghat Road, M.M.A. Market, Alameen Colony, Coimbatore","10.9865797","76.9618306","true"
"ChIJ6_nx7hJaqDsRenzVZQrmFY0","Hindustan Petroleum Corporation Limited","No 571A/2A Podanur Chettipalayam, Kurichi","10.9507142","76.9969457","true"
"ChIJr3Eknx9bqDsRiSQpjv-b7go","Bharat Petroleum, Petrol Pump -Sabari Gireesan Fuels","MADUKARRAI MARKET, Coimbatore","10.9043334","76.96177399999999","true"
"ChIJnfcw0BJZqDsRKqdcWNaKlEI","Idemitsu","13, Chetty Street, Coimbatore","10.9896857","76.950608",""
"ChIJ6Xzl-j5bqDsRjDonLEORiog","Hindustan Petroleum Corporation Limited","SF No 647, 1A3B, Coimbatore Bypass, Kanjikonaampalayam, Malumichampatti","10.930591","76.9988542","true"
"ChIJayiZ1klXqDsRXkIhea6q45E","IndianOil","SF 25/6, Ashokar Street, Vellalapalayam, Podanur","10.9804536","77.0331888","true"
"ChIJWXi74mpQqDsRIsiaf8JkhuM","Sri Sai","432/2, State Highway 163, Chettipalayam","10.9080143","77.0305947",""
"ChIJB-QWyGZXqDsRYBpl5Dz6nTI","Bharat Petroleum Bunk","Nanjappa Enterprises, திருச்சி சாலை, நஞ்சப்பா நகர், கோயம்புத்தூர்","10.9978775","77.01678629999999","true"
"ChIJt9BBdRFXqDsRMFoX29mWR1c","Bharat Petroleum, Petrol Pump -Ace Petroproducts","Trichy Road, Singanallur","11.0030639","77.0405544","true"
"ChIJPXmdRWNXqDsR_lUlulpek_E","JS Enterprises Petrol Bunk - Nayara Energy","Co-Operative Colony, Uppilipalayam","11.0066009","77.01501309999999","true"
"ChIJMd08HVxRqDsR3dpPExM93AM","Bharat Petrol Bunk","X35W+3M6, State Highway 163","10.9576659","77.09664579999999",""
"ChIJS0a0GUpRqDsRLkM8-EwMx4E","SHANMUGA AGENCIES","CHETTIPALAYAM, TO, Podanur Road, Coimbatore","10.9354585","77.02258549999999","true"
"ChIJn0SsEP5RqDsRe1Rzju9uiHM","Nayara Petrol Bunk","Podanur Road, Anbu Nagar, Podanur","10.9469172","77.0075861",""
"ChIJC1MP8a9RqDsRgV5JEksqogU","Diesel Exhaust Fluid (DEF) AdBlue Filling Station","60/98, Anaimalaiamman Kovil Street, L&T By-Pass Road, Pirivu, Vellalore","10.9684125","77.03530839999999","true"
"ChIJS-PfPb1bqDsR0wid39e6lDQ","NAYARA Petroleum","Aaruthra Nagar, Kallimadai, Coimbatore","10.968227","77.008769","true"
"ChIJOanmEQFaqDsRWbaEOI9xvoc","BHARATHI AGENCY-BPCL","Vellalore Road, Kovai Mahalingapuram, Kallimadai, Podanur","10.9679472","77.0067108","true"
"ChIJ_y92S9hRqDsRioynEkH1mc8","Nayara Energy(M.R.AGENCIES)","655B, 1B2, Podanur Road, Chettipalayam","10.9209315","77.0377074","true"
"ChIJsfIUTlRRqDsRrymy95bNHQI","GGR FUELS, BHARAT PETROLEUM","W29Q+R4C, Podanur Road, Chettipalayam","10.9195532","77.03777699999999","true"
"ChIJh2uRoxlXqDsR1UUYYEaXUyo","Bharat Petroleum, Arumuga Konar Agencies","Pattanam","10.9740482","77.0397059","true"
"ChIJBfPjqw9RqDsRfL8-8L9rBus","Bharat Petroleum","CHETTIPALAYAM, Coimbatore","10.9166731","77.042034","true"
"ChIJU_-CTgBZqDsRvInYwbdV2aw","indian oil","XXCV+XH5, Nanjundapuram Road, to, Podanur","10.9723989","76.9939883",""
"ChIJx2CBHNlRqDsRcGa9tOcSUHo","IndianOil","SF No 8/2, Sulur, Chettipalayam","10.9465999","77.06790459999999","true"
"ChIJAdd7AQBbqDsR9xISi7_9Ho0","CNG PUMP","2/610-A, Golf Club Road, Rajiv Gandhi Nagar, Malumichampatti","10.9079623","77.00965540000001",""
"ChIJfySLm3hbqDsRppDn0xP0xro","IndianOil","No 395, Chettipalayam road, Kizhakkal Thottam, Coimbatore","10.9080432","77.00899129999999","true"
"ChIJPfs62ThXqDsRttPrHPQBmHg","Hindustan Petroleum Corporation Limited","SF No 445, 2b, Vellore Road, Singanallur","10.9882057","77.03597049999999","true"
"ChIJ94X3fwZXqDsROfVd-ES2Tb0","Hongsbelting India","Hongsbelting India, Coimbatore","10.9881366","77.0363186",""
"ChIJk06HcL5ZqDsRgWk0auET8-s","balumaniyakarfuels","627/2A, Nanjundapuram Road, Ramanathapuram","10.9780811","76.9962918","true"
"ChIJI8m_7-RZqDsRShHhnsOHH8o","Hindustan Petroleum Corporation Limited","RS No 556 & 558 & 567/1, Nanjundapuram Road, Keelakarai, Ramanathapuram, Coimbatore","10.984171","77.002501","true"
"ChIJBefYhElQqDsRLNm2K63EyWM","IndianOil","SF No 371/1, No 261826, Orattukuppai, Chettipalayam","10.9091996","77.049908","true"
"ChIJw24YJJlaqDsR73mfnQWdJYI","S.B OIL SHOP","India","10.9079948","77.00363229999999",""
"ChIJI5gG8GFXqDsRP5aHPJJmoLQ","NAYARA PETROL PUMP","62, Singai Nagar, Vellalore","10.9905083","77.034956","true"
"ChIJNT_5kydXqDsRnaLkqAzYNmk","IndianOil","Sy No 197/2B2B, Sulur, Pattanam","10.9812798","77.060828","true"
"ChIJuS3gPeZZqDsRcWeZsocVYyc","Indian Oil &CNG STATION","67/2A, Nethaji Nagar, Coimbatore","10.9891739","76.9999593","true"
"ChIJeXnONgBbqDsRYneSGk7OrDc","Malumichampatti","WX3X+J8F, Malumichampatti","10.9040555","76.9982921",""
"ChIJbV64YEtXqDsReNExRW_Yyng","ELVEE AUTOS Petrol pump (CNG AVAILABLE)","Nagapattinam - Coimbatore - Gundlupet Highway, Thiyagi Shanmuga Nagar, Chellandy Amman Nagar, Singanallur","10.9984379","77.0209274","true"
"ChIJpzWBNjZRqDsRQ6EK0dFcZvk","Hindustan Petroleum Corporation Limited","454/1, Chettipalayam Road, Ottakkalmandapam","10.8947807","77.01249299999999","true"
"ChIJy_5YIDNQqDsRF3VQlzUFi_M","NAYARA","India","10.8988766","77.0551772",""
"ChIJgWMcvsdXqDsRUx13zz9kU2U","Bharat Petroleum, Petrol Pump","325, Trichy Road, Singanallur","11.0018946","77.0373506","true"
"ChIJU9zczxNXqDsRlPu8koDtA5I","IndianOil","SF No 128, Trichy Road, Singanallur","11.0026751","77.03834499999999","true"
"ChIJd61Vuo1bqDsROSkX5j0ntNE","Sri ponazhagu Nachiyar petroleum","Palladam road, Coimbatore","10.8920286","77.0088154","true"
"ChIJzYAjHz5fqDsRzboAcWwbQB8","IndianOil","SF No 189, 3I, Marudhamalai Road, Vadavalli, Kalveerampalayam, Coimbatore","11.0287592","76.8954734","true"
"ChIJhYbIji1fqDsRyB4rg5QNP1o","Nayara petrol bunk - Subbu Fuels","1, Marudhamalai Road, Karuparayan Koil, Selvam Nagar, Coimbatore","11.0223048","76.9143501","true"
"ChIJA4swOTZfqDsRNR9V7cbaxZY","HP PetrolBunk","2WM6+282, Vadavalli - Edayarpalayam Road, Kasthuri Naickenpalayam, Coimbatore","11.032524","76.91075529999999",""
"ChIJLVEvEMhYqDsRLbQClp4bits","Bharat Petroleum - M/S Satish","256/1, 256, Thadagam Main Road, Rajagopal Nagar, Kovilmedu, Coimbatore","11.0335812","76.9290429","false"
"ChIJc1WkXvn1qDsRBTSIgozJXbw","Confidence Petroleum India","near to Keerthiman School ,Kalappanaicken Palayam, Thadagam Main Road, Kanuvai, Coimbatore","11.0609537","76.91124839999999","true"
"ChIJExjeD8hYqDsR6s7Ct-nZPvA","Hindustan Petroleum Corporation Limited","SF No 240, 2D2, Edayarpalayam - Koundampalayam Road, Coimbatore","11.0336769","76.92937049999999","true"
"ChIJdxSoIZ71qDsR29hSXHJJf5Y","Hindustan Petroleum Corporation Limited","SF No 426A, near Bishop Walsh Hospital, Anaikatti Road, Chinnathadagam","11.0722266","76.8723172","true"
"ChIJHy_0qnX1qDsRaQn25NzAF2c","IndianOil","Ground Floor, Thadagam Road, Veerapandi","11.0730486","76.8693697","true"
"ChIJ98ZsN-5YqDsR6g4If8uf2go","IndianOil","Saibaba Koil, Coimbatore","11.0276624","76.95140119999999","true"
"ChIJvUP91ORYqDsRBV44X-pWYgg","TVS Petrol Pump - Bharat Petroleum Dealer","359, Mettupalayam Road, Coimbatore","11.0206785","76.9529025","true"
"ChIJUb0x5pJYqDsRE_sraap9pUY","IndianOil","139/B, Mettupalayam Road, Sanganoor, Coimbatore","11.037098","76.95071399999999","true"
"ChIJb84-Mf1fqDsRMttbzKUu5no","Bharat Petroleum Petrol Pump - Chinnaswamy Fuels","SH167, Edayarpalayam - Vadavalli Road","11.0284163","76.8984755","true"
"ChIJNws8RrlfqDsR0OoDEAbXMqo","Bharat Petroleum, Petrol Pump","VADAVALLI COIMBATORE, Coimbatore","11.0219544","76.9147444","true"
"ChIJSy3PLS1fqDsRQ8bkVlQg7a8","Hindustan Petroleum Corporation Limited","SF No 360 & 361, Telungupalayam, Vadavalli, Coimbatore","11.0206346","76.9179174","true"
"ChIJfRlUikpfqDsRMi61PijpuLg","IndianOil","SF No 43, 1A, Vadavalli Road, Perur, Coimbatore","11.0351094","76.9159612","true"
"ChIJM5XIk5VfqDsRi9XQhz_Ub2Y","Dhanam Arul Agency","Indian Oil Petrol Pump Vadavalli, SF 242/3 9B, Kanuvai Road, Somayampalayam","11.0475885","76.90408029999999",""
"ChIJnQtFUWtfqDsR9W-82_9NDBI","GOBIKA AGENCY","Kanuvai, main road, Marudhamalai, Coimbatore","11.0543338","76.90035139999999","true"
"ChIJ_RkcNwBfqDsREt3TtrZ4VFw","Hindustan Petroleum Corporation Limited","Survey No 463, 1/463/2A, Maruthamalai Road, Kanuvai, Coimbatore","11.0543447","76.9003524","true"
"ChIJ7-ANGgBZqDsRPwelcPhlK3w","Ashok Kumar","2WJH+WWF, Kovilmedu, Coimbatore","11.032311","76.9298063",""
"ChIJPfOCGFVfqDsRc9NvMIOXDbM","IndianOil","Ground Floor, Thadagam Road, Veerapandi, Tadagam, Kanuvai, Coimbatore","11.0456404","76.9221811","true"
"ChIJjaDtXxFZqDsRFNa5GFKnAzI","Bharat Petroleum - Lakshmi oils","Luna Nagar, Coimbatore","11.0477684","76.9209152","true"
"ChIJ87rcUwBfqDsRc7s09P14Azk","Indian Oil Petrol Pump","3W38+HJF, Thadagam Main Road, KNG Pudur Pirivu, Coimbatore","11.0537498","76.916803",""
"ChIJN4kq1hZfqDsRz9caNfjkUEE","ASP AGENCY,","Thadagam Main Road, KNG Pudur Pirivu, Coimbatore","11.0547713","76.9157452","true"
"ChIJ9SytOP_1qDsRpSXjGx1k0wA","GoGas Auto LPG Gas Filling Station","3W47+WC6, Towards Thadagam Road, Kalappa Naicken Palayam, Coimbatore","11.0572885","76.9135264",""
"ChIJYfZdcT31qDsREdAfRrS1924","Nayara Petrol Bunk -VKV Fuels","3V8R+P55, Nanjundapuram","11.0667658","76.89049059999999","true"
"ChIJx4GbQxn1qDsRkPqxBYsxTCk","VKV Agency","3V8Q+VV8, Thadagam Main Road, Thiruvalluvar Nagar, Somayanur","11.0671743","76.88971409999999","true"
"ChIJaQ0kpn9ZqDsRYgnwKzloXGo","Bharat Petroleum, Petrol Pump -Sree Velmurugan Agencies","THADAGAM RD COIMBATORE, Thadagam Main Road, R.S. Puram, Coimbatore","11.01164","76.94307429999999","true"
"ChIJ2f6onFhZqDsRGrrrzrCUrto","Nayara Petrol Bunk(Baba Agency)","TVS Nagar - Koundampalayam Road, Ashok Nagar West, Coimbatore","11.0466875","76.9357317","true"
"ChIJr1D0ob1YqDsRpqEgLCjxHS8","IndianOil","SF No 89/1 & 89/2, Koundampalayam, Coimbatore","11.0430128","76.9397834","true"
"ChIJyQrXYwBZqDsRhR71SQduFZ4","Kalpana petrol bunk &CNG","MDR982, P and T Colony, Koundampalayam, Coimbatore","11.0432231","76.9400148",""
"ChIJQxLTZSheqDsRqPRwLtfRu94","Nayara petrol pump / Raj associates","S.Fno, Taluk & Dist 496, 2B,& 497/2B, Thondamuthur","10.9978494","76.82807749999999","true"
"ChIJf2IKcxlZqDsRAwVbhYeRPLQ","Hindustan Petroleum Corporation Limited","977, Thadagam Main Road, Coimbatore","11.0051325","76.94575859999999","true"
"ChIJAdepcxlZqDsRbYew_e_dkj0","HP Petrol Bunk","988, Thadagam Main Road, R.S. Puram, Coimbatore","11.0051876","76.94578039999999",""
"ChIJl3VWEx71qDsRM75GBlOuguA","Bharat Petroleum, Petrol Pump -Star Fuel Agency","CHINNATHADAGAM, Coimbatore","11.075295","76.8697718","true"
"ChIJYyQJySH1qDsR4S07VjZ6kRI","Anuvavi Murugan Fuels","Anakatti main road, Chinna Thadagam, village, Coimbatore","11.074048","76.8655934","true"
"ChIJBbk2agRZqDsRiLFtQut0gyw","Petrol Bunk","12 Aks NAGAR, Ponnaiyarajapuram, Coimbatore","11.0002786","76.9464421",""
"ChIJd-zkaQBZqDsRg9Tbr_ItMMc","Vijayakumar p","Door No 25A/2, 1st Flr, AMI Midtown Bldg, opposite to Rajasthani Sangh, Diwan Bahadur Road, R.S. Puram, Coimbatore","11.0118265","76.9497993",""
"ChIJSWju60hYqDsRe-xnuUxE2Gg","IndianOil","SF No 147/3, Mahathma Gandhi Road, Avarampalayam, Road, Coimbatore","11.0240383","76.98333219999999","true"
"ChIJu-VDTk9ZqDsRvV2Z509dlO0","IndianOil","Sf No 251, Selvapuram, Komarapalayam","11.0181107","76.97782219999999","true"
"ChIJz-oV8bqJBzsRS3KKy08Cc2w","IndianOil","SF No 30/2, Nullacathu Estpollachi,Akkamalai, Valparai Mudis Road, Coimbatore","11.0260945","76.9709745","true"
"ChIJkQVca1JYqDsRxSBRe5lw5aA","Bharat Petroleum Corp. Limited","BPCL Staff Quarters, C.K.Colony, B.K.R Nagar, New Siddhapudur","11.0218506","76.9752197",""
"ChIJ_QRRdU1YqDsR3ZFMI0I-Sjs","IndianOil","1, Avaram Palayam Road, Ganapathy Ward, New Siddhapudur","11.0171526","76.97722519999999","true"
"ChIJlS5HdGVYqDsRFliDOL81Us8","Hindustan Petroleum Corporation Limited","19, Bharathiyar Road, Ganapathy, Coimbatore","11.0448733","76.9746408","true"
"ChIJ7dWSnDBYqDsRfpwQITz3HAM","IndianOil","B59, Bharathi Colony Road, Coimbatore","11.026046","76.995201","true"
"ChIJl8bt6RJYqDsRMTmqnPm5w9Q","NAYARA","2XWQ+FJ4, FCI Road, Bharathi Nagar, Coimbatore","11.0461314","76.98909259999999","true"
"ChIJaYSKFS5YqDsR_loYq5J1hwk","Hindustan Petroleum Corporation Limited","SF No 280, Avinashi Road, Peelamedu, Coimbatore","11.0222221","77.0000681","true"
"ChIJHU2wwBdYqDsRiXlTA0zNZzw","Bharat Petroleum LPG filling station","2XQW+RCJ, FCI Road, Peelamedu","11.0395813","76.9960196",""
"ChIJ7YuiThhYqDsRzqnWjWJ0ec4","Indian Oil","SF No,49,50, Fire Station Road,, Gandhimaa Nagar, Peelamedu, Coimbatore","11.0399326","77.0007735","true"
"ChIJYTyrzA1YqDsR1FMT9p1CPu8","IndianOil","SF No 469, 1, Sathy Road, Ganapathy, Coimbatore","11.051786","76.99209599999999","true"
"ChIJDUSWpA5YqDsRe7T0zVxlWDA","Bharat Petroleum - Bhagyam Agencies","NH 209, Saravanampatti, Coimbatore","11.0529222","76.993997","true"
"ChIJ830Ou4dXqDsRZqZ4fPTXiIM","IndianOil","F 488 Avinashi Road, CBE, Peelamedu, Coimbatore","11.024881","77.01229099999999","true"
"ChIJ4d-HuTn2qDsRUcpMPnp3G4I","IndianOil","SF No 139, 1C, Vellakinar Road, Cherannagar, Coimbatore","11.0762021","76.9509747","true"
"ChIJDT3hmYVXqDsRhr1NJtsJ2kA","Golden Petrofils","1563, Avinashi Road, Peelamedu","11.0261124","77.01832329999999","true"
"ChIJ_WoF0ZxXqDsRAu6RYv4SrQo","Hindustan Petroleum Corporation Limited","No 386/A/1, Kamarajar Road, Lakshmipuram, Peelamedu, Coimbatore","11.0198263","77.0223209","true"
"ChIJ02wLx_lXqDsRrRmCN1px2mI","Hindustan Petroleum Corporation Limited","SF No 245, VK Road, Sri Sivasakthi Nagar, Villankurichi","11.0540343","77.0144957","true"
"ChIJS8mISrj3qDsR4mVYbYFvabg","Bharat Petroleum Petrol Pump , SUPER AGENCIES","SURVEY NO.625/3CHINNAVEDAMPATTI VILLAGE, 485, Thudiyalur - Saravanampatti Road, Coimbatore","11.0836433","76.97745479999999","true"
"ChIJX_YUF7_3qDsR_8DBL8iSX9U","Bharat Petroleum","3XMM+683, Athipalayam Road, Ramani's Sri Mayuri Layout, Saravanampatti, Coimbatore","11.0830153","76.98330539999999","true"
"ChIJ5_VKnAJZqDsREuSgGpVilr4","Chinthamani petrol bunk Bharat Petroleum","Nagapattinam - Coimbatore - Gundlupet Highway, R.S. Puram, Coimbatore","11.013189","76.95470999999999","true"
"ChIJjzxd1ORYqDsR_-6ww5mju9w","Hindustan Petroleum","368, Mettupalayam Road, Tatabad, Coimbatore","11.021337","76.952563","true"
"ChIJoTgBKeVYqDsRZEKL1XQni3g","HP PETROL PUMP - SRI HARI AGENCIES ADHOC","HP Outlet, 626, Mettupalayam Road, Coimbatore","11.0218102","76.9523423","true"
"ChIJidd1pppZqDsRQyR4D-URp6k","Hindustan Petroleum Corporation Limited","626, Mettupalayam Road, Coimbatore","11.021787","76.95229499999999","true"
"ChIJaTmTJMZXqDsR5mYd1hSQxZU","Sree Amman enterprises - CNG - Bharat Petroleum","Bharath Petroleum Petrol Bunk, 87/22A, Avinashi Road, Peelamedu, Indira Nagar, Civil Aerodrome Post","11.0431346","77.0443323",""
"ChIJfW0aKMZXqDsReGO-Vkdrzq0","IndianOil","Avinashi Road, Aerodrome Road, Kalapatti","11.0429008","77.0451497","true"
"ChIJF_NWd9xXqDsRX8nVOXZ6s8o","Bharat Petroleum Petrol Bunk","Kalapatti Main Road, Periyar Nagar, Nehru Nagar West, Coimbatore","11.0552776","77.0387865","true"
"ChIJiT8zS_BWqDsRd65_OOLAVp8","Hindustan Petroleum Corporation Limited","near Ananda Bhavan, 5/1B, Trichy Road, Edayapalayam","11.0089833","77.0706502","true"
"ChIJzwtWhDJWqDsRo-vDYPSHRdE","IndianOil","Avinashi Road, Chinnampalayam","11.050499","77.058495","true"
"ChIJ78SJpXX4qDsRo5Mqpwa6vdg","IndianOil","SF No 287, 3A, Kalapatti Main Road, Coimbatore","11.0633306","77.0366758","true"
"ChIJ8ZcGNgH4qDsRMhtd4b11uBA","Bharat Petroleum, Petrol Pump -S.S.Petro Fuel","Villankurichi","11.0642334","77.01562899999999","true"
"ChIJEUt2ntRXqDsRBR9OSN03gFs","Melba Logistics Pvt Ltd","12 A 1 Ramar Kovil Street, R.G. Pudhur, po, Chinniyampalayam, Coimbatore","11.0565908","77.054654",""
"ChIJmYWXWVxWqDsROOm1wha1Ecs","IndianOil","Ground Floor, Hamlet, Athappagoundenpudur, Irugur","11.0279791","77.0761299","true"
"ChIJC9Dje2hWqDsRb90_sGTIk8Y","HPCL Coimbatore IRD","Ravathur Road, Coimbatore","11.0308588","77.0811634","true"
"ChIJPQFjXRr4qDsRHQ5iVP1VY6w","IndianOil","SF No 93, 1E, Road, Saravanampatti, Villankurichi","11.07339","77.01681599999999","true"
"ChIJ_expY_P3qDsR4zaf91nnUV4","Hindustan Petroleum Corporation Limited","No 350, 2 NH 209, Sathy Road, Saravanampatti, Mettupalayam","11.080001","77.004331","true"
"ChIJXxmIuX9WqDsRxtK0eZ0Z-bo","KR Fuels - Auto LPG Station - Sulur","SF No. 253, Sri Auto Fuels, Trichy Road, Sulur","11.0204851","77.0982623","true"
"ChIJH_rWIQBXqDsR8eAWe5UDli8","SRI SAI🚗 TYRES🚛 &🚜 PANJAR🚍","22G9+GXF, Avinashi Road, Gobichettipalayam","11.0263087","77.0199172",""
"ChIJxyHkMltXqDsRiMvLh-z-No8","Bharat Petroleum Bunk -Kria Ssshakthe","13,14 p ,krishna Nagar, Uppilipalayam Main Road, Coimbatore","11.0070123","77.0133544","true"
"ChIJsWXkGQBXqDsRXLAqeUec0RA","SIHS Colony, Bharath petrol pump","229V+453, SIHS Colony, Neelikonampalayam","11.0177594","77.0429217",""
"ChIJpcef1ddZqDsRp77XskkYaH4","ENEOS MOTOR OIL","India","11.0073083","77.01030279999999",""
"ChIJhc31QQBZqDsRpv_U4MfFDXA","Bhavani Auto Service SK Agency","57, 3rd Street, Peelamedu, Sengaliappa Nagar, Coimbatore","11.0358591","77.0069474",""
"ChIJPeOBQixZqDsRuFDxP7bgXrw","Nayara petrol Bunk - Srivari Enterprise","22P4+8M3, Peelamedu, Sengaliappa Nagar","11.0357748","77.0066836","true"
"ChIJO9ZoNTFYqDsRoEGj0Y1FyAc","Sunloop Energy","No. 33, Peelamedu","11.029171","77.001052","true"
"ChIJRxxLWcdZqDsRLLbH5e7Fh2Y","Bharat Petroleum, Petrol Pump -Sri Venkateswar Agency","PEELAMEDU COIMBATORE, Coimbatore","11.0219981","76.9981572","true"
"ChIJM5KzYLFZqDsRDtFtUZl7E3w","IndianOil","S No 326/1, Villankurichi","11.033418","77.00295299999999","true"
"ChIJocjqCJL2qDsRxQPq7jGvTBg","IndianOil","SF No 215/2, Narasimhanaickenpalayam","11.112419","76.936261","true"
"ChIJ91N0PKH1qDsRfAJjZsUmJVk","NAYARA petrol bunk","India","11.0808573","76.8759568","true"
"ChIJqwL_knb2qDsRQJQvWWUGKaE","IndianOil","S F No 62/3, Pannimadai","11.0851241","76.9220026","true"
"ChIJD3pmKpP3qDsRL954szxOmuE","RAAS Fuels","275/1, Kanuvai - Thudiyalur Road, Appanaickenpalayam, Coimbatore","11.0783034","76.9314569",""
"ChIJpSnAUmb2qDsRSSiHOCId0PY","Reliance Petroleum","Sf No 97/2, Kurudampalayam","11.0923513","76.93831039999999","true"
"ChIJC-Atbef3qDsRIq6yvQVtn_c","Bharat Petroleum, Petrol Pump -Sns Petrofil Services","THUDIYALUR,CBE, Coimbatore","11.0814675","76.9410144","true"
"ChIJn0895T_2qDsRt-EIkFsanq0","Hindustan Petroleum Corporation Limited","No 2/171, Mettupalayam Road, Thudiyalur","11.0783454","76.9418381","true"
"ChIJ_WoRB5v3qDsRWh73-cMEVq8","Bharat Petroleum - Petrol Diesel Pump - BP","Narasimhanaicken Palayam, Bus Stand, Mettupalayam Road, Coimbatore","11.1133689","76.9356571","true"
"ChIJF8BXoh72qDsRqFkRB4VOoIM","IndianOil","SF No 533, 31/7A, KNG Pudur Road, Cherannagar, Thudiyalur","11.0609544","76.9361602","true"
"ChIJw7aahe9ZqDsRl9FhCG0M0V4","Bharat Petroleum, Petrol Pump -Om Sree Ranga Petrol Bunk","CBE (CHERAN NAGAR), Coimbatore","11.0509482","76.94661909999999","true"
"ChIJ2Wx_Z9xZqDsRmA4MnLe_q5M","Sri Krishna Agenciess","239/2B, Edayarpalayam, Coimbatore","11.0531519","76.9493047",""
"ChIJ0ZdTQMJZqDsRiRLxTB0N1Cw","Bharat Petroleum","105-A ,1074, Avinashi Road, Koundampalayam, Coimbatore","11.0481048","76.947384","true"
"ChIJcwMzhSj4qDsRDg7Vtv_WU2s","KR Fuels - Auto LPG Station - Saravanampatty","Sri Auto Fuels SF No. 4/5A, Sathyamangalam main road Vilankurichi, Saravanampatti, Coimbatore","11.0940662","77.0139944","true"
"ChIJ___vyjXxqDsRAHV3MDWy13g","Coimbatore Auto Service(Adhoc) - BPCL","5W2V+3J2, Nagapattinam - Coimbatore - Gundlupet Highway, Periyanaickenpalayam","11.1501269","76.944006","true"
"ChIJq0u_Wk73qDsRhZPwHz7jj38","Dynamic Fuels (Aegis Autogas)","2a, Thudiyalur - Saravanampatti Road, Vellakinar Village, Coimbatore","11.0783974","76.9609703","true"
"ChIJxSTF3vr2qDsRTcuNnhFV-IE","KM Petro Fuels Nayara Petrol Bunk","Idigarai, Periyanaickenpalayam - Keeranatham Road, Maniakarampalayam, Coimbatore","11.1120017","76.9554355","true"
"ChIJ1y5kiUn3qDsR4kYdnXl0ccI","IndianOil","Sf No 574, 1B1, Chinnavedampatti, Coimbatore","11.072219","76.9850052","true"
"ChIJQzYmHBz3qDsR8TiC-HuVIQU","Somy Filling Station cvp","12G, Athipalayam Rd, Sri Nagar, Ganapathy, Chinnavedampatti, Coimbatore","11.0723103","76.9851055",""
"ChIJX66C0GdZqDsRhvgPx4kJcHc","Bharat Petroleum Petrol Pump , G.P.M. PETROFIL","NO. 8, Udayampalayam Main Road, MANIAKARAMPALAYAM, Coimbatore","11.0548893","76.9679608","true"
"ChIJKS02lPv3qDsRNF0L1eYiriU","Hindustan Petroleum Corporation Limited","SF No 119/1, Kovilpalayam Road, Thudiyalur","11.1213446","76.97462139999999","true"
"ChIJ-wh5ww73qDsRB5MKyxjET5M","IndianOil","SF No 345/2, Tin 33442204999, Saravanampatti, Coimbatore","11.079909","76.996513","true"
"ChIJl1CLk4hYqDsRJSvWm7Sd2I0","SRI SHIVA SURIYA AGENCY","Natesa Gounder Street, Tatabad, Lakshmipuram, Ganapathy, Coimbatore","11.0457012","76.9605897","true"
"ChIJA6KRP-X3qDsRqrZnofpUAnc","Bharat Petroleum","KGISL SEZ, 7/372, ROAD, Keeranatham","11.1017037","76.9963753","true"
"ChIJs25jFm9ZqDsR-jJvP9ej6YU","Raj fuels","28 Chikkarampalayam, Kottai Pirivu Road, Karamadai, Coimbatore","11.0480933","76.974609",""
"ChIJIXpT2ZNYqDsRndHaNSqiK64","Sree Sakthi Petrofil","Mettupalayam Road, Koundampalayam, Coimbatore","11.0405112","76.9488563","true"
"ChIJDxVT621ZqDsRTTyjtrgRQhc","GoGas Auto LPG","95/4, Nallampalayam Road, Laxmi Nagar, Sanganoor, Coimbatore","11.040197","76.9605002",""
"ChIJkZFb0UFYqDsRHf-10P8zm98","Bp Airconditioners","No 2, 1st Street, Ganapathy, Coimbatore","11.044595","76.97970699999999",""
"ChIJeRMF8j5ZqDsRgQQBGZ8WFZU","Sujith Rajak","3X4V+4JF, Pnaklprapa Tamld, Coimbatore","11.0553135","76.9940345",""
"ChIJQUn6--RZqDsRoBEX6SbvL5o","Bharat Petroleum, Petrol Pump -Rathinam Agencies","46/1 Ramakrishnapuram, Sathy Road, Ganapathy, Coimbatore","11.0518879","76.99242869999999","true"
"ChIJ94-77M9ZqDsR-In5kNJIlxs","SRI VINAYAGA DIESEL PUMP SERVICE","near Sri Balaji Saw Mill, 72/1, Sanganoor Main Road, Kannappa Nagar, Coimbatore","11.0365924","76.9515327","true"
"ChIJyaZZ8FVZqDsRCjr-j-IN_uQ","Hindustan Petroleum Corporation Limited","TS No 67, Sanganoor Road, Sanganoor, Coimbatore","11.0363561","76.96004289999999","true"
"ChIJmcBy1cH5qDsRiTdzzx_JjRw","IndianOil","SF No 231/2A1 231/2B, Sathy Road, Sarcarsamakulam","11.1272884","77.0305711","true"
"ChIJ2--dIzj4qDsRSZeB3BT57Ag","Hindustan Petroleum Corporation Limited","SF No 53/2B Kalapatty, opposite to SVB Tech Park, to, Kurumbapalayam Road, Coimbatore","11.0937475","77.0317511","true"
"ChIJrfBqCsn5qDsRoz_1mCzspfY","IndianOil","SF No 533, 1A, Kalapatti Main Road, Ganesapuram, Sarcarsamakulam","11.112424","77.030534","true"
"ChIJVWbgqcH5qDsRGzTxD7qWmT0","Bharat Petroleum Sri Vishnu Oil Traders","S.F NO 224/3B & 224/4 Sathy Main Road Kurumbapalayam (PO) Sarkarsamakkulam, Via, Kovilpalayam","11.124677","77.03009399999999","true"
"ChIJVwpo7ub4qDsR-YVDvXfzyp4","IndianOil","RS No 330/1B Kalapatti, Vellanaipatti","11.0994139","77.0755599","true"
"ChIJ1WHS0QX5qDsRdnQ3PSBokUw","RAJENDRA PETROFILL AND OIL SERVICES","28/1A2, rathinagiri road, Villankurichi","11.0870898","77.0169104","true"
"ChIJE2CxbwD5qDsRyssD0hxyQmM","Villankurichi Road junction","32F8+FR6, T-Nagar, Coimbatore","11.0736672","77.0170157",""
"ChIJPfdYtdH5qDsR20pemycK6v8","RKR FUELS (NAYARA)","NO 729, VKV Kumaraguru Nagar, Saravanampatti, Coimbatore","11.097445","77.0109995","true"
"ChIJDSv_DUX5qDsRRozAxs6DrUw","Fortune gas","Villankurichi","11.0668634","77.022601","true"
"ChIJYztb049ZqDsReUG2MO54sxk","IndianOil","SF No 71/2&72/1, Athipalayam Road, Chinnavedampatti, Coimbatore","11.0604893","77.00255220000001","true"
"ChIJjZvLo1b5qDsR6-1AzwvohvQ","Nayara Energy Petrol bunk - KRP FUELZ","2/276-5, Thanam Nagar, Kariampalayam","11.0648526","77.067351","true"
"ChIJWWi2PgD5qDsRo1CHYjTluJ8","Barath Petroleum","42MP+5GV, Kovilpalayam","11.132974","77.035889",""
"ChIJ-V-GLwD5qDsRYNuuqz8j_MM","SRIVARI FUELS","42MP+5GV, Kovilpalayam","11.1332399","77.0361077",""
"ChIJx5d9KSJXqDsR4ETAybkyeAE","Shell","Avinashi Road, Kalapati Village","11.04825","77.05499999999999","true"
"ChIJKxZBX8hXqDsRAADQep2667Q","Nayara petrol pump - Ramasamy Gounder Agency","3337+H33, Avinashi Road, Chinniyampalayam","11.0538755","77.0626585",""
"ChIJhUUXIwD5qDsRplkQxL9eTYk","Green Palms, Kovilpalayam","42QH+FMW, Sarcarsamakulam","11.1387628","77.0290752",""
"ChIJEdki5Tb5qDsRzXK6Hsd72l8","Bharath Petroliuem KS Agencies","313/2, Thudiyalur Main Road, Kottaipalayam","11.1424986","77.0186281","true"
"ChIJC9VnSGj5qDsR6HTg54b7MJY","HAA BHAAVANI ELECTRICAL & HARDWARE","petrol bunk, Bharat petrol bunk, 7/111/1, Kottaipalayam","11.1433184","77.02082229999999","false"
"ChIJ66MoLZ35qDsReIykGOHVDaE","Nayara Petrol","Manikkampalayam","11.1395274","77.0541224","true"
"ChIJy6Uqtvj5qDsRIYP5mUNbjJk","vetri vishnu agencies","Ngo Colony, Kottaipalayam","11.1476186","77.0166187","true"
"ChIJSyHUHgD5qDsRmyzTMp6GwX4","Bharat Petroleum","433Q+H9X, Annur","11.1039779","77.0884902",""
"ChIJqaqqGz9YqDsRNY36sc9NSOk","Manosaro Industries","56, Shoba Nagar, Shobha Nagar, Illango Nagar, Coimbatore","11.0334088","76.98968769999999",""