place_id,name,address,latitude,longitude,open_now
"ChIJ_ygd7HgVBDsRc7qSCrgjOv0","IndianOil","S No 193/3, Lock 119, Ayanthiruvaleeswaram, Cheranmahadevi","8.673744999999998","77.5694601","true"
"ChIJB41X55QUBDsRo9Dz6IDkMa8","IndianOil","Ground Floor, Pirancheri","8.6588668","77.6321684","true"
"ChIJY6DhRXsTBDsRkV-ZAxyiFTs","IndianOil","Ground Floor Melapalayam to, Rd, Cheranmahadevi","8.6683349","77.6604014","true"
"ChIJV4eMuNoVBDsRrBfSnc9vi5g","Indian Oil Petrol Pump","Kallur, Tirunelveli, SH-41A, Kanyakumari Pazhayauchakadai Road, Tirunelveli, Tirunelveli","8.6722994","77.5951189","true"
"ChIJX0lX3KgVBDsR8OIMVAY86EM","Indian Oil - MSN FUELS","89/1A2, Cheranmahadevi Road, Tirunelveli","8.709270999999998","77.6245062","true"
"ChIJ4___PwwTBDsRTa3Nyr70gIk","Hindustan Petroleum Corporation Limited","Ground Floor, Ambasamudram Road, Tharuvai","8.6696472","77.6774227","true"
"ChIJu8OnsJcVBDsRBvUVH02F_JM","Bharat Petroleum, Petrol Pump -Arumugam Agency","Tirunelveli - Pottalpudur Road, Suthamalli Vilakku","8.711512599999999","77.6396548","true"
"ChIJ6VZQEAAVBDsRRsy3J4OHqo0","Hindustan Petroleum Corporation Limited","SF No 349, 1 SH 40, Melaseval Road, Pattamadai","8.668226699999998","77.5799518","true"
"ChIJ66hWaQAVBDsRnfljDPyYywU","BHARAT FUEL PARK","BHARAT FUEL PARK","8.7134792","77.64130519999999","true"
"ChIJ1ak46AgTBDsRSNcS4qHgo48","IndianOil","Ground Floor, Melapalayam, Tharuvai","8.675445399999997","77.685598","true"
"ChIJL-bEDQQ-BDsR2ojYsPu88Nw","Hindustan Petroleum Corporation Limited","Ground Floor, Mukkadal Road, Tirunelveli","8.709784899999999","77.59504249999999","true"
"ChIJ5aiGsLcVBDsR9oQbtwOoHJA","Bharat Petroleum, Petrol Pump -Muthu Enterprises","Cheranmahadevi","8.670069000000002","77.5655294","true"
"ChIJDUMj9FEVBDsR-S5bWntFj-s","Hindustan Petroleum Corporation Limited","Ground Floor, Cheranmahadevi - Panagudi Road, Thiruvirunthanpuli, Kanganankulam","8.634683099999998","77.57191499999999","true"
"ChIJAQAAwKsWBDsRbcjJD3qne5Y","HP PETROL PUMP - KUMARAN AGENCY","HPC Dealers SY. NO 329/B, Kalugumalai Road, Gandhi Nagar, Shenoy Nagar","8.725252","77.649317","true"
"ChIJC2fHB44VBDsReor_Lam2cFg","Oil Shop","MHH8+222, Cheranmahadevi","8.677517","77.565001",""
"ChIJ76zM7WsVBDsRO4vfliA1j28","KKT BHARATGAS AGENCY","opposite cheranmahadevi, Police Station, 32j,aaladiarunthathi colony,papanasam complex, opposite cheranmahadevi, Cheranmahadevi","8.678325299999997","77.5649152",""
"ChIJqQaz0a9qBDsRqEUYxI4LcDA","Hindustan Petroleum Corporation Limited","Ground Floor, Thiruviruthanpulli, Cheranmahadevi","8.6250181","77.572986","true"
"ChIJbcgl7cJsBDsRCszWmVU_SwQ","Nayara Energy","JM8P+HH5, Perinbapuram","8.6163753","77.68647519999999",""
"ChIJl46Ln_QNBDsRu5RXewNvmJA","NAYARA Fuel Station","627007, E B Colony, Anbunagar Extension, Anbunagar, Tirunelveli","8.704222899999998","77.7509482","true"
"ChIJf450N3kRBDsRwSECG20O6eQ","BPCL","PMHW+F29, State Highway 40, Tirunelveli Town, Tirunelveli","8.728664799999999","77.6951006",""
"ChIJZWjTfPYRBDsRnAnWmzqhGoA","Bharat Petroleum Gas Station","Trivandrum Road, Kokkirakulam, Tirunelveli","8.7263091","77.7287489",""
"ChIJMyBUjKMTBDsRxJDUfZ1N_ag","Hindustan Petroleum Corporation Limited","Ground Floor, Trivandrum Road, Anna Colony, Jothipuram, Palayamkottai, Tirunelveli","8.6658701","77.7162601","true"
"ChIJJVSsCUETBDsRfz_aKH42FBs","AAKASH FUELS NAYARA","NH7 Tirunelveli - Nagercoil Highway Road,, S/54/9, NH 44, Caussanelpuram","8.6451877","77.7086629","true"
"ChIJiyNp-54TBDsRFNkcTdKbdh8","Bharat Petroleum, Petrol Pump","TIRUNELVELI (DUCKAMMALPURA, Tirunelveli","8.6753825","77.7203694","true"
"ChIJhfeOD6UTBDsRkihHmAH8I24","Hindustan Petroleum Corporation Limited","Ground Floor, Ambai Road, Melapalayam, Karungulam","8.6869201","77.704379","true"
"ChIJ2WJdLOZtBDsR5xYUDilVLOo","Bharat Petroleum, Petrol Pump -Sri Thiruppathi Fuels","T VELI, NH-7 PONNAGUDI, Tirunelveli","8.6343023","77.7008129","true"
"ChIJxf5Q_SUTBDsRddP2LJir7Wg","Hindustan Petroleum Corporation Limited","Gr Floor, Trivandrum Road, Meetpernagar, Palayamkottai, Tuckerammalpuram","8.681483300000002","77.7246564","true"
"ChIJZ5Mvi5kTBDsROHSzKbzxfok","HP gas station","JPVH+X58, Muthur Reddiarpatti","8.6446915","77.7281773",""
"ChIJmWS2v4sTBDsRtngrsAmdLuM","Hindustan Petroleum Corporation Limited","TS No 35, Block 6, Nethaji Road, Melapalayam, Tirunelveli","8.694232","77.716864","true"
"ChIJvaMzid0TBDsRzdYSU6KYJ6I","RSR Quality Fuels","171, 5, Reddiarpatti Road, Anton Nagar, Tirunelveli","8.678483399999998","77.7370011","true"
"ChIJS7jFOkcSBDsRsqHAfaWXy4k","Bharat Petroleum, Bharath Petro Care","Veeramanikapuram, Melapalayam, Tirunelveli","8.6998383","77.7157221","true"
"ChIJlbyEP9MTBDsRB-gcsuCcIy0","Hindustan Petroleum Corporation Limited","Ground Floor, Muthu Nagar, Reddiarpatti, Perumalpuram","8.6508741","77.740357","true"
"ChIJ8QiWkmsSBDsR7yNYHJKAcl8","Hindustan Petroleum Corporation Limited","near NGOB Colony, No 666A, Trivandrum Road, Palayamkottai, Tirunelveli","8.698201","77.72725799999999","true"
"ChIJ7_85-zgTBDsRUV_7zDpnHPs","Nayara Petrol Pump","PP52+38G, Mela Natham, Melapalayam, Tirunelveli","8.7076776","77.7008184",""
"ChIJXSwtxz8SBDsRxxLG0OUKLuI","Bp","India","8.703645400000001","77.7210289",""
"ChIJY_dwQK8TBDsR_cuGM7fAZh0","Reliance Petroleum","No 23, Bypass Road, Tirunelveli","8.7038874","77.72110289999999","true"
"ChIJK1IRTOJtBDsRp_bAtYMQJ5s","Mercy Rajan Fuels","Bus Stop, Perinbapuram Villakku, Perinbapuram","8.616486199999999","77.68649169999999","true"
"ChIJ-XIw6poTBDsRwLzQyA-_Gps","Hindustan Petroleum Corporation Limited","Ward No, A Keelaveraragavapuram, Survey No, 32/2, Part 1, Melapalayam, Tirunelveli","8.710825","77.71246099999999","true"
"ChIJhSnxix4TBDsRqZiq217g0T8","IndianOil","Ground Floor, Palayamkottai, Tirunelveli","8.7058081","77.730026","true"
"ChIJQ10vAVkNBDsRo5ijIQxrSVY","Bharat Petroleum","MPRX+WRR, Pothigai Nagar Road, Pothigai Nagar, Tirunelveli","8.6923601","77.7495092",""
"ChIJw8pnRosRBDsRaO9xXG3J75o","Narendran Fuels - Bharat Petroleum","1503/3, Manipuram Road, Thirunagar, Tirunelveli Town, Tirunelveli","8.7244307","77.69360429999999","true"
"ChIJE7o9gG4NBDsRamQQ08L1IWE","Hindustan Petroleum Corporation Limited","Ground Floor, NH 44, near Sai Baba Temple, Thirumal Nagar, V.M.Chatram","8.679729699999998","77.7602378","true"
"ChIJJWPFsVERBDsRCsNtxIFwmL0","SATHYA POWER SYSTEM","1460, Manipuram Road, Manipuram, Tirunelveli Town, Tirunelveli","8.726431400000001","77.69363179999999",""
"ChIJlzC6nYMRBDsRk6r-x4kta7o","MESSR RSA SANKARIER FIRM","21.c, Swami Nellaiappar High Road, Thirunagar, Tirunelveli","8.728594200000002","77.6973691",""
"ChIJ6_cbcrcRBDsRJFH2sZFteuU","Bharat Petroleum, Petrol Pump -Raja Agency","TIRUNELVELI (RAJA AGENCY), Tirunelveli","8.7288087","77.69886699999999","true"
"ChIJ7zUPTSIRBDsRt0o-tkJ-jco","Bharat Petroleum, Petrol Pump -Annai Sri Kanthimathi Agencies","TIRUNELVELI TOWN, NAINARKU, Tirunelveli","8.7295343","77.6925624","true"
"ChIJGwkazIURBDsRKQyVkcjLAmY","Bharat Petroleum","India","8.729486799999998","77.70832039999999",""
"ChIJiaEumWARBDsRYXIqLVAXqW0","Hindustan Petroleum Corporation Limited","TS No 2650/2B/2, Mukkudal Road, Kodeeswaran Nagar, Tirunelveli","8.726094599999998","77.6769027","true"
"ChIJpXk_T48RBDsR6vAaeANKDiw","Hindustan petroleum Petrol Bunk","PPH6+MRC, Vannarpettai, Tirunelveli","8.7291765","77.7120103",""
"ChIJYXAlT48RBDsRetJezW1t4L4","Hindustan Petroleum Corporation Limited","No 41A & B, Swami Nellaiappar High Road, Tirunelveli","8.729372099999999","77.711913","true"
"ChIJleSsmYsRBDsR3Src0dC03lk","Hindustan Petroleum Corporation Limited","182, Trivandrum Road, Vannarpettai, Tirunelveli","8.7278386","77.7189879","true"
"ChIJFWAHEOcRBDsRy01RsBQmA3E","Tamilnadu Transport Corporation Depot Office Fuel Station","PPGC+VJ2, South Bypass Road, Kokkirakulam, Tirunelveli","8.7271448","77.72151029999999",""
"ChIJLWRncosRBDsRBZUc20IqFys","Bharat Petroleum Petrol Pump (BPCL) - TVS Iyengar & Sons","177-A, Thiruvananthapuram Main Road Vannerpettai, Kokkirakulam, Tirunelveli","8.7276327","77.72010279999999","true"
"ChIJ-7DajngRBDsRzZ5j2RorU5o","IndianOil","No 176B Rtd, 120, Trivandrum Road, Palayamkottai, Tirunelveli","8.7271611","77.724137","true"
"ChIJgeqzZagRBDsRfzmtuXDno5E","Bharat Petroleum, Petrol Pump -Rajashri Fuels","PALAYAMKOTTAI OPP MARY CON, Tirunelveli","8.727248","77.725865","true"
"ChIJA9AB_M8NBDsRumSvWekW4Jk","IndianOil","No 30/1A2, Palayamkottai, V.M.Chatram","8.714488099999999","77.779778","true"
"ChIJpbUltZAMBDsROQ4e1DsWyGM","IndianOil","Lock No 3082, Srivaikundam, Karaiyiruppu, Vitthalapuram","8.6674638","77.824055","true"
"ChIJxZOUcf4NBDsRpGjKS7KE1g8","IndianOil","No 200E/2A, Lock No 115 No 107, Palayamkottai, Tirunelveli","8.7227451","77.75033599999999","true"
"ChIJFfKFEQIOBDsRtK7I3AnvAl4","IndianOil","11, Sivalaperi Road, Palayamkottai, Tirunelveli","8.7307211","77.746025","true"
"ChIJhzo2aJwNBDsRteKPV90qtFY","RGK AGENCIES","126, Sivanthipatti Road, Thiyagaraja Nagar, Tirunelveli","8.6789113","77.7714443","true"
"ChIJh4DDoVIMBDsRYiiPMjgqCH4","Hindustan Petroleum Corporation Limited","Sy No 193, 2A & 194/1A, Tiruchendur Road, Achimadam, Krishnapuram","8.6933242","77.7923086","true"
"ChIJe5npgTENBDsRgnHxP2opcHY","Annai Velankanni Quality Fuels( Barath Petroleum )","Tiruchendur Main Road, Parpakulam","8.6793125","77.80868749999999","true"
"ChIJT3NRIeYNBDsR8YyJlMizDco","Hindustan Petroleum Corporation Limited","200F, Tiruchendur Main Road, Palayamkottai, Tirunelveli","8.7221941","77.7518099","true"
"ChIJU3Cuj_8RBDsRPWi5eLV0y7U","FAYYANAR FUELS","India","8.724814799999997","77.7432165",""
"ChIJN1EkE-FzBDsRX6cFZGrONYo","Balaji Fules","Balaji Fuels, Narayanasamy Kovil Street, Tirunelveli","8.5957695","77.776699",""
"ChIJjf-RVXIRBDsRCaWusBTOJf4","PETROL STATION","State Highway 41, Tirunelveli","8.741469","77.6904521","true"
"ChIJzWig8dIWBDsRR3O9lsg1gXE","Hindustan Petroleum Corporation Limited","No 114/1G, Abishekapatti","8.7554771","77.6515529","true"
"ChIJJbXbrUIRBDsRlmKljyCTM7g","Hindustan Petroleum Corporation Limited","Survey No 2586, 4B2, Tenkasi Main Road, Lalugapuram, Tirunelveli","8.7331229","77.6758834","true"
"ChIJefyIaiMXBDsRvE-LupHDLKQ","IndianOil","Lock No 161, No 24, Vellalankulam, Seethaparpanallur","8.779869999999999","77.6192099","true"
"ChIJM23k9F4RBDsRnsU724yhCJM","IndianOil","Ground Floor, 35, Tirunelveli - Sankarankoil Road, Ramayanpatti","8.753703999999997","77.69022009999999","true"
"ChIJfY0a9W8RBDsRFAEEUbLD450","Bharat Petroleum, Petrol Pump -G Kuppusamy","TIRUNELVELI TOWN GKUPPUSAM, Tirunelveli","8.7440603","77.6941903","true"
"ChIJp_P3TQAVBDsRyPIAjF35F_A","Indian oil","SH 41A, Arasankulam","8.7115875","77.56574069999999",""
"ChIJp_sx7aYRBDsRdWdVIKdLT1k","Anish Petro Fuel Service","Thachanallur, Tirunelveli","8.7526855","77.7038446","true"
"ChIJ9-UCdaYRBDsR2eKr5xWCqF8","Hindustan Petroleum Corporation Limited","262, Madurai Road, Thachanallur, Tirunelveli","8.7544974","77.7047345","true"
"ChIJESgVfEcQBDsRrofHmTgzzIE","IndianOil","Lock No 159, Rtd 142, Thalaiyuthu","8.780700999999999","77.722106","true"
"ChIJ8Xf27D0RBDsRAQtam9uRVaQ","Bharat Petroleum Petrol Pump , AKHIL PETROLEUM","TALUK, Vilavancode","8.737886","77.70656699999999",""
"ChIJhb1hujMRBDsR2Lp3QuM31GM","IndianOil","Lock No 160, Vannarpet, Tirunelveli","8.749925","77.70562029999999","true"
"ChIJpaPRk5IRBDsRAAAAMHvotlI","Jp Bharatgas Agency","27/2, Ettuthogai Street, Vannarpettai, Tirunelveli","8.735373599999999","77.72037759999999",""
"ChIJz_1WNAsRBDsRcr2TsXavnw8","Electra Petroleum & Energy","next to House Of Seyad, North Bypass Road, Vannarpettai, Tirunelveli","8.734339399999998","77.7228829","true"
"ChIJXQd-HAARBDsRH-AJxyda1vo","Tharapuram","QP44+GRM, Tharapuram, Selva Vignesh Nagar, Tirunelveli","8.7563389","77.70719",""
"ChIJLQNLVq4RBDsRGBC8vPBvdr0","Hindustan Petroleum Corporation Limited","Survey No 453, near Tharapuram, 2B, Madurai Road, Chatrampudukulam","8.7586859","77.70815429999999","true"
"ChIJq_3Ifq0RBDsR9rRQXzS28CA","Petrol Pump Chidambara Nagar","Chidambara Nagar, Tirunelveli","8.76395","77.710545",""
"ChIJB6_bfq0RBDsRajs2XJvkBzk","IndianOil","Bus Stop, Ground Floor Chatrampudukulam, Karaiyiruppu, Near Karaiyiruppu, 2a, Madurai Road, Thachanallur, Tirunelveli","8.7643653","77.7101613","true"
"ChIJx3kcxr0RBDsR_MRVq3A8YZk","Hindustan Petroleum Corporation Limited","Ground Floor, NH 44, Naranammalpuram","8.762409","77.73691269999999","true"
"ChIJ_-x6mJsPBDsRaAdz0be3Qks","IndianOil","Sivalaperi Road, Chidambaram Nagar, Thimmarajapuram, Tirunelveli","8.7354751","77.76020799999999","true"
"ChIJX_yQpfIPBDsRslFpPjKZJbs","IndianOil","Ground Floor, Anna Nagar, Sivalaperi Road, Palayamkottai, Tirunelveli","8.7353201","77.7606928","true"
"ChIJc9QpI24QBDsRto_XmAHob64","IndianOil","Ground Floor, Thenkalam Road, Karaiyiruppu, Thalaiyuthu","8.7979419","77.7150486",""
"ChIJ73j-xzARBDsRLysXkaoVOE4","Bharat Petroleum, Petrol Pump -Krishna & Co","near INDIA CEME, THALAYUTHU, near INDIA CEME, Tirunelveli","8.79378","77.730543","true"
"ChIJI8FoqN4PBDsRxMcx__0Yq8M","Bharat Petroleum Petrol Pump , SEEVALAPERI DURGAMBIKA FUELS","SURVEY NO. 1849/30, 1849/32,SEEVALAPERI, VILLAGE, Tirunelveli","8.791662999999998","77.8115","true"
"ChIJkxaE2AQYBDsR5T2ZPQczpZE","Hindustan Petroleum Corporation Limited","near St Johns Teacher Training Campus, No 347, Alangulam Seethaparpanallur Road, near St Johns Teacher Training Campus, Pudur Road, Alangulam","8.8129441","77.5725795","true"
"ChIJQfO5OyURBDsRMig5__RjXeU","Hindustan Petroleum Corporation Limited","No 251/2B, Tirunelveli - Sankarankoil Road, Madhavakurichi, Manur","8.806896699999998","77.6580283","true"
"ChIJ933rE-IbBDsR5AXO8LkV8eU","Bharat Petroleum- Sri Annamalai Quality Fuel Service","2/397, Tirunelveli - Sankarankoil Road, Madhavakurichi","8.8136375","77.6563936","true"
"ChIJrarFQQAXBDsRmwOgDorrzoI","Annai Fuels park BPCL","Tenkasi - Tirunelveli Road, Pudur","8.8043839","77.58813409999999",""
"ChIJt4Y6tCoaBDsRAtQjLaZYB2I","Hindustan Petroleum Corporation Limited","53/2B, Sankarankoil - Tirunelveli Road, Manur","8.8507971","77.65485919999999","true"
"ChIJLYQr8LcbBDsR2L_vlaLXSng","Devi Fuels","67, Sankarankoil - Tirunelveli Road, Manur","8.8509891","77.65482659999999",""
"ChIJw___vwwYBDsRHLNVyITkY14","Hindustan Petroleum Corporation Limited","near St Johns Teacher Training Campus, No 347, Alangulam Seethaparpanallur Road, Alangulam, Pudur Tirunelveli","8.8129441","77.5725795","true"
"ChIJc8MqXtgbBDsRbqEg2dnFcBk","IndianOil","Ground Floor, Manur Tirunelveli Sankarankoil Rd, Ettankulam Road","8.864398","77.65494799999999","true"
"ChIJEWVB3wkYBDsRLvTMdDzGhJA","NAYARA ENERGY (ESSAR) Fuels - Aishwarya Fuel Station","Survey No.980, Taluk, Alangulam","8.819773","77.56224999999999",""
"ChIJqYkLccoRBDsRi9MR_hOk0EE","SCG ENTERPRISES","Main Road, Tirunelveli","8.799988699999998","77.7281993","true"
"ChIJZ4MLCLMFBDsRja_nOeLjqWo","Bharat Petroleum - Company Owned Company Operated Retail Outlet","1703, MADURAI ROADGANGAIKONDAN, VILLAGE, Tirunelveli","8.822364000000002","77.750798","true"
"ChIJ8Rw9_z4FBDsR9JtW1NuTb2k","Narmatha Agencies Adhoc - HP Petrol Pump","RQP8+84Q, KK Nagar","8.8358255","77.7653474","true"
"ChIJnZxjJ80FBDsRNAEuRzDIKgA","Hindustan Petroleum Corporation Limited","Ground Floor, Ceylon Colony, near Sipcot Industrial Area, Gangaikondan","8.8362951","77.764776","true"
"ChIJx8oTXeURBDsRtTloQtYSES4","IndianOil","Sipco, Gangaikondan","8.836698499999999","77.7657127","true"
"ChIJP9se3fEEBDsRzO5Y3epZFlk","IndianOil","Gro, Gangaikondan","8.8531678","77.77812250000001","true"
"ChIJKfmXPBwFBDsRncHbUAekVqg","IndianOil","Lock No 57, RTD 162, Veli, Kailasapuram, Gangaikondan","8.869993999999998","77.78012199999999","true"
"ChIJweMSsKoIBDsRdSUGrrMbvQo","IndianOil","No 1, P Kottai, Sivalaperi","8.8131281","77.8376804","true"