place_id,name,address,latitude,longitude,open_now
"ChIJYRd0VkEVdDkRSAbMUmZO4OI","Hindustan Petroleum Corporation Limited","Ground Floor, Fatehabad Road, Paliya","27.0394547","78.2759811","true"
"ChIJzUU5Qh5BdDkRaM2mJ1sQCHI","IndianOil","Ground Floor, Fatehabad Road, Dholpura, Firozabad","27.092251","78.37135099999999","true"
"ChIJpRrcXXQ_dDkRUPghuHSGxks","Hindustan Petroleum Corporation Limited","Ground Floor, Aai, Fatehabad-Firozabad Rd, Bhalokhara","27.043711","78.34338699999999","true"
"ChIJQ8VnQAA_dDkR2TzDDozqJQM","Firozabad road","28QM+VQ7, Fatehabad","27.0396659","78.3344118",""
"ChIJL4yiWwA_dDkRdBiMalDXpDI","Varma fuel (Indian oil)","28MG+M3X, Mithpura","27.0342484","78.32524",""
"ChIJoeKHCgAVdDkRK8ziRZloXOY","EV STATION","21, Agra - Lucknow Expressway, Paliya","27.052187","78.279624",""
"ChIJkTYPJL8_dDkRYsM-2mIJNY8","IndianOil","Ground Floor, Firozabad Road, Dhaurra","27.0327428","78.31850390000001","true"
"ChIJJ5Eyvgw_dDkRlD3VvN4nNgo","IndianOil","Ground Floor, Agra - Bah Road, Galla Mandi, Garhi Dariyab, Fatehabad","27.0312865","78.2936872","true"
"ChIJK9iMbaBHdDkRpEZnMWBisso","Sunita Filling Station","Sofipur Sofipur, Fatehabad Road, Firozabad","27.1244308","78.38706669999999","true"
"ChIJ0xgntcsVdDkRHgcIVBtoIG4","IndianOil","Ground Floor, Agra Fatehabad Road Fatehabad, Barauli Gujar","27.033421","78.28739399999999","true"
"ChIJkVqmOBoVdDkRCHAnefMGkhQ","Karamraj petrol pump","fatehabad, State Highway 62, Agra","27.036403","78.2816794","true"
"ChIJH0yp9zQVdDkR8mrx6OdY794","IndianOil","Ground Floor, Fatehabad Road, Barauli Gujar","27.036087","78.281549","true"
"ChIJb5jHTSgVdDkRcemt9hL3hNY","Bansi Wale Filling Station (BP)","Mauza 217, Paliya Pratapura, Fatehbad","27.0376401","78.2789991",""
"ChIJ4euw6sk_dDkR18ixiHYaC1Q","Adarsh Enterprises","121, Shamshabad - Fatehabad Marg, Fatehabad","27.0265793","78.29859189999999",""
"ChIJj1g9-hYVdDkREdYGbRsL3FE","Shri Bihari Ji Filling Station Paliya","27RC+H22, Agra - Bah Road, Paliya","27.0413757","78.270022","true"
"ChIJ3a8UvUNHdDkRKEGYupkahTY","Hindustan Petroleum Corporation Limited","Ground Floor, Police Chowki, near Ram Nagar, Fatehabad Road, Sofipur, Firozabad","27.130689","78.389871","true"
"ChIJJZd41UlBdDkRgwOfJo6zCnU","Radha Rani Diesel Works Shop","49X9+M49, Bazidpur Kutubpur","27.1491619","78.3678664",""
"ChIJNQVIdldCdDkRTC08djzogpo","IndianOil","Ground Floor, Gundau Tundla Road, Dolupura, Firozabad","27.15696629999999","78.3485426",""
"ChIJUZ3hjKBGdDkR3WzqqfytKG0","Verma Service Station - Indian Oil","Kotta Chungi, Bypass Road, Firozabad","27.1516443","78.408146","true"
"ChIJ6xrAiqpGdDkRdojxzwv-FBA","Chandra Petrol Pump","Agra-Kanpur Road, NH 2, Mahaveer Nagar, Chandra Nagar","27.15793649999999","78.3869905","true"
"ChIJb1JKot4LXDkRAXCAD-QZX8A","P - Mart Mall","Nasirpur, Gazipur, Nasirpur","27.113487","78.41123999999999",""
"ChIJUYQ4aJVHdDkRJyYfy3HxZiA","Tek Singh Fuel Point","3FV2+M9G, Main Road, Matamai","27.0941866","78.4509511",""
"ChIJV1YPJ-1GdDkRUQvG8WDHxrY","Hindustan Petroleum Corporation Limited","Ground Floor, Agra Road, Asfabad","27.1376239","78.41560729999999","true"
"ChIJgwB7B5VGdDkR50PVCCUmbOA","Aditya FS Essar Oil Petrol Pump","4CR5+8PP, Rasulpur, Firozabad","27.1408389","78.4093169",""
"ChIJAxXfEdNHdDkRiGFKMbeNvlI","Bharat Petroleum, Petrol Pump -Alka Filling Station","ALKA Kotla Chungi","27.1447295","78.4113294",""
"ChIJAfVBA-hHdDkRJuE1pXc3oDs","jai bala ji filling station kharsuli matsena","3FW7+874, kharsuli near, Firozabad","27.0957548","78.4632008","true"
"ChIJwYLrS9dHdDkRYrWtraHvfQY","HP Auto Care Centre Firozabad (PETROL and CNG Station)","near District Collectrate, Ground Floor Civil Lines, Khalilganj, near District Collectrate, Dabrai","27.1266162","78.4542452","true"
"ChIJuYtDrq5GdDkRnmU9uGRBw08","IndianOil","Ground Floor, SN Road, Dolupura, Firozabad","27.153301","78.39060099999999","true"
"ChIJa-VPcJRGdDkRwD3U2REzatw","Hindustan Petroleum Corporation Limited","Ground Floor, NH 2, Bypass Road, Nagla Bari, Firozabad","27.1548807","78.4062615","true"
"ChIJcYJGIQBHdDkRRKBYF03xn3U","Himmatpur","595W+M7H, Firozabad","27.1591961","78.3957331",""
"ChIJJfezDABHdDkRK3gKBlLL_PU","Maahi house khemkaranpur","595W+M7H, Khemkaranpu, Firozabad","27.1591961","78.3957331",""
"ChIJVd4j_KdGdDkRGM-r4dwZKWw","Hindustan Petroleum Corporation Limited","Ground Floor, Jalesar Road, Firozabad","27.15960099999999","78.39580099999999","true"
"ChIJf0SMjKBGdDkRk-1yN9Hc5TA","IndianOil","Chungi Crossing, Kotla Road, Firozabad","27.159401","78.40360299999999","true"
"ChIJqaxoWwA5dDkRF-fItg1XtAs","Lambardar Filling Station Bharat petroleum","3FFF+784, Matsena Road, Firozabad","27.0731451","78.4733258","true"
"ChIJwyb4XTNHdDkRm3g-xVOyT7c","H P Patrol Pump","Nagar Nagar Road, Road, Sailai","27.1589458","78.4103837",""
"ChIJOUzqbABHdDkReWW6GNoHSnU","Dam Mawan Nagar Market","5C54+VPP, Nagla Mirza Bara, Firozabad","27.1597049","78.40681339999999",""
"ChIJe-PjVjJFdDkRKLrryasuWtk","Bharat Petroleum, Petrol Pump -Vijay Filling Station","DABRAI,NH2, FEROZABAD","27.1604006","78.3988804",""
"ChIJs-kk_LxBdDkRpCYU8XABJZ8","Ashavni","57, Suhag Nagar, Firozabad","27.1582536","78.37459",""
"ChIJ454eCixGdDkROwhha6v-Ucw","Bharat Petrol Pump","4FF9+QQP, Vijaypurnagla Bhavesingh, Dabrai","27.12446289999999","78.46944359999999","true"
"ChIJVYMCxohIdDkRL03K0toVyE8","Hindustan Petroleum Corporation Limited","Ground Floor, NH 2, Makkhanpur","27.1264959","78.488315","true"
"ChIJAQAAAP9HdDkRNNnx5yOL8bI","IndianOil","Datawali Road, Matsena","27.068981","78.47771399999999","true"
"ChIJYTlZrD5HdDkRK30vS77WKNU","Jio-bp","KHASRA NO 110, M/S.SHREE GURU KRIPA FILLING STATION, B Road, Durga Nagar, Firozabad","27.1246006","78.4667932","true"
"ChIJyRjzdMBJdDkROSJ9qRP9sA8","IndianOil","Ground Floor, Chamroli, Jajumai","27.0834601","78.51351939999999","true"
"ChIJPX1opQdHdDkRGH9OYOR62Yw","JAL DEVI CNG FILLING STATION","Nagla Anurudh ,NH-19, New Byepass Road, Makkhanpur","27.1466183","78.4660054","true"
"ChIJtRqwUgBJdDkRlAvqoFuTX0A","K&D fuel Station Realince Jiobp","4GCC+RV2, National Highway 19, Adampur","27.122025","78.52214800000002","true"
"ChIJ0aqvCdE3dDkRFpO3Wo108II","Hindustan Petroleum Corporation Limited","Ground Floor, Vijaypur Bheekanpur, Datauli","27.029195","78.5061039","true"
"ChIJvRoRgb9DdDkRqRUphLPTdhc","GAIL Gas CNG Station","NH 2,Near Raja ka taal,Nawab Chauraha,Firozabad, Firozabad","27.1804024","78.3589216","true"
"ChIJcxODx_pDdDkR_VJeg3DoC8o","M/s Bharat Auto Service","Hindustan Petroleum Petrol Pump, Nagla Bhau, Agra Road, Firozabad","27.16754999999999","78.37513299999999","true"
"ChIJm3MhEQBPCjkRzNJx0VOdW_8","Ram chandra yadav","5896+V8X, Darapur","27.16972639999999","78.3108657",""
"ChIJ59iUs7hDdDkRgXRO9bhIxWE","Bhagwati Filling Cng","59J4+86R, Alinagar Kenjra","27.1808701","78.35551459999999",""
"ChIJsQ2KkQJDdDkRVfuy-oQDgZo","Kalash filling station","Gata no- 935/16, Jarauli Kalan","27.1921223","78.3400247","true"
"ChIJQ85UK_pDdDkRrovBBt_v-3k","Peetambra Filling CNG Station","Jarauli Kalan","27.1940289","78.33609059999999","true"
"ChIJGSQjgb9DdDkRKL-6myK3_60","Green Gas Firozabad (U.P.)","National Highway 2 Milikhan Jahanpur, Firozabad","27.180368","78.35890169999999",""
"ChIJl5Bi98t7czkRSQQ8lGA_hVE","IndianOil","Ground Floor NH 2, Dholpura, Usaini","27.1977599","78.3275845","true"
"ChIJ9xotnKdDdDkRW5VGzdsyeII","Petrol Pump","Usaini","27.2002244","78.323921",""
"ChIJr2tNhglDdDkRHtczMcaQKhQ","Shri dauji filling station","Nagla bhau, Industrial Estate, Firozabad","27.161561","78.3724244","true"
"ChIJLYlOgG9DdDkR1dTPY3KP7Lc","Hindustan Petroleum Corporation Limited","Ground Floor, Chowk, Agra Road, Nagla Bhau Chowraha, Firozabad","27.1683809","78.37396629999999","true"
"ChIJux5-wPpDdDkRGhX9qdFpsg4","Hindustan Petroleum Corporation Limited","Ground Floor, Chowk, Agra Road, Nagla Bhau Chowraha, Firozabad","27.1683809","78.37396629999999","true"
"ChIJg_9fv0FDdDkRcj4ywXP6kus","Bharat Petroleum, Petrol Pump -Chandra Auto Traders (Usiani)","USAINI,TUNDLA, NH-2, FEROZABAD","27.1683264","78.3743423","true"
"ChIJyWAwJYtCdDkREDXbelqfBt8","Maa Vaishno Devi Fuel Point HPCL","National Highway 2, Usaini","27.2033736","78.3151662","true"
"ChIJvXrB_CxDdDkRkf0Our9x-pI","IndianOil","Bhau Ka Nagar Chauraha, NH 2, Service Lane, Chouraha, Suhag Nagar, Firozabad","27.1615699","78.38196429999999","true"
"ChIJrTtlyIJDdDkRvMPfRSF5-M4","IndianOil","Kinora Tirwa, Mahatepur, Khair Nagar Rd","27.207113","78.308296","true"
"ChIJlSihXgBpdDkR8a5QszeMkIw","NAYARA FUEL STATION","676V+M29, Tundla","27.2117019","78.292671","true"
"ChIJKVMm4QREdDkR19CAicoJjCE","Nayara Pump, Firozabad City Filling Station","Kaushalya Nagar, Jalesar Road, Firozabad","27.1682108","78.3940367","true"
"ChIJS7VIUQBFdDkRztdahUbpOPE","Shri Ganesh Filling station","Jalhai, Jalesar Road, Firozabad","27.165513","78.39460729999999",""
"ChIJO8bDeBBEdDkR8BlXWIDZzQw","श्री ओ.पी. पब्लिक स्कूल","India","27.1719373","78.3980121",""
"ChIJ-dUYVBdEdDkRcnL0eQU1ew4","ALKA FILLING STATION BPCL PETROL PUMP","Dayal Nagar, Firozabad","27.1724207","78.4016826","true"
"ChIJk0x6pnRFdDkRbDJk3nRSR2k","Rajeshwari Indian Oil Petrol Pump","Kotla Road, Om Market, Dakhal, Firozabad","27.1676323","78.4027363","true"
"ChIJv6fiLsFFdDkRVmGHkAEOHKM","IndianOil","Khasra No 201, Sallayi Road, Nagla Mirza Bara, Firozabad","27.163036","78.410423","true"
"ChIJjwGq8ElFdDkR90omRf96hEA","I K PETROL PUMP","Ram Nagar, Firozabad","27.1709536","78.4058807",""
"ChIJiePhNxZEdDkRnA6r3qfdfN0","ESSAR","India","27.1759998","78.4055528",""
"ChIJger_OFtEdDkRkQmV_iYr5sc","Mishra CNG Filling Station","near New, Kutukpur Chanaura,kotla road, near New, Bypass Road, Firozabad","27.1912516","78.4112009","true"
"ChIJV0W36UNEdDkRWNIAfBBRIxg","Bharat Petroleum","5CR6+GG5, Kotla Road, Firozabad","27.1912714","78.4113466",""
"ChIJoVFur6NFdDkRpJvRDAERlEo","Petrol pump","5CCM+6CC, Saanti Road, Bhikanpur Meghpur","27.1705649","78.4335134",""
"ChIJ07g6vNNFdDkRSntbw71lhh8","NAYARA","India","27.1706644","78.433579",""
"ChIJWePat9NFdDkRIv3aTVlL4ZQ","Essar Petrol Pump-Maa Vaishnovi","5CCM+GHG, Bhikanpur Meghpur","27.1713141","78.4339466","true"
"ChIJ95NSfdFFdDkRQr-Q_eMV8aA","Hindustan Petroleum Corporation Limited","Ground Floor, Akalabad Hasanpur, Hathwant Road, Firozabad","27.1715278","78.4355003","true"
"ChIJQ2u4bv1HdDkRxnke_Tdpjgs","INDIAN OIL Hanumanji Filling Station","National Highway 19, Ghunpai","27.1638849","78.45307059999999","true"
"ChIJi_SdVo9FdDkRUpl7vuCt2rY","IndianOil","Ground Floor, near Kapawali, Dolupura, Nepai","27.2067722","78.4194189","true"
"ChIJF28JoLpFdDkR943Eunk4fZA","Manglam Filling CNG Station","Jalesar Road, Pachwan","27.2144278","78.3861542","true"
"ChIJocl-p5dFdDkRg_tSjC-Yl2A","Bharat Petroleum Petrol Pump , AMARDEEP FUELS","7 KM. STONE, Jalesar Road, VILL, Pachwan","27.220237","78.38474599999999",""
"ChIJ8wZa_JJPdDkRbswCd6w5nuQ","IndianOil","Ground Floor Khairgarh, Jasrana, Jajumai","27.187121","78.47563199999999","true"
"ChIJkS_9QsZPdDkR75AuxiyfEgw","IndianOil","Ground Floor, Shikohabad","27.2136747","78.4806681","true"
"ChIJz0m6SIlPdDkRnqozQaDCraU","Indian oil petrol Pump - Fuel Station","6F9P+6VV, Unnamed Road, Kanvara","27.21812329999999","78.48716399999999","true"
"ChIJB20DcGhodDkRDI8lWKF9OJc","Balaji Bharat Petrol Pump","Jajpur Tundla, Firozabad, NH-2, Agra Etawah Road, Tundla","27.2206049","78.25976829999999",""
"ChIJ88z-KQBddDkROf3-J9-59DY","Petrol pump","68XM+H5J, Sarainoor Mahal","27.2489631","78.3328897",""
"ChIJW5rTegBddDkRk1ZKOPbyQZw","Pandit Fuel Pumps","794F+8Q, Jakhai","27.255775","78.3744217","true"
"ChIJA9luQABddDkRHrDCIcARKmw","Shri Ganesh Filling station","794F+8Q, Jakhai","27.255956","78.37439499999999",""
"ChIJEaN-HwBpdDkRpTDJy1j15r0","Kanta petrol pump","6797+XJG, Tundla","27.2199274","78.264088",""
"ChIJLRTgE5JndDkRhv8R5tY0NU8","IndianOil","Ground Floor, Awagarh - Tundla Road, Etmadpur","27.27106329999999","78.2807649","true"
"ChIJsa82Aa1pdDkRGdi7MaU8GGI","Green Gas Limited CNG Station","67C6+F74, Tundla Rly. Colony","27.2211457","78.2607027",""
"ChIJyz2aX2hodDkR8X2F62iQWuc","IndianOil","Ground Floor, NH 2, near Km Stone, 223 to 225, Jaj Pur, Bachhgaon, Firozabad","27.220945","78.260547","true"
"ChIJ08tTUhBndDkRt69MH4rnXCE","Bharat Petroleum, Petrol Pump -Om Filling Centre","VILLAGE - BASAI ,SH-31, FEROZABAD","27.275495","78.28454190000001","true"
"ChIJiUCVUwBndDkR4XzUAC2CA0A","Shravya and Mayra Filling Station Bharat Petroleum","Tundla Etah Road, Kotki, Tundla","27.2553081","78.2659374","true"
"ChIJKy2OJIdndDkR96JJg3zujKE","Hindustan Petroleum Corporation Limited","Ground Floor, Etah Road, Tundla","27.2833213","78.29103359999999","true"
"ChIJybP15eJndDkRNSgD70s5gRA","Filling station","67R3+9V6, Awagarh Firozabad Rd, Tundla","27.240915","78.2546517","true"
"ChIJBdFXM_NcdDkRubyqC37HuAE","IndianOil","Ground Floor, Chauraha, Bachhgaon","27.28871419999999","78.3615289","true"
"ChIJDU96cmJodDkR4b3JCumz3fc","Bpcl Sobti Automobile","66FX+Q99, Tundli","27.2244159","78.248494",""
"ChIJo1AScJRpdDkRhIl7Ggzq18Y","K.S. Filling Station","near Jain Temple, Eath Road, Tundla","27.2303386","78.24545870000001",""
"ChIJtSbnLQBddDkRT0DOk8uQ2aE","Reliance Jio BP Mobility Station(Kumar & Sons Filling Station)","Khasra No-396,397, Kumar and Sons Filling Station, Tehsil, Nagla Sikander","27.29824","78.3047077","true"
"ChIJDboLmRFbdDkRbmONZDEdxYw","Hindustan Petroleum Corporation Limited","Ground Floor, Kotla Road, Firozabad","27.268862","78.454045","true"
"ChIJk4o-lrlbdDkRkWabJknzfY0","Sanjay","Unnamed Road, Narkhi Dhonkal, Narkhi","27.293815","78.4074821",""
"ChIJa5lUn3dbdDkRFau4b-tLJcw","Hindustan Petroleum Corporation Limited","Ground Floor, Battra Road, Bachhgaon","27.296701","78.397001","true"
"ChIJry6LGsxbdDkR8AsREYEzmEE","IndianOil","Ground Floor Kotla, R, Dolupura, Fariha","27.2706971","78.4567898","true"
"ChIJFQEgprJPdDkRe53IZNjzLzo","Hamara Pump Chandra Deep Fuels","Shop No 2, near Firozabad Road, Hathwant, Firozabad","27.2281544","78.4994229",""
"ChIJkxV2wGVPdDkRTvjw5oDW8eI","Hindustan Petroleum Corporation Limited","Ground Floor, Jasrana, Sekhupur Hathabant","27.228221","78.499427","true"