place_id,name,address,latitude,longitude,open_now
"ChIJeQNIgunlDDkR22qSKh8wt_A","IndianOil","Dsc Sector-40-41 Road, Sector 41, Noida","28.5617697","77.3582541","true"
"ChIJE3kH1urvDDkRRwG3ogpbNsg","Bharat Petroleum, Petrol Pump","Sector 71, Noida","28.5917657","77.3794234","true"
"ChIJjbUu-1PkDDkRZCS1xaLa-WA","Indraprastha Gas Limited CNG Station","Opp, Sai Baba Temple Road, Sector 71, Noida","28.596066","77.372654","true"
"ChIJuR0Ns3jlDDkRTcmsmBvYt4M","IndianOil","near Sai Temple, Plot No, PP1, Sector 52, Noida","28.5931729","77.3725199","true"
"ChIJz6mYvGblDDkRrec2YLUFaEo","HP PETROL PUMP - HP CENTRE SEC 62","near Mamoora, Ground Floor Sector 62, near Mamoora, Chowk, Noida","28.6101253","77.3714737","true"
"ChIJISZV2rXvDDkRLdNiaBETlf0","IndianOil","near Gaur City 2, Plot No PP 01 & GH 03, Extension, Sector 16C, Gaur City 2, Noida","28.6173006","77.4191225","true"
"ChIJ9QhAWSTlDDkRMkv2PGmsyEY","Hindustan Petroleum Corporation Limited","Site No 2, Pocket C, Ghazipur, New Delhi","28.6197231","77.34083369999999","true"
"ChIJ35Nxih7lDDkRePtobSvDI_U","Bharat Petroleum Petrol Pump - Vij Auto Centre","Community Centre, Kondli, Gharoli, 26, Pragati Marg, Mayur Vihar Phase III, Delhi","28.6072714","77.335396","true"
"ChIJ73Sjx6X6DDkRmI7MCdVqMpw","Bharat Petroleum Pump CNL Automobiles","Shaheed Captain Manoj Pandey Marg, Shakti Khand 4, CISf, Indirapuram, Ghaziabad","28.6472285","77.3786536","true"
"ChIJBWxgRcnlDDkRxdOFU0izCZ0","new auto india","sheetal petrol pump, Sector 44, Noida","28.5611942","77.338926","true"
"ChIJRZURgf7lDDkR9UKnvWHx7bo","Planners Koncept","D-285, Block, 285-D, Sector 47, Noida","28.5477966","77.3652401","true"
"ChIJpSHDyNXvDDkRhPQ3uKFI-m4","Hindustan Petroleum Corporation Limited","Ground Floor, Vijaynagar Bypass, NH 24, Mawai Road, Ghaziabad","28.6401073","77.4205731","true"
"ChIJIZihX-TkDDkRmwqvifJASjc","Bharat Petroleum classplus","H-16/74, Dallupura Road, New Kondli, Vasundhara Enclave, New Delhi","28.6041735","77.3233951","true"
"ChIJHw_hQDruDDkRUBysdj7pEQc","Indraprastha Gas Limited CNG Station","JCJM+75C, Crossing Republic-1 Near Police Chowki Goal Chakkar, Crossings Republik, Ghaziabad","28.63011449999999","77.4342394","true"
"ChIJ5dyEl_rkDDkRvJRx9OQa05U","Delta","f 19, F-19, Sector 8, Noida","28.597278","77.3217136",""
"ChIJ-Yu_GMD6DDkRi25fp3OSty4","IndianOIl","NH 58, Prahlad Garhi Village, Vasundhara, Ghaziabad","28.6589163","77.35384359999999",""
"ChIJZQTpC1_kDDkR1EvupxrRE6g","IndianOil","Plot No, Pp 1, Sector 15, Noida","28.5837595","77.3120671","true"
"ChIJ44C_5rroDDkRGwJTnvYJ8b8","Hindustan Petroleum Corporation Limited","Ground Floor, near IGL Station, Bhangel Road, Noida","28.5341445","77.3914508","true"
"ChIJn6lyFZPkDDkR69369mErvCo","IGL CNG Station Chilla1","IGL CNG Station, Ghazipur Road, Mayur Vihar Phase I, Chilla 2, Trilokpuri, New Delhi","28.6017262","77.30816709999999","true"
"ChIJgwiMfzP7DDkRTpvh7YT35G0","Bharat Petroleum Ghazipur Border","J8M8+R6R, Main Road, near Flyover, Chaudhary Charan Singh Marg, Ghazipur Village, Ghazipur, Delhi","28.63461509999999","77.31551449999999","true"
"ChIJfUZHgXXlDDkRiNXR5wHEZBA","Indraprastha Gas Limited CNG Station Sector 53 Noida","D35, Noida-Greater Noida Expressway, Gijhore, Sector 53, Noida","28.5911655","77.35860439999999","true"
"ChIJNyew2-f6DDkRGSp9buZ0vWw","Essar Universal","India","28.6602907","77.3434348",""
"ChIJC4e3JwflDDkRedsHJqX7Blg","Dolly Motors Multi Shop Stop Premium XtraCare","P 4, Amaltash Marg, Chaura Raghunathpur, Chora Sadatpur, Sector 21A, Noida","28.5916936","77.3390442","true"
"ChIJpWWETUvlDDkROH5h_UlGC7M","BP Petrol Pump","Kala Pathar Road, Aditya Mega City, Vaibhav Khand, Indirapuram, Ghaziabad","28.636733","77.36041469999999","true"
"ChIJX2VsMADvDDkRPfMvX9iITHA","Battery smart 🧡","H9WQ+83F, Sector 70, Noida","28.5958059","77.3876688",""
"ChIJmVGs7n_vDDkRBDFonww8aaE","Shaheed Surendrapal Filling Station","Global Indian International School, Sector 71, Noida","28.5917657","77.3794234",""
"ChIJW8nxJNnlDDkRAnHfPeMiiHw","B Block","H9WF+93Q, B Block, Sector 71, Noida","28.5959713","77.37271919999999","true"
"ChIJeQavDODlDDkRlxk3CY_YUzA","Hindustan Petroleum Corporation Limited","opposite Sai Mandir, Plot No PP/2, Vishwakarma Road, Sector 71, Noida","28.5954978","77.3726736","true"
"ChIJLaxMFgDlDDkRRda3KgK7DVo","Battery change full time","E-110, E-block, Sector 52, Noida","28.59352","77.3728017",""
"ChIJ7yCsH4flDDkR2CasRIj5b_E","Indraprastha Gas Limited CNG Station","Sector 50, Block A Road, Block E, Sector 51, Noida","28.5850169","77.3754747","true"
"ChIJC-JyQwDvDDkRa4MIH7kE0N8","Shri Shyam Energies","J96V+VX, Sector 69, Noida","28.6120346","77.3953366","true"
"ChIJvRfLRADlDDkRYCT0Vfhq2ZA","Freestyle","C-21, Sector 62 Road, C Block, Sector 59, Noida","28.6101117","77.3691887",""
"ChIJL92MAAXvDDkR-ozg3WBcxa0","Shri Goverdhan - Petrol Pump","PP-01, Vishwakarma Road, Sector 72, Noida","28.58271","77.3769453","true"
"ChIJO9_H1Gr9DDkRBJcqRHw5PIM","IndianOil","N2, Plot No Pp2, Master Plan Road, Sector 54, Noida","28.5947133","77.3594402","true"
"ChIJ3RTyRXTlDDkRkSGz8o6QilM","Shaheed Chaman Petroleum","Maharaja Agrasen Marg, Sector 54, Noida","28.594735","77.35941749999999","true"
"ChIJqWGg0vXvDDkRNLBAldwTp8w","NATURAL CITY GAS","4th Floor G, Office No 402-403, Sector 63 Road, Sector 63, Noida","28.6209681","77.3811702","true"
"ChIJ_WRbH-vxjQgRZ4oKvQ1V_-Y","ASSURE FUEL PRIVATE LIMITED","Tower A, Spectrum metro mall, 1422, Sector 75, Noida","28.57399509999999","77.37925179999999","true"
"ChIJb4FJeyTlDDkRcHGVg8NsbZk","Ajay Chaudhary works","g, 11, Bishanpura Road, Bishanpura, Sector 58, Noida","28.6064912","77.3558443",""
"ChIJiwx5OQ3lDDkRgR-mPRdIFPw","IndianOil","Green Belt Sector 54, opposite Sector 57, Noida","28.6001508","77.3545218","true"
"ChIJA-mWfQ_lDDkRlB1q873cWsg","Accurate freight 57","A2, Sector 57, Noida","28.606064","77.35521",""
"ChIJMShqY1jlDDkRskUN_3FXmiA","IGL","Opposite Fortis Hospital, Sector 63, Noida","28.62433","77.3749531","true"
"ChIJs4fVrlnlDDkR1iSl1DqJ2gU","IndianOil","Plot No PP1, Sector 63, Noida","28.6245008","77.3749577","true"
"ChIJwZesbQDlDDkR4N5L1H_aRrc","Bharat gas agency","H9V3+8M5, Sector 23, Noida","28.5932677","77.3542478",""
"ChIJZaqdBZPlDDkRtE7G-5cCncA","Workspace Interior","Shop No 66, DDA Market, Indrapuram, Nyay Khand 1, Sector 62A, Noida","28.6105105","77.3541188","true"
"ChIJT-RGe47lDDkRRQun59jpzrg","Hindustan Petroleum Corporation Limited","Ground Floor, Sector 51, Ghaziabad","28.5774721","77.3603863","true"
"ChIJe9NFRgDvDDkR-dTX1DJTVes","Indian Oil","14, Sector 50 Block D Road, Noida","28.5692934","77.3784893",""
"ChIJz6xEJfzlDDkRAnOr0gA6-i8","Rajiv fill and Drive","adjoining Iskcon Temple Road, A-1, Block A, Sector 33, Noida","28.587489","77.351394","true"
"ChIJ6WAtzMblDDkRGI4uRMgh-FI","IndianOil","Ground Floor, opposite NTPC Building, Sector 33, Noida","28.5873029","77.35146859999999","true"
"ChIJeQ3S4aDlDDkRMjqGA0TctBE","IndianOil","Ground Floor, opposite NTPC Building, Sector 33, Noida","28.5873029","77.35146859999999","true"
"ChIJRwO6fgDlDDkRTumXbYUvWIw","Battery swap 1","D, 94B, Block D, Sector 55, Noida","28.602005","77.348804",""
"ChIJ0WNAac_vDDkRhFJA9649bVc","Sahil Auto Bike Service Center/Shop","Shop Number 4, lajja Raam Market, Gaur City, Greater Noida","28.620091","77.40979279999999","true"
"ChIJKess9QXlDDkReFEGP_NY0Rg","Hindustan Petroleum Corporation Limited","Plot No Y/349/D, Sector 12, Noida","28.5966352","77.3437773","true"
"ChIJMZ0JTyjzDDkRkx2J6jln7QI","IndianOil","Ground Floor, NH 24, Adhyatmik Nagar, Chhapraula, Greater Noida","28.6173289","77.4189876","true"
"ChIJEftfOADlDDkR-RonQbKZ2W8","Indian Gas Truck","J88W+6PF, Khora Colony, Sector 62A, Noida","28.6155722","77.3467996",""
"ChIJEY14SS_vDDkRKtpJKlDBOHc","Bharat Petroleum","JC4F+VRP, Service Road, Yusufpur, Nai Basti Dundahera, Ghaziabad","28.6072121","77.42456969999999",""
"ChIJPyqgUwDvDDkRotRRJxjbAGc","BP AGRICULTURE FARM-1","JC4F+VRW, Yusufpur, Nai Basti Dundahera, Ghaziabad","28.6072256","77.42457499999999",""
"ChIJz5U5XM_vDDkRTukUQREYqNM","SHREE SHANKAR AUTO CNG","India","28.6259","77.4132504",""
"ChIJbzkGDgDvDDkR4qhkywxT4Rw","Indirapuram","JCM2+5H5, 20, Futa Rd, Budh Vihar, Bahrampur, Vijay Nagar, Ghaziabad","28.6330106","77.4015379",""
"ChIJj25rrkzvDDkRMklSDUm8eOc","IndianOil","No PP 01 & GH 01, Noida Extension, Sector 4, Greater Noida","28.606502","77.426627","true"
"ChIJweak7qTlDDkR6YCz2nLUVOg","LPG Gas Station","J83P+PF9, Mayur Vihar Phase III, Buddh Vihar, Delhi","28.604285","77.3362219",""
"ChIJ8aSg-7LuDDkRgegGn9fFvuY","Indraprastha Gas Limited CNG Station","KP-5, Ajit Singh Baisla Road, Knowledge Park V, Greater Noida","28.5560227","77.456201","true"
"ChIJizhr7eHtDDkRmKORtMgkdp8","Jio-bp","Khasra No 1283, 1292, Nh 91 Bulandshahar, Ghaziabad - Bambawar Road, Bametha, Lal Kuan, Shahpur","28.6293822","77.4715878","true"
"ChIJTwoHW-ftDDkR_n9Le8r7c6I","IndianOil","near Sri Ram Dharam Kanta, NH 91, Lal Kuan, Chhapraula","28.62581","77.47659","true"
"ChIJuz_8YsTtDDkR8KFE6AJiRUQ","Pragati Logistics Private Limited","Plot No. 230, 231, Grand Trunk Road, Chhapraula","28.617504","77.4872561","true"
"ChIJkYd-FLTuDDkRG5ta0gSPXpk","Hindustan Petroleum Corporation Limited","Ground Floor, near Gautam Buddha Balak Inter College, Aimnabad, Greater Noida","28.55806389999999","77.4520254","true"
"ChIJ5-RZ7GnpDDkRpaGU2s1DKTI","Bharat Petroleum","Udyog Kendra, Suthiyana, Dadari Road, Sector - 106, surajpur, Noida","28.5293179","77.45433729999999","true"
"ChIJ1ZzaH0K1ljkRznbbKOK_g0s","IndianOil","ground floor, Mehrauli, Ghaziabad","28.6668801","77.48141840000001","true"
"ChIJOxoS4dPvDDkR-PUb7gmuXi4","Bharat Petrol pump and CNG pump","JF23+959, Greater Noida West Link Road, Roza Yakubpur, Greater Noida","28.6009023","77.4529739","true"
"ChIJR_4tfQDvDDkRN6H7gmFUt_k","Pollution centre","JC4X+888, Sector 16B Road, Bhangel, Greater Noida","28.6057823","77.4483355",""
"ChIJYZf8vBrvDDkRdfi08v1sxN4","IndianOil","No PP01, Techzone 07 130, Mtr Road, Milak Lachchhi, Noida","28.5899308","77.461193","true"
"ChIJGxOWflvuDDkRa-0pYI9EZK4","IndianOil","Plot No PP 01, Sector 16B, Noida","28.6076122","77.4412396","true"
"ChIJN48w6Y3vDDkReo5pDtr-U-g","Indraprastha Gas Limited CNG Station","SUPERTECH ECO VILLAGE-2, Drop, Bhangel, Ghaziabad","28.607682","77.4411767","true"
"ChIJO4bPbtXvDDkR8BA3mBj2VAA","Mansi Gases","Plot no. 188, 6 % Plot, Roza Yakubpur, Ghaziabad","28.6088641","77.46642800000001","true"
"ChIJcwoWWg_vDDkRAG4zTnWBDtg","RJ Enterprises","Shop No. 4, Plot 37, Main Road, Shahberi, Ghaziabad","28.6194174","77.4374302",""
"ChIJYS65CdvvDDkRo_D8IkcDKW4","Bridge bharat gas ltd","JFG3+W9F, Karan Enclave Road, Chipiyana Buzurg, Ghaziabad","28.6273091","77.45342649999999",""
"ChIJJ_m9fgDvDDkRTFfIynAxevU","Hindustan Petroleum Corporation Limited","Khatauni No 01161 Loni, Crossings Republik Road, Loni, Ghaziabad","28.625908","77.43956800000001","true"
"ChIJrzO8s_DvDDkR-bUwGHNBOOA","IndianOil","Khasra No 974, near IGL Gas Station, Dundahera, Crossings Republik, Greater Noida","28.6267682","77.44021180000001","true"
"ChIJ41r9VeDtDDkRbL6dJ0g2ilU","India Diesel Servies","36, Bulandshahar Road, Lal Kuan, Ghaziabad","28.62707","77.473024","true"
"ChIJlxKTW33vDDkRBWYXspHOivM","IndianOil","No PP01, Agriculture Green, near Sports City, Bisrakh Jalalpur, Noida","28.5770058","77.426598","true"
"ChIJwcz2-jvtDDkRpnEIfdoFdKY","BPCL petrol pump & CNG","130 Metre, opposite Kherpur Village, Vaidpura, Greater Noida","28.5704299","77.4724622","true"
"ChIJWw4-g8TtDDkRsSXFFlkxjR8","IndianOil","Grand Trunk Road, Chhapraula","28.6192935","77.483814","true"
"ChIJQwNsg8TtDDkR8T712UO0o70","CNG PUMP","JF9M+QHG, Chhapraula","28.6194357","77.4839442",""
"ChIJJZdvFYrvDDkRO4m4zVKiltk","Bharat Petroleum Petrol Pump , PRATIK FUEL STATION","CROSSING REPUBLIK, NH 24 CUT, Crossings Republik, Ghaziabad","28.6318766","77.4425663","true"
"ChIJ9R7AU0TtDDkR1PM2UikX0l4","IndianOil","Plot 230 & 231, Grand Trunk Road, Bisrakh Jalalpur, Chhapraula","28.61752719999999","77.4868812","true"
"ChIJ5wQzK8TtDDkRG_8T8vkmwZw","NATIONAL AUTOMOBILES","JF9P+4R9","28.6177889","77.487097",""
"ChIJtwtJownuDDkRRJ78NEVZx_c","Hindustan Petroleum Corporation Limited","Ground Floor, Grand Trunk Road, Shahpur Bamheta, Lal Kuan, Ghaziabad","28.6315432","77.468018","true"
"ChIJ14vqdOPvDDkR22w7tb4K7YI","Krishna Auto","Mansarovar Park, Grand Trunk Road, Lal Kuan, Ghaziabad","28.6325373","77.465645",""
"ChIJS0vQIVnvDDkRXQl3ywgR-XY","Indraprastha Gas Limited CNG Station","Lal Kuan, Ghaziabad","28.631762","77.468231","true"
"ChIJq6qqagbuDDkRq4HpGhSuYCU","SAHIL AUTO FUELS - BHARAT PETROLEUM","National Highway 24, 91, Ghaziabad - Vijayanagar, Lal Kuan, Ghaziabad","28.6319181","77.4678225","true"
"ChIJdRVnMwDtDDkRkJM78OxeKeM","Deepak singh","JFMF+768, Lal Kuan, Ghaziabad","28.6331684","77.4730653",""
"ChIJL3u3MgXvDDkRqUQHKahgNfE","Hindustan Petroleum Corporation Limited","Dargawan Gabhana, Chandaus Pisawa Road, Aligarh","28.63592","77.465643","true"
"ChIJa5wxoyPuDDkRL-84PGTRCRk","IndianOil","Ground Floor, NH 24, near Ghaziabad - Vijayanagar, Ghaziabad","28.6367865","77.4432648","true"
"ChIJrxKVK2HvDDkRZfT5_WConw8","Aman Vegetable And Fruits","Shop -3 ,,Haibtpur Dist-gautam Budh Nagar","28.6271666","77.4223246",""
"ChIJ36k1pITvDDkRewFbbXpsnQE","IndianOil","Site 1, No B, 34/1, Industrial Area, Greater Noida","28.6387762","77.4580268","true"
"ChIJxfEyVnTvDDkRgRHFhPEPiLw","IndianOil","Bisrakh Jalalpur, Greater Noida","28.5632826","77.4341311","true"
"ChIJ9a6lePTvDDkRnCfWnPsujsg","BP 24","Sain Vihar, Dundahera, Ghaziabad","28.6366309","77.437749","false"
"ChIJ25C1dgDvDDkRsJvN5GA7g2M","IndianOil","Ground Floor, Lal Kuan, Ghaziabad","28.6395238","77.45701869999999","true"
"ChIJezljVQDvDDkRp6BrwWFceKY","adhiraj","HF52+5W2, Ace City Noida Extension, Sector 1, Aimnabad, Bisrakh Jalalpur, Greater Noida","28.5578881","77.45226679999999",""
"ChIJr6xsIRzuDDkRNz_9ZbVHc-M","CHAUDHARY SERVICE STATION","Grand Trunk Road Industrial Area, Bulandshahr Road Industrial Area, Bulandshahr Road Industrial Area, Ghaziabad","28.64149069999999","77.45318089999999","true"
"ChIJfU2CO03sDDkRi9WPi8kMlCk","IndianOil","near Patwari Ka Bagh, NH 91 Dadri, near Patwari Ka Bagh, Achheja, Noida","28.6033871","77.50257730000001","true"
"ChIJR3QxrlTvDDkR5KlXtRKUs-s","Goyal gas agency","205, New Panchwati Colony Road, Ispat Nagr, Bulandshahr Road Industrial Area, Ghaziabad","28.6406158","77.43990079999999",""
"ChIJVdQjVNPvDDkRl9VcMEQKuFE","IGL CNG STATION -KP5","Knowledge Park V, Greater Noida","28.5559985","77.456259","true"
"ChIJbU_2SwDvDDkRP0FqRHEgDBQ","IGL Gas Limited","KP-5, Ajit Singh Baisla Road, Chauganpur, Knowledge Park V, Greater Noida","28.5559916","77.4564953",""
"ChIJ9UbFXwDvDDkRniZjESWOO6Q","Indira gas agency","JFR9+3V, Lal Kuan, Ghaziabad","28.6402495","77.4697371",""
"ChIJ_4UMWgDtDDkRgepw8GjalAk","IGL CNG","HF6J+67, Greater Noida","28.5605362","77.4807344",""
"ChIJVUe9LKDvDDkRtsznarhQ9CM","Hindustan Petroleum Corporation Limited","Ground Floor, NH 24, Shahpur Bamheta, Ghaziabad","28.6434924","77.4656583","true"
"ChIJ8-WlypLtDDkR4ChH6e44LTY","Hindustan Petroleum Corporation Limited","PP 01, Sector 12, Noida","28.5602148","77.480892","true"
"ChIJKxh01eHxDDkRl8psMPAu74M","Vijay Gases","Shop Number 278, NCR, Loha Mandi, Bulandshahr Road Industrial Area, Ghaziabad","28.6454511","77.45027999999999","true"
"ChIJ_RnQHZbsDDkRmzn-6YuKAlw","Rawal Bharatgas Gramin Vitrak","U.P, Dadri bypass Dhoom manikpur, Greater Noida","28.5779756","77.5387037","true"
"ChIJuQXA9EPrDDkRLmI9TZ3oQuw","IndianOil","near Railway Phatak, DSC Road, Dadri","28.54651","77.54442999999999","true"
"ChIJFfuPCb_tDDkRl5jrDDxO6nA","Bharat Petroleum Corporation Limited BP EPE2","BP EPE2 , milak, Eastern Peripheral Expressway, murad nagar, chakarpur, Ghaziabad","28.5921077","77.5527704","true"
"ChIJmwclYJfsDDkRniWMxZD7Hyo","IndianOil","Dhoon Dadri, GT Road, Noida","28.57289","77.53493999999999","true"
"ChIJQ8vM4qDsDDkRrnTYxiBF1J8","Hindustan Petroleum Corporation Limited","Ground Floor, GT Road, Dadri","28.5646974","77.5428578","true"
"ChIJewAT9ezrDDkRmwrUNwKo2kk","Dwarkadheesh energy hub","Dadri ,Opps, Naveen Mandi","28.5610026","77.5473317",""
"ChIJb80c5VjrDDkRfFPv1u-m9_g","नवीन मण्डी स्थल","HG6W+3PJ, Old NH 91, Dadri","28.5602222","77.54676119999999",""
"ChIJ7bgLSgCTDDkR3aJ8FsdOplY","Sharma Filling Centre Bisahda","HHJC+64P, Bisahda","28.580593","77.5703326",""
"ChIJczZe8cjtDDkRzWadzl9Rmks","Reliance Petroleum","M/S SQ.LDR.SATYADEO PANDEY PLOT NO 35, HARBANS NAGAR, KHASRA NO 609, NH-58, Ghaziabad","28.6442982","77.547793","true"
"ChIJ-QKGEWmVDDkRCLvPn6jxu7Y","IndianOil","Khasra No- 678, 1302 Jarcha, opposite Haji Farm, Noida","28.5559584","77.5541501","true"
"ChIJ975uU7nrDDkRBDfPKXM_R1o","petrol pamp ki gali","GGWW+M6J, Railway Road, Dadri","28.546704","77.5455138",""
"ChIJUSzxmtHrDDkRYbXpJIMpPi4","BP GNA KP 1 COCO OUTLET","GFXQ+37F, Greater Noida West Link Road, Tusiana Village, Knowledge Park V, Greater Noida","28.54768989999999","77.4881571",""
"ChIJWymTuS2VDDkRTEn53zU8I5M","Aqib Cng Pump","125, Ramnager Road, Nodia, Dadri","28.553524","77.57340239999999",""
"ChIJjRD7AZaVDDkRS1pMjvsTzwI","GAGAN","125, Delhi Delhi Roasd, Dadri","28.553524","77.57340239999999",""
"ChIJpV4bVLGVDDkRjV2xza9rN_4","CNG PUMP DELHI","near by Meerut, 124, Delhi Road, Dadri","28.553524","77.57340239999999",""
"ChIJj0mxGLWUDDkRl8AzvCryqJU","IndianOil","Chithara","28.5436782","77.563518","true"
"ChIJXwGcJQDrDDkR9T1l2_69LvE","IGL CNG &LCNG FILLING STATION","GGJJ+WJH, Tilpata Karanwas","28.5323154","77.53161469999999",""
"ChIJ57PiW1TrDDkRldYDiQPwLyY","Petrol pump","GGH3+W7W, Greater Noida West Link Road, Greater Noida","28.5298621","77.503207",""
"ChIJd5NwPknwDDkR83oV0Q4WOr4","Indraprastha Gas Limited CNG Station","380, Grand Trunk Road, Pocket D, Patel Nagar 2nd, Madhopura, Ghaziabad","28.66964159999999","77.4168108",""
"ChIJbUpumkrwDDkRK592sOzoQzs","IndianOil","Ground Floor, Gopal Nagar, Ghaziabad","28.6664859","77.42222869999999","true"
"ChIJ6d3b6_n6DDkRy4UZs91oJac","BHARAT PETROLEUM (SHADIRAM UDMIRAM)","NH 24 Prakash Industrial Area, Sahibabad Industrial Area Site 4, इंडस्ट्रियल एरिया, Sahibabad, Ghaziabad","28.6766695","77.3428319","true"
"ChIJR1D4U0z6DDkRYXVq0y59IWY","Bharat Petroleum Petrol Pump","M8WP+488, Shalimar City Road, Shalimar Garden, Sahibabad, Ghaziabad","28.6952939","77.3358341","true"
"ChIJkUFFSrHxDDkR2ZxS-fcuV7M","Bharat Petroleum","MCFJ+2G4, Block G, Lohia Nagar, Ghaziabad","28.6725194","77.4313421",""
"ChIJgwbTGHVmDDkRnfnIIdWTfRE","IndianOil","Ground Floor, NH 58, Meerut Haridwar Bypass, Shobhapur","28.6626624","77.33664879999999","true"
"ChIJbwSr4rbxDDkRsS6X2cUQfU0","Hindustan Petroleum Corporation Limited","Ground Floor, near Santosh Medical College, Hapur Rd, Maliwara, Nehru Nagar, Ghaziabad","28.6704156","77.43256509999999","true"
"ChIJVWPXrAPxDDkR4XQcJ7YmghU","IndianOil","Noornagar, Raj Nagar Extension, Area","28.6974302","77.4266265","true"
"ChIJqVc5tAf7DDkRKDKIn6U4hEE","Hindustan Petroleum Corporation Limited","Ground Floor, GT Road, Border, Shahdara, New Delhi","28.67550489999999","77.3194879","true"
"ChIJEy1dvQn7DDkRDukd6-tSgGk","Hindustan Petroleum Corporation Limited","near Zulfe Bengal, Ground Floor Shahdara, near Zulfe Bengal, Chemicals, New Delhi","28.6765911","77.3166816","true"
"ChIJPdRvhQn7DDkR88c21nsHmIw","DEEPAK AUTOMOBILES","5/2, Milestone, Grand Trunk Road, Dilshad Garden","28.6765125","77.3158393","true"
"ChIJ90BsOgr7DDkR6--1UXqq7HA","Indraprastha Gas Limited CNG Station","near JHILMIL METRO, Grand Trunk Road, Dilshad Garden, Delhi","28.6764856","77.3142879","true"
"ChIJzWiB6p7xDDkRSTUE8uwylKM","Bharat Petroleum - Janki Nath Filling Station","1, P Block, Duplex Flats, Block P, Sector 23, Sanjay Nagar, Ghaziabad","28.6870912","77.4513924","true"
"ChIJu7eznXL7DDkR8enDYxOSPvk","CNG Station Vivek vihar","Block C, Surajmal Vihar, Delhi","28.66642","77.3075561","true"
"ChIJnwkPgHL7DDkRq2gpqFWZQSU","Hindustan Petroleum Corporation Limited","Community Centre Shahdara, Vivek Vihar, New Delhi","28.6663596","77.3070144","true"
"ChIJG9I24b77DDkR7550rAfB4dk","IndianOil","near Gagan Cinema, UP Border, near Gagan Cinema, Wazirabad Road, Mandoli, New Delhi","28.69828","77.31353","true"
"ChIJs9-ECwzxDDkRqzEGQZA7eQM","HP Petrol Pump Ghaziabad Petroleum","Ground Floor, Patel Nagar, Ghaziabad","28.705535","77.45109699999999","true"
"ChIJw-xVeQ7xDDkRlQbIRc3cTuM","Bharat Petroleum, Petrol Pump -Mohannagar Service Centre.","11, Grand Trunk Road, Arthala, Mohan Nagar, Ghaziabad","28.6768286","77.3902937","true"
"ChIJU6Aechr7DDkRf24ORsuTDSk","Sahibabad Bus Depot Petrol station","Near Naveen Sabji Mandi, A-21/4, Sahibabad Industrial Area Site 4, Sahibabad, Ghaziabad","28.66810389999999","77.3667919",""
"ChIJC-qg4H_6DDkRaUis8TT3c_I","Mahaluxmi Filling Station Bharat Petroleum","Loni Road, Karhera colony, Mohan Nagar, Sahibabad, Ghaziabad","28.6847256","77.3883249","true"
"ChIJm8kJlH76DDkR6kKG2mlgjgI","Hindustan Petroleum, Petrol Pump and CNG station - Mahaluxmi Filling Station","RO NEAR LONI INDUSTRIAL AREA,GZB, Sahibabad, Ghaziabad","28.687763","77.3725438","true"
"ChIJg96N46T6DDkRKaPWrBvxD7g","IndianOil","Khasra No 675, Sucheta Kriplani Marg, Shakti Khand III, Vasundhara, Ghaziabad","28.6524968","77.3685074","true"
"ChIJhX77-PfxDDkRD5yXv1vBt6o","Kanhiya Lal & sons petrol pump","Khasra no, near hindon river metro station, 26- 27, Raj Nagar Extension Road, Sewa Nagar, Ghaziabad","28.68017439999999","77.4081131","true"
"ChIJ2Va8WkPxDDkRXypWhPaKhp0","Nadeem Malik Trading Co.","MCF7+456, Unnamed Road, Hindan Vihar, Patel Nagar 2nd, Sewa Nagar, Ghaziabad","28.6727935","77.41287960000001",""
"ChIJP4MCS0_wDDkRbGWkiZ39VTI","IndianOil","Grand Trunk Rd, Kaila Bhatta Road, Islam Nagar, Ghaziabad","28.670679","77.41362099999999","true"
"ChIJ81EFxJP7DDkRD-xdNv46Al0","Bharat Petroleum Petrol Pump , SHRI SHIVA GAURAV SERVICE STATION","PRAHLAD GARHI, Link Road, GHAZIPUR, Vasundhara, PRAD","28.6598158","77.3554375","true"
"ChIJ_TZBqer6DDkRU8XZILH6Qj0","HP Petrol Pump - Sriram Service Station (Since 1982)","HPCL Petrol Pump, 386/1, Pehlad Garhi (Opp Sahibabad Mandi), Vasundhara, Ghaziabad","28.6595776","77.3550085","true"
"ChIJE0a6ArX7DDkRGiL1p-fJt_A","Hindustan Petroleum Corporation Limited","Ground Floor, NH 58, Link Road, Vasundhara, Ghaziabad","28.65970089999999","77.35492649999999","true"
"ChIJr_-L5Z_xDDkRbcjnNuVDXVc","Bharat Petroleum, Petrol Pump -Shiva Automobile Stores, Ghaziabad","RO NEAR THAKURDWARA TEMPLE, GZB, Madhopura, Ghaziabad","28.670087","77.41604319999999","true"
"ChIJ22abPknwDDkRpLdcxYImWAo","Hindustan Petroleum Corporation Limited","Ground Floor, near Meerut Crossing, Grand Trunk Road, Ghaziabad","28.6698602","77.4168363","true"
"ChIJuxh9AQD7DDkR2z1WhWISPrk","Amit","589, Vaishali Extension, Sector 16, Vasundhara, Ghaziabad","28.6570512","77.3515079",""
"ChIJFwWWwPb6DDkRtrjwgoJSma4","Tri Bhuneshwar Pradushan Janch Kendra","1, Pipe Market Road Rajbagh Metro Shahibabad Ghaziabad, NCR, Sahibabad, Region","28.6770941","77.34817029999999","true"
"ChIJVfPrdwL7DDkRDpE4Pg8js-Q","CNG gas pump","M84X+7QP, Vaishali Extension, Sector 9, Vaishali, Ghaziabad","28.6555896","77.3496612",""
"ChIJ55HwcHP7DDkR8L780228slw","Ganga filling station","Kabraut, Kernel Highway, Vaishali","28.6505315","77.35254189999999",""
"ChIJi2UjiUrwDDkRfVoGyL0xqC8","Shiva Petrol Pump","MC8C+JMJ, Hapur Road, Jassipura, Madhopura, Ghaziabad","28.6665844","77.421652","true"
"ChIJH-sNu8P6DDkR2dU_9vIEl3Q","Hindustan Petroleum Corporation Limited","Ground Floor, Link Road, Sector 9, Ghaziabad","28.6551058","77.34750129999999","true"
"ChIJ-SFiG_D7DDkRqhnE0kH9m6w","Hindustan Petroleum Corporation Limited","Kh No 299/2, Madan Mohan Malviya Marg, Prahlad Garhi Village, Sahibabad, Ghaziabad","28.6548494","77.3471477","true"
"ChIJDyJc6VLwDDkR2BiKGWY3oGI","Reliance","MCHF+J24, near Reliance Petrol Pump, Meerut Road, Sector 7, Sawa Nagar, Ghukna, Ghaziabad","28.6790186","77.42257680000002",""
"ChIJCU1j10_xDDkR7U9_PWrJMek","Reliance Petroleum","RELIANCE AGENCIES 238,MUKUND NAGAR, HAPUR ROAD, MEERUT-GHAZIABAD ROAD (NH-58 NEAR MILESTONE: 36 PLOT NO: 125 & 314, KHASRA NO: 314,VILLAGE:SADABAD ZAKHEW, RAI, Modinagar","28.6690227","77.4243532","true"
"ChIJfUdGm4_xDDkRdUICjoRnInY","G K Pollution Checking Center","Shop No 1, Rajnagar Express, Ghukna, Ghaziabad","28.6992051","77.4057291",""
"ChIJIbhKnof7DDkRCIzgD4YI7Gs","IGL Indraprastha Gas Limited CNG Pump","299/2 Prahladgarhi, Sector 9, Vaishali, Ghaziabad","28.6545462","77.346402","true"
"ChIJq5KiyMn6DDkROzdPHextaus","Indraprastha Gas Ltd","J9v4, Shipra Riviera, Ghaziabad, NCR, Indirapuram, Region","28.6442767","77.35425219999999","true"
"ChIJYdLS3QHxDDkRDzE-aUtV8dU","IndianOil","Noornagar, Raj Nagar Extension, Ghaziabad","28.69952360000001","77.4065567","true"
"ChIJQVQWREfxDDkRJBfMZUJs4wk","Daikin ,blue star Ac services bhartiya Air conditioning","N 3, Patel Marg, Patel Nagar, Ghaziabad","28.67330849999999","77.4254705",""
"ChIJhz7y8MDxDDkRxmwXJRPQoYc","Anurag Petroleum","316, Mukund Nagar, Patel Nagar, Ghaziabad","28.6714948","77.4262531",""
"ChIJY9q3l_n6DDkRLrCI-ldDFDo","IndianOil","Ground Floor, near Gyani, Border, Pasonda, Sahibabad, Ghaziabad","28.67664299999999","77.341808","true"
"ChIJgTa4XFv6DDkRygFyiil4plg","Pintu Automobile","India","28.6920538","77.3490027",""
"ChIJeSJkKO3xDDkRxAVn8Gkakls","Shivansh Fuel Station","247, Ghantaghar, Naya Ganj, Ghaziabad","28.66134879999999","77.4270789",""
"ChIJO4nxfwD7DDkR2b_wmuaZwWc","Hindustan Petroleum Corporation Limited","Ground Floor, Pasonda, Ghaziabad","28.676405","77.340042","true"
"ChIJgQLjtDPyDDkR1SJ_wQex15M","Indraprastha Gas Limited CNG Station","Block I, G-Block, Govindpuram, Ghaziabad","28.6905152","77.4850713","true"
"ChIJZ8eMwTvyDDkRolcC3djbCIQ","IndianOil","Pargana Dasna, Harsaon, Shastri Nagar, Ghaziabad","28.678658","77.485329","true"
"ChIJ4bAv8DjyDDkReMgSU81sEbQ","Bharat Petroleum Petrol Pump","B4,, Hapur Road, New Panchwati, Block B, Govindpuram, Ghaziabad","28.6801354","77.491179","true"
"ChIJydGnaLzxDDkRlgA2F7wZsEM","IndianOil","Ground Floor, Raj Nagar, Ghaziabad","28.67646649999999","77.4422311","true"
"ChIJHzWxIvfxDDkR9e9LIqFRXlU","Hindustan Petroleum Corporation Limited","Ground Floor, Razapur Crossing, Razapur, Bulandshahr Road Industrial Area, Ghaziabad","28.66049099999999","77.4658286","true"
"ChIJvdEK4pvxDDkRD-AdnsQPebw","Hindustan Petroleum Corporation Limited","Ground Floor, Sanjay Nagar, Ghaziabad","28.685089","77.4529627","true"
"ChIJ7bV9TSfyDDkRnP-UYbucA5s","Shastri Nagar Block E Petrol Pump (AutoCare)","NH 24, Shastri Nagar, Ghaziabad","28.6762209","77.4707644","true"
"ChIJO8azaMjxDDkRFloSDQtk9LE","IndianOil","222, Ambedkar Road, Nehru Nagar, Ghaziabad","28.665577","77.434128","true"
"ChIJhXT8bPfxDDkR8U_hnnJjiT8","IndianOil","Khasra No 353M Pargana, Pandav Nagar, Dasna","28.65772600000001","77.469185","true"
"ChIJrasUYQDxDDkRbMqm2pkRHH0","BP Raj Nagar","1, P Block, Duplex Flats, Block P, Sector 23, Sanjay Nagar, Ghaziabad","28.6871517","77.45145169999999",""
"ChIJKYe0_LbxDDkRrewNS2P-cTw","HP PETROL PUMP - BAJAJ MOTORS","MCCM+45J, BUS Adda, near Santosh Medical College, Hapur Road, Nehru Nagar","28.6703255","77.4328931","true"
"ChIJvwdTM7bxDDkRJDFeFLwrShg","Asian Diesel Service","Near Bus Adda, 26, Ambedkar Road, Nehru Nagar, Ghaziabad","28.667743","77.43289399999999","true"
"ChIJ36P935XxDDkRzUBNiqqTSlQ","Indraprastha Gas Limited CNG Station","MCCM+42M, Maliwara, Nehru Nagar, Ghaziabad","28.6703291","77.43254619999999","true"
"ChIJ5xl12MnxDDkRKdAt1CwmhPs","Seema Gas Store","360, Maliwara Basant Road, Jatwara, Naya Ganj, Ghaziabad","28.6666147","77.4320912",""
"ChIJof0qsv7xDDkRH8TvNeA0XHM","BP Rubber","India","28.6521577","77.46524869999999",""
"ChIJQztvyBnxDDkRQbIQLr-nFBE","CHITTA CONCEPTS","Lohia Nagar, Ghaziabad","28.6771014","77.43165719999999","true"
"ChIJdcPSMADxDDkRHmFKc9-Uhfw","Khan shaib ka bagh (mohsin Khan)","667, Khan sahib ka bagh, kirana Mandi, Ghaziabad","28.6591346","77.4327668",""
"ChIJOxTugjbzDDkRpLCcb1fylbc","Bharat pump Dinesh filling station","Khasra 141, Pandav Nagar, Ghaziabad","28.6547295","77.4714936","true"
"ChIJzzuovCPxDDkR7fBM9lXCnzw","Fuel Tank Top","187, Ghanta Ghar, Grand Trunk Road, Nehru Nagar, Ghaziabad","28.6480286","77.4456277",""
"ChIJoZlPLLLxDDkRYStiS_79giQ","National Diesel","C9, Doctor Shyam Prasad Mukh Marg, Lohia Nagar C-Block, Block C, Lohia Nagar, Ghaziabad","28.67614499999999","77.42834100000002","true"
"ChIJM_eoXpvxDDkRlfmICg8N4BE","New Bala Ji Motior","Petrol Pump, merth road dak wala rilayance, Meerut Road, Meerut Road Industrial Area, Ghaziabad","28.6813756","77.43006989999999",""
"ChIJqeJwOi7zDDkRZqTbV_RAcyM","Indraprastha Gas Limited CNG Station","MF8J+PHX, Delhi - Meerut Expressway, Mahagunpuram, Ghaziabad","28.66687","77.4814973","true"
"ChIJX_pCNADxDDkRQWyMXOe4XYM","Raghubir Singh","MFV3+HXW, Sanjay Nagar, Ghaziabad","28.6939957","77.4549679",""
"ChIJWbagouDxDDkRJ0hSVtCxygY","Bharat Petroleum, Petrol Pump -Jankinath Filling Station","SANJAYNAGAR NEAR ALTTC,GZB, Meerut Road Industrial Area, Ghaziabad","28.6928675","77.44511469999999","true"
"ChIJI-elHG3xDDkRQ4Fdc6S85Qw","Bharat Petroleum, Petrol Pump -Shubham Automobiles","MEERUT ROAD, GHAZIABAD, Meerut Road Industrial Area, Ghaziabad","28.6884377","77.434529","true"
"ChIJJ5KKKQDzDDkRjMieOdJn7ME","MUNESH Kumar JCB contact number","681, NH-24, Avantika Extension, Mehrauli, Ghaziabad","28.666875","77.48350289999999",""
"ChIJO31ZqrfxDDkRyTVY843V2iI","Petrol Pump","128-10 Krishna Nagar Meerut road opposite of Sriram piston, Ghukna","28.6844531","77.42901359999999",""
"ChIJc7ovrjnyDDkRKwDS0mC9DrY","IGL CNG STATION GOVINDPURAM A BLOCK","Block-A, near BSNL, Sector-29, Govindpuram, Ghaziabad","28.6812552","77.4863177","true"
"ChIJR9DZRjryDDkR2PK2t7GtKvY","Indraprastha Gas Limited CNG Station","MFJP+GG4, Road Number 2, Block I, Govindpuram, Ghaziabad","28.6812614","77.4863165",""
"ChIJtTREEsLxDDkRAolJBtkr3_U","Nayara Petrol Pump - AR Fuels Ghaziabad","near Raj Nagar Extension, Khasra no 330, Delhi Meerut Road (NH 58, Village Dhargal, Opposite Guldhar Rapid Rail Station (Rapidx, near Raj Nagar Extension, Chowk, Raj Nagar Extension","28.6993276","77.4452593","true"
"ChIJXx04WwDzDDkRHzSOuoM6UnM","AUTO COP a MULTI BRAND car WORKSHOP Govindpuram Ghaziabad all type cng","C58, Balaji Enclave, RK Puram, Swaran Jayanti Puram, Govindpuram, Ghaziabad","28.6906268","77.4815921",""
"ChIJe9TSw8vyDDkRLWz_Eo_vhFc","IndianOil","Ground Floor, MG Road, Piplehda","28.6824721","77.5573004","true"
"ChIJN6Q2HETzDDkRsUMEO3I5qaY","Arihant Service Centre","New NH 9, Adhyatmik Nagar, Dasna","28.6832572","77.50970149999999",""
"ChIJ8e8weADzDDkRzhVNzJbNopY","Cng pump","Ims Ghaziabad, Dasna","28.6833583","77.5095917",""
"ChIJa-lObSfzDDkRxkfh0XocfBA","FUELS 24","Dasna","28.67993589999999","77.5043596","true"
"ChIJxyQHQADzDDkR1bEdsm35Ptg","Indian Oil Plaza","MGQQ+8H8, Dasna","28.68829329999999","77.5389588",""
"ChIJw3_1jWPzDDkR2xKgFK2WfDU","IndianOil","Ground Floor Massuri, Ashok Nagar, Ghaziabad","28.689215","77.554023","true"
"ChIJIbUgqYbzDDkRlskYH8ZRNEw","Bharat Petroleum, Petrol Pump -Ram Avtar Tyagi Fuels","GULAOTI-MUSSORIE RD, MUSSO, Ghaziabad","28.6881034","77.5558111","true"
"ChIJscSzIqzzDDkRylrSHk5qhBI","Bharat petroleum","MHR2+XQ8, Masuri","28.69241329999999","77.5519662","true"
"ChIJYdQYjJONDDkR8IhCJntyJ-A","Hindustan Petroleum Corporation Limited","Ground Floor, Shekhupur, Shekhpur Khichara","28.672075","77.563278","true"
"ChIJabsKZADzDDkRLKqsQDje_Z8","P3 Friends colony","MHJ6+GHX, Piplehda","28.6813662","77.56147829999999",""
"ChIJJfjty9zzDDkRSPID1Qvfoi4","IndianOil","E Block, Swaran Jayanti Puram, Ghaziabad","28.6939264","77.4910865","true"
"ChIJI3zSNWjzDDkRgwX78psDrKM","Rishabhdev Petroleum","Khasra No 392, Village Masuri, New, National Highway 9, Ghaziabad","28.6909775","77.5610496",""
"ChIJ3wRp9zLyDDkR_ZFNTfVPCKE","IGL","Near, Karpuri Puram, G-Block, Govindpuram, Ghaziabad","28.6905167","77.48507219999999","true"
"ChIJlZstU82NDDkRNP9OQnqqEL0","Prateek Autocare Petrol Pump","Ravali","28.6622372","77.5691806",""
"ChIJUybDaFeNDDkR-SGqpO_j7yM","Indraprastha Gas Limited CNG Station","B-1, MDR 155W, Ravali","28.6600908","77.5725515",""
"ChIJg8bU7zPzDDkRfCAg-qNo7kY","Bharat Petroleum","MFVJ+9QW, Harsaon-Sadarpur Road, Block C, Swaran Jayanti Puram, Govindpuram, Ghaziabad","28.6934907","77.4819655","true"
"ChIJ33ZDuTDyDDkR_wwTv-atqO4","E - 22/4 NEAR IGL CNG STATION BAPUDHAM 1","Soni home, EWS FLATS-2, opposite Power House, near Bapu Dham, Madhuban Bapudham, Sadarpur, Ghaziabad","28.705469","77.4919699","true"
"ChIJxzhFeFiNDDkREqBmzi4cxII","Nk Engineering Works","H38 Phase1 Upsidc Masuri Gulavthi Road, Ghaziabad","28.657195","77.57568429999999","true"
"ChIJXRQqxBuNDDkRNIDOzO-VRQw","Hindustan Petroleum Corporation Limited","Khasra No 251, NH 24, Hapur Road, Lakhan","28.6967268","77.5919217","true"
"ChIJGwOS0V3zDDkRRfs3mvbBATw","IndianOil","vill-kanauja, Muradnagar","28.7363596","77.5131692","true"
"ChIJCcnCOAD3DDkRl_JGFhQhllA","KHAN SAHAB TYRE SERVICE","P9JH+JJX, Tilla Mode - Farukh Nagar Road, Tila More, Ambedkar Colony, Loni, Ghaziabad","28.73162359999999","77.3791043",""
"ChIJ-Xy3B8P7DDkRc70z6EDr9Vo","Chunni Lal and Sons Filling Station","Khasra no.62 & 64, Loni, Nistoli","28.726066","77.3404237","true"
"ChIJvdzJz5LxDDkR0pxmqXkkVVU","BPCL S R Filling Station","Morta, Ghaziabad","28.7018051","77.4101307","true"
"ChIJkYOGAj_xDDkRX5gYD6YRSWE","Indraprastha Gas Limited CNG Station","PC26+C2X, Sehani Khurd, Ghukna, Ghaziabad","28.7011216","77.4101065","true"
"ChIJm-_4VTnxDDkRUx_SLA_lnzI","Pollution Janch Kandra","Pollution Janch Kandra, Ghukna, Ghaziabad","28.7012128","77.41062720000001",""
"ChIJoTVCCH_5DDkR7MIsc4f3f0I","Hindustan Petroleum Corporation Limited","Ground Floor, near HPCL LPG Plant, Loni Road, Loni, Ghaziabad","28.7288315","77.3303895","true"
"ChIJZUmjLNr7DDkRTQOIgqhB3a0","Bharat Petroleum, Petrol Pump -Brijwasi Filling Station","LONI, GHAZIABAD LONI ROAD, Mandoli, Ghaziabad","28.7200165","77.33166779999999","true"
"ChIJc9aDlsjxDDkRIvWTPGCEi2E","Hindustan Petroleum Corporation Limited","Khasra No 878, Raj Nagar Extension, Ghaziabad","28.700752","77.42057","true"
"ChIJna1RfMH2DDkRxX4_D1cjnlM","Nayara Petrol Pump (M/s Pipe Line Filling Station)","Khasra no-55, -Tila More-Muradnagar Pipe Line Road, Village- Jagjivanpur, Post- Bhikanpur, District-Ghaziabad, Ghaziabad","28.755916","77.441724","true"
"ChIJo4wMxqTxDDkRmQCMSS4Be60","Om Sai Battery","E-402 Brave Heart Society Raj Nagar Extension Ghaziabad 201002, Ghaziabad","28.70269349999999","77.4285075",""
"ChIJfZKJx3r5DDkR16FCWS8m69o","चौहान CNG वर्क्स","P8PC+2P6, Loni Bhopura Road, Ghaziabad","28.735035","77.3217756",""
"ChIJUw2dz3r5DDkRJz_RpsWYt7c","Indraprastha Gas Limited CNG Station","P8R7+8QH, nahar, Tila Shahbazpur, Loni, Ghaziabad","28.7344456","77.3216526","true"
"ChIJI_J_xpPxDDkRF1A3ALBVi44","Bharat Petroleum Petrol Pump , J T PETROLEUM","BYPASS ROAD, Noor Nagar, Raj Nagar Extension, Ghaziabad","28.6970238","77.427386","true"
"ChIJe6KzSUX6DDkRXVRjH8uedMk","Shalimar CNG Point","near MR Hyundai, Ashok Vatika, Main Wazirabad Road, near MR Hyundai, Sahibabad, Sahibabad, Ghaziabad","28.693378","77.345246","true"
"ChIJeQAEBfHxDDkRWgOLoTl41x8","Fuel station petrol pump","MCRC+VC2, Ghukna, Ghaziabad","28.6921374","77.4210283",""
"ChIJFRl-LAD7DDkRTu0z_tlS_Tg","Petrol Pump BPCL","Koyal Enclave, 1, Loni Bhopura Road, Gagan Vihar, Sahibabad, Ghaziabad","28.7048626","77.3314149",""
"ChIJLfSRg1r7DDkRL8yqCnx_EBI","IGL CNG PUMP","M8VV+HCF, Wazirabad Road, Garima Garden, Sahibabad, Ghaziabad","28.6939332","77.3435555","true"
"ChIJc3S2OW_5DDkRD3uYRQ8nySc","IndianOil","Ground Floor, Loni, Chirauri","28.7743223","77.3317168","true"
"ChIJKZXQewDxDDkR4hNG0-rzbEg","Hindustan Petroleum Corporation Limited","Khasra No 829, opposite Vvip Style Mall, Raj Nagar Extension Road, Raj Nagar Extension, Ghaziabad","28.6965047","77.4283075","true"
"ChIJ09N-nRH7DDkRacCPQFUBc9Q","Hindustan Petroleum Corporation Limited","Ground Floor, Loni Bhopura Road, Bhopura, Ghaziabad","28.7019081","77.3326605","true"
"ChIJ2QWNVRH7DDkRsWAqiqlOErk","IGL CNG Pump Jaichand Mukhiya","Loni Bhopura Road, Bhopura, Sahibabad, Ghaziabad","28.7014471","77.332951","true"
"ChIJcS_UzvD7DDkRk_282LDV-tY","Cng pump","P82M+F44, Loni Bhopura Road, Bhopura, Sahibabad, Ghaziabad","28.7011342","77.3328142",""
"ChIJP7XAVgD5DDkRjSIm-cLA6b0","IndianOil","Bottling Plant, Loni, Ghaziabad","28.737679","77.316001","true"
"ChIJYwNEMG_5DDkRrl5hJHVCfR8","Freedom Gas Service","106, Banthla, Ghaziabad Delhi","28.73796669999999","77.3158151","true"
"ChIJ9bS8f2r7DDkR_jw7MW6Pfkg","Cng station","M8WP+7MG, Unnamed Road, Vikram Enclave, Shalimar Garden, Sahibabad, Ghaziabad","28.6956756","77.33670289999999",""
"ChIJFyicH3P7DDkR0afYnSD5jp0","IndianOil","Wazirabad Road, Bhopura, Sahibabad, Ghaziabad","28.696178","77.33515899999999","true"
"ChIJ_eaEYfbxDDkRukOqPpQvpZo","Indane - Suraj Sewa","Khasra No 1134, near Police Station, Mortapargana, Morta, Jalalabad","28.7248272","77.454421",""
"ChIJNftme036DDkRHobooP2SI24","Parvej Kitchen Center","M8RM+VVW, Gaziyabad Uttar Pradesh, Shalimar Garden, Ghaziabad, NCR, Sahibabad, Region","28.692245","77.33469889999999","true"
"ChIJi1xXGOj7DDkRU7ptfqQ_so0","JIGYAASHA KITICHEN SENTER","M8QQ+CFP, Shalimar Garden Extension I, Shalimar Garden, Sahibabad, Ghaziabad","28.6885791","77.3387011",""
"ChIJ-U4MrRn7DDkROLPVeEcJOyo","Vs Enterprises","A 552, 80 Ft Road, Extention 1, Shalimar Garden, Sahibabad","28.6939831","77.3305816","true"
"ChIJF84nIAD3DDkRNCGVtvTBvKQ","IOCL","KM 39/500, Milak Prakash Asphalting & Toll Hwy, Chakarpur, Ghaziabad","28.770518","77.449581","true"
"ChIJZ8IU5mz7DDkRGQAhTkBEOaE","F.S Glass","Shalimar Garden, Sahibabad, Ghaziabad","28.6880597","77.33602859999999",""
"ChIJOSfMppr3DDkRtSq0tB0iczc","BP EPE-1","Eastern Peripheral Expressway, Milak/Milk Chakarpur","28.7722902","77.44942739999999","true"
"ChIJbYa7EZ33DDkR04OqbbveVGY","Path Recharge Ghaziabad","PATH Recharge, Km 39+500, Eastern Peripheral Expressway, Milak/Milk Chakarpur","28.7717958","77.4499835","true"
"ChIJJ47D_dnxDDkRektmz6mmR7c","IndianOil","Ground Floor, Dhargal, Raj Nagar Extension, Ghaziabad","28.7065516","77.4519844","true"
"ChIJLeEVidfxDDkRSxPWaa1AeP0","Jio-bp pulse","Plot No 117A Guldhar, Sector 23, Meerut Road Industrial Area, Shamsher","28.7057071","77.4518872","true"
"ChIJo_rY6Kz7DDkRShyFQ6WKg6s","NIZAM CNG","M8QJ+37P, Delhi Road, Vikram Enclave, Shalimar Garden, Sahibabad, Ghaziabad","28.68772349999999","77.3307063",""
"ChIJM4HXOwjxDDkRcPnPKiB-grY","IndianOil","No 23 & 7, Meerut Road, Sikrod, Ghaziabad","28.7105625","77.45623479999999","true"
"ChIJD-zVonX7DDkRda81sNO9FKE","Lic Insurance Company","125, Main Shalimar Garden Rd, Vikram Enclave, Shalimar Garden, Main Salimar Garden Sahibabad, Sahibabad, Ghaziabad","28.6866641","77.33125489999999",""
"ChIJxZkwd13xDDkRfdNnYN4yeA0","Hindustan Petroleum Corporation Limited","Ground Floor, near KM 25, Meerut Road, Morta, Ghaziabad","28.7160813","77.4612764","true"
"ChIJ78R4WC_7DDkRV2DqezOQjkw","Bittu Petroleum","Bittu Petroleum, Jail Road, Mandoli, New Delhi","28.70249120000001","77.31336689999999",""
"ChIJV23Org70DDkRzxfFjML-lf8","BPCL Petrol Pump and CNG Station","NH 58 RadheyShyam Petro Film Centre,Near Allahabad Bank Meerut Road, Muradnagar","28.7466691","77.4869247","true"
"ChIJo-40nF70DDkRbcXt-anTssU","IndianOil","Ground Floor, Delhi, NH 58, Meerut Road, Abupur","28.7696955","77.5105901","true"
"ChIJB5Q1SxTxDDkRh88nPxmFkzE","Shree Bharat Petro","9tk km stone opposite Manan Dham Temple, Meerut Road Industrial Area, Ghaziabad","28.7217399","77.467209",""
"ChIJ9ddbll7xDDkRjnOXOLAowH0","IGL CNG STATION BAPUDHAM 2ND","PFC9+37Q, Jalalabad 0069 Morta, Ghaziabad","28.7202074","77.4682256",""
"ChIJ9RhWEl7xDDkRdepnmn_jdtQ","Lg Oil Traders","India","28.7168779","77.4653294",""
"ChIJSZ5L8zzxDDkRGlTRdexNu54","IndianOil","Delhi, Meerut Road, Morta, Ghaziabad","28.715618","77.46148699999999","true"
"ChIJYbngMhH1DDkRK59yezAl4sA","Indraprastha Gas Limited CNG Station","Opposite HLM College PO Muradnagar, Dist, Duhai, Ghaziabad","28.7429165","77.4836156","true"
"ChIJgae390L1DDkRvTTCbvK_O8o","gautam budh indane asalatnagar kalijpur dk","QF3R+CJQ, Asalat Nagar Road, kaleejpur, Asalat Nagar","28.753593","77.4916239",""
"ChIJb9HT4Wf0DDkRpP-eXS7eKJs","IndianOil","Ground Floor, Nh 58 Delhi, Meerut Road, Muradnagar","28.763983","77.504358","true"
"ChIJFyMOGVz1DDkRkC1vL0Nu8VU","फैक्ट्री","QGC4+PXP, Muradnagar","28.7718326","77.5074593",""
"ChIJvy3yazf1DDkRud1rMTOCZBE","Hindustan Petroleum Corporation Limited","Khasra No 334, 335, Rawli Surana Road, Muradnagar","28.790391","77.491188","true"
"ChIJTdmyLwD1DDkR_g_tdfp2eMI","Indane Gas Agency","QGH5+GFF, Sarna Murad Nagar","28.778814","77.5086742",""
"ChIJp68bNgD1DDkREvRaq4tSe8w","Sunil ji ka ghar","QG4F+8PJ, Muradnagar","28.7563323","77.52439480000001",""
"ChIJvzQmqM_zDDkR8xgXP3hOTv4","IndianOil - SWAGAT","Ground Floor, Km Stone 36, 250, Delhi - Meerut Expressway, Didwari","28.7344062","77.55787629999999","true"
"ChIJ_xCmUgnzDDkRmCcY_k1qa_Y","IndianOil - SWAGAT","Ground Floor, Km Stone 36, 250, Delhi - Meerut Expressway, RHS, Didwari","28.733085","77.558595","true"
"ChIJL8NsfwDzDDkRZ86GPR5XHw4","IGL COCO CNG Station WSA RHS","250, Delhi - Meerut Expressway, RHS, Didwari","28.7328875","77.55902139999999","true"
"ChIJI-x66Or0DDkRjULSIW-d_mk","Jalalabad Filling Station","QG9P+WQ2, Unnamed Road, Jalalabad","28.7697672","77.53690019999999","true"
"ChIJP4QMBgn1DDkR21QObdH0qlM","Central Up Gas Limited CNG Station","QGVM+9Q, Sadabad Jakhaiva","28.7938502","77.53431259999999","true"
"ChIJKYxO2x71DDkRVkIqrEJEfxU","Reliance Petroleum","No 314, No 125/314, Meerut Ghaziabad Rd, near Mile Stone 36, Nh 58, Sadabad Zakhewa, Modinagar","28.79556509999999","77.5351506","true"
"ChIJz8XhCQD1DDkRVN_sxESaH6M","JIO BP PETROL PUMP","QGWP+66X, Modinagar","28.7956148","77.5356238",""
"ChIJcfVWluj1DDkRFkM0FZrr4J0","Mohit Kumar","near SRM Relience Petrol Pump, Modinagar","28.7970998","77.53704739999999",""
"ChIJFcGtjhj1DDkR7926MeGWWM8","Bharat Petroleum","Meerut Road, Sadabad Jakhaiva","28.7994523","77.53797589999999",""
"ChIJ4_rprK31DDkRI2HzEzkKhNM","Hindustan Petroleum Corporation Limited","Ground Floor, NH 58, Meerut Road, Modinagar","28.7998431","77.5389163","true"
"ChIJ0685c5CNDDkR8x7yfV2TOVE","M/s Kisan Biodiesel","PHHW+F23, Nig Rayati","28.7286451","77.5950385",""
"ChIJ1wkBW4r1DDkR4OU3zvN01CA","B R FUELS","Delhi, Meerut Road, Modinagar","28.8010882","77.5393696",""
"ChIJUShrGgCLDDkRg7kO5yIWClo","Govind","QH8Q+QMP, National Expressway 3, Kalchhina","28.7674222","77.58961529999999",""
"ChIJuzeCJa-LDDkRGuuoYdPbWVM","IndianOil","Ground Floor Abidpur Manki, Marg, Kalchhina","28.800381","77.566951","true"