place_id,name,address,latitude,longitude,open_now
"ChIJgUixCdnCDDkRFC7Uj0XRZAw","IndianOil","Ground Floor Nacholi, Road, Kheri","28.414481","77.3926721","true"
"ChIJV3QIwrnBDDkR6n5H1mOvoKI","Hindustan Petroleum Corporation Limited","Ground Floor, near Yamuna Expressway, Sadar, Chuharpur Khadar","28.4406183","77.5026254","true"
"ChIJb96DLQbDDDkR_C4xoIahRAs","Hindustan Petroleum Corporation Limited","No 18/2, Kila, Khewat No 266, Khatoni No 424 Rect No 40, Nacholi","28.412889","77.399472","true"
"ChIJqQkJearGDDkRrjVNoioQ-P0","IndianOil","Ground Floor, Road, Ballabgarh, Manjhawali","28.36609099999999","77.46811459999999","true"
"ChIJnx1HjqrGDDkR0ccknyq3pao","IndianOil","Ground Floor, Manjhawali","28.36378759999999","77.4661673","true"
"ChIJS1B2-znFDDkRDMdFojKb_V8","Hindustan Petroleum Corporation Limited","GROUND FLOOR, near Vidyasagar School, Jafarpur Majra Gharora","28.3531105","77.4417646","true"
"ChIJ9QkV4W7FDDkR2dBLucU4-xE","CNG PUMP GHARODA","9C3W+852, Gharora","28.3532607","77.4454047",""
"ChIJYUeaZFzFDDkRuigEMBAi4X0","Petrol Pump","9C3W+868, Manjhawali Road, Gharora","28.35327839999999","77.4455888",""
"ChIJlfsWWiLFDDkRufmPQscvdYw","B L Indane LPG Godown","9C3X+9H7, Manjhawali Road, Gharora","28.3534156","77.4489181",""
"ChIJ0X62yl7BDDkRbUmqz82usbw","Satsav Filling Station","CFVH+7VR, Shafipur Road, Sector 152, Noida","28.4432389","77.4796284","true"
"ChIJfQDMKwDDDDkRP_IYOY8cuRA","Maa shehzadi Filling Station","997Q+RFQ, Tigaon Road, Sadupura Village, Sector 109, Sadupura","28.3645833","77.38871999999999","true"
"ChIJG8cOlcfcDDkR1PA3aipQbH0","HP Gas","Shop 15, Bhataula Village, Faridabad, NCR, Region","28.38610880000001","77.3652432","true"
"ChIJE0Fic-jFDDkR-696wtdeizw","Maa sahazadi Filling station","Tigaon Road, Faridabad","28.3459012","77.4049151",""
"ChIJu7bajM_FDDkRNLiyOI5MtFU","JP Nagar Road","992R+WR2, near Indian oil petrol pump, Tigaon","28.3522567","77.39201229999999",""
"ChIJF4z8wrrEDDkR2Ou6WVceP_M","IndianOil","Km Stone 1/0, Ground Floor, Faridabad, Tigaon Road, Tigaon","28.35160239999999","77.3916358","true"
"ChIJCSwgE8fcDDkRN-Fn02YZjUA","Nayara PETROL PUMP","Chandela Chowk, Sector 78, Faridabad","28.3861271","77.36311859999999","true"
"ChIJgw12yNrdDDkRuJ7Rp0b5mjo","Hindustan Petroleum Corporation Limited","Ground Floor, Sector 77, Faridabad","28.3662814","77.37324559999999","true"
"ChIJO9RBTyPdDDkRmN6ctAqMDNI","Bharat Petroleum Petrol Pump , NARWAT FILLING STATION","ON KHERI MAJHAWALI ROADVILLAGE, Kheri Kalan, Faridabad","28.41805","77.360011","true"
"ChIJ67-RzLPEDDkRL3esPPib1Fg","Nayara Petrol Pump","89XM+G7V, Tigaon Road, Sector 72, Faridabad","28.3488707","77.3831859","true"
"ChIJfehSG9fBDDkRiocsWoyAHg4","Bharat Petroleum Fuel Station","EXPRESS WAY, 6th Lane, Sigma III, Greater Noida","28.4628079","77.5065831","true"
"ChIJbwSw_XnADDkRoUN91N96JNQ","IndianOil","Plot No P/01, Ecotech 1 Extension, Noida","28.436734","77.55662400000001","true"
"ChIJvTB6QGvADDkReedBGepIdA0","Indraprastha Gas Limited -KASNA","near Honda Power Products Ltd, Khadar Ke Marhiya, Greater Noida","28.4461472","77.5434248","true"
"ChIJ4fovbwLBDDkRvmSj1NF-LRs","IGL IT CITY","NIIT Technologies, Village - Murshidapur, Near, Yamuna Expressway, Greater Noida","28.3950352","77.524987","true"
"ChIJqyYyniPBDDkR6-B_ZFaOSME","CNG FILLING STATION","Greater Noida","28.39492439999999","77.5250264","true"
"ChIJuWTsj9zADDkRQmlWV3Dv0jA","RAPRASTHA GAS LIMITED","India","28.3947495","77.5253195",""
"ChIJPyIla4vBDDkRbh3o8MA8ISE","Bharat petroleum","CGG7+V2J, Cassia Fistula Estate, Chi IV, Greater Noida","28.4272041","77.5125267","true"
"ChIJ4RKrYgDBDDkR_6ty6b5r9JM","Global Oorja Fuel Station","CGMR+72V, G.Noida-Kasna-Surajpur Road, Block C, Block B, Phi III, Greater Noida","28.433238","77.5400461","true"
"ChIJSSSVpPfBDDkRd2tt8T8c-kw","Pooja Gas Agency - Oxygen","86, Block G, Block A, Surajpur Site V, Greater Noida","28.432244","77.55163","true"
"ChIJWaFCcgDBDDkRJ1pNZ2xO_yM","Global Oorja Fuel Station","1377, Block C, Phi III, Greater Noida","28.4514975","77.5248876",""
"ChIJQ8hFBgDBDDkRTTW5wk1cCPo","Indian Oil","FG2G+J3V, Kasna Road, Block B, Phi III, Greater Noida","28.4516092","77.52515679999999","true"
"ChIJZ1oP0hDBDDkRknN0C_tHgNg","CNG and Petrol pump","Venice Mall, Block C, Industrial Area, Surajpur Site 4, Greater Noida","28.4512458","77.5264716",""
"ChIJecssNTfADDkRiwEcTm3O5Sg","Hindustan Petroleum Corporation Limited","No A1 Site, 4, Industrial Area, Noida","28.451719","77.526039","true"
"ChIJh8U-QGvADDkRIQ73Jg4Z6nc","capten Ncr Group","CGWV+99V, near Honda Power Products Ltd, Khadar Ke Marhiya, Greater Noida","28.4459973","77.5434214","true"
"ChIJnXBhCDLADDkR33sDynjqo9c","Hindustan Petroleum Corporation Limited","Ground Floor, Block-B, Gol Chakkar, near Golf Course, PHI 3, Noida","28.45670709999999","77.521103",""
"ChIJSY5M-37BDDkRpjmpFl6ijHA","GAIL CGS KASNA","CHP4+Q5J, Greater Noida","28.4369586","77.5553781",""
"ChIJ76AHvkbBDDkRWn4EQZLqWPI","Chimkandi","Pari Chowk, 27 A, Pari Chowk, Greater Noida","28.4603459","77.5045213",""
"ChIJbR7ey37HDDkRpy4bkFL865U","Path India limited. Ilex projects Pvt Ltd","8GW8+F34, Eastern Peripheral Expressway, Bela Khurd","28.347028","77.51593299999999",""
"ChIJ0UJDETjHDDkRZTDdKQfCH7Q","Reliance Petroleum","Indian Oil Petrol Pump, Khasra No 513, 526, 525 & 420, On chainage 95-575 to 95-62, Aurangapur","28.346069","77.513667","true"
"ChIJ2Qc68dfBDDkRWgmeRn8oj0Q","BHARAT PETROLEUM FUEL And CNG STATION","FG3R+6RG, Sector 41, Greater Noida","28.4530557","77.5420745","true"
"ChIJ8VgVZ7zHDDkRHm7gC6UivY4","IndianOil","Ground Floor, Aura, near KM Stone, 95/6, Eastern Peripheral Expressway, Dankaur","28.3458257","77.5139511","true"
"ChIJJZLYw77HDDkRAdKMkoWfOwI","Hindustan Petroleum Corporation Limited","EPE, 2, Aurangpur","28.3451355","77.5143925","true"
"ChIJpYMpLQDHDDkRG09htlgyWIQ","Kmp petrol pump","8GV7+WM7, Bela Khurd","28.344915","77.5141833",""
"ChIJzfKBpdfBDDkRQge_IaqjSSY","Siddh Laxmi Hp Gas","1, Tugalpur, Greator Noida","28.4645997","77.5067405",""
"ChIJ3UflFJXBDDkRiYCfVUHZ_Sk","AASHIK PHOTOGRAPHY","Tugalpur Main Market Road, Tugalpur, Greater Noida","28.4652364","77.50362679999999",""
"ChIJW655-dfBDDkRzmISUvnsooE","Sai Vinay Bharat Gas","NCR Region, 3, Tugalpur Market, Park, Greater Noida","28.4664346","77.5046764","true"
"ChIJ4bzGGYjBDDkR_BuX6hWBytU","IndianOil","near ITBP Society, Plot No PP 01, Eldeco Green Meadows, Greater Noida","28.4660809","77.533472","true"
"ChIJNVsc2UTHDDkRSJ2mGQalVtc","IndianOil","Ground Floor, Near Formula One Racing Track, Dankaur","28.3535463","77.5565262","true"
"ChIJoRvPNkPHDDkR50ONcNVHhzM","CP Fuels - Diesel Delivery","Indian oil petrol pump, Indian oil petrol pump, CP Fuels, Behind CP sons Petrol Pump, Bus Stand, near Chandraprakash and sons, Dankaur","28.3536243","77.5566601","true"
"ChIJB7r6dSG5DDkR3EZ9xIPuZWI","Hindustan Petroleum Corporation Limited","Ground Floor, Sikandrabad Road, Dankaur","28.3603532","77.5677631","true"
"ChIJhzYC-IzHDDkRwvfUFcg0LMk","IndianOil","Rabupura Road, Dankaur","28.3453658","77.5498514","true"
"ChIJKdwc5Cq5DDkRz_nMu2A2_sU","Nayara Petrol Pump","9JM6+33X","28.3827468","77.61024619999999","true"
"ChIJtUg-qaW_DDkRkDGFiSzMwgQ","Hindustan Petroleum Corporation Limited","Ground Floor, Kasna Sikandrabad Road, Ladpura","28.429085","77.593111","true"
"ChIJaTlzfqe_DDkRWADtH_tZRPA","Ms Sakshi HP Petrol Pump","CHHV+M76, Greater Noida","28.4291655","77.5931468",""
"ChIJRXPvSqu_DDkRiogVQTeeRZM","M/s DOLLY MOTORS - ADHOC","CHPM+JFX, Eastern Peripheral Expressway - RHS - Indian Oil Petrol Pump, Sirsa, Service Lane, Greater Noida","28.43660179999999","77.58372059999999","true"
"ChIJZUMwcwG_DDkRi-Gkpo8tXvg","IndianOil","near Police Station, Surajpur, Kasna Sikandarabad Road, Ghanghola","28.4252387","77.6045852","true"
"ChIJ522dSgC_DDkRC4fMCBCoBzU","Reliance Jio Petrol Pump","CHPQ+VQF, Greater Noida","28.4371807","77.58942259999999","true"
"ChIJFXdmVB-_DDkRLmzkenvrvXA","IndianOil","Khasra No 1383, Bilaspur","28.3953061","77.62757669999999","true"
"ChIJCVEkI564DDkR2dc-nK5PJpA","Ch Dalgir Petrol Pump","9H37+44J","28.3528255","77.562767","true"
"ChIJ7xYP1L6-DDkRECE-yxZnBYE","HP PETROL PUMP - MAA VAISHNU DEVI HP FUELS","CJ3M+PH6, Village Kherli Kasna Sikandrabad Road Near Kherli Nahar, Patla Khera","28.404278","77.633895","true"
"ChIJree3OW_BDDkRnOquF80RnQQ","Bharat Petroleum Fuel Station","270, Block C, Sigma II, Greater Noida","28.4610029","77.5555483","true"
"ChIJ92gQu0HHDDkRTaL8o6yuThA","Gyani Madan Indian Oil petrol pump","8HV4+3RW, Dankaur","28.34291559999999","77.5572327","true"
"ChIJ-2f2BOvHDDkRb2vNvqfM1ZY","IndianOil","Rabupura Road, Dankaur","28.3426265","77.55556419999999","true"
"ChIJSZgRoQXBDDkRvip-wqZj1FE","Bharat Petroleum Fuel Station","FH92+G35, Greater Noida West Link Road, Ekanki Enclave, Block G, Pi I & II, Greater Noida","28.4687564","77.5502208","true"
"ChIJaxoNKgDBDDkRIKfqId490tA","Cng pump near dankor","FH92+G35, Greater Noida West Link Road, Ekanki Enclave, Block G, Pi I & II, Greater Noida","28.4687341","77.5498183",""
"ChIJy-gaNp6-DDkR2lQJ7L95Vbc","Shyam Nagar Mandi Petrol Pump","near Dankour railway station, Shyam Nagar Mandi","28.414635","77.6522852","true"
"ChIJ79trftTrDDkRXIIooki714c","IndianOil","DSC Road, Surajpur, Noida","28.512979","77.475674","true"
"ChIJuXeyTWTpDDkRZck2rigzX9I","Bharat Petroleum","GFF6+HQR, Lakhnawali, Greater Noida","28.5239996","77.4618822","true"
"ChIJ5-RZ7GnpDDkRpaGU2s1DKTI","Bharat Petroleum","Udyog Kendra, Suthiyana, Dadari Road, Sector - 106, surajpur, Noida","28.5293179","77.45433729999999","true"
"ChIJ44C_5rroDDkRGwJTnvYJ8b8","Hindustan Petroleum Corporation Limited","Ground Floor, near IGL Station, Bhangel Road, Noida","28.5341445","77.3914508","true"
"ChIJuUorAwHlDDkRbXCmadOZXiI","Indraprastha Gas Limited CNG Station","Near Advant Building, Sector 142, Noida","28.4996109","77.41211299999999","true"
"ChIJ8be-nLvpDDkRzMzZvN9lzhg","HMEL Petrol Pump - Sector 137","PP-01, Paras Tierea, Sector 137, Noida","28.5040109","77.4108397","true"
"ChIJ1zAv0-rrDDkRVYqQcigiaGA","Blue Planet Integrated Waste Management Facility","FFGJ+97H, Knowledge Park III, Greater Noida","28.475929","77.4807469","true"
"ChIJLwdJDADrDDkRVendmY1-T9E","IGL CNG STATION -KNOWLEDGE PARK 3","FFGJ+MW2 DRONACHARYA GROUP OF INSTITUTIONS, Knowledge Park III, Greater Noida, Uttar Pradesh 201310 GRETER, Noida","28.4765156","77.48240980000001","true"
"ChIJrV46QV_rDDkRhLsgBKpMDVI","IndianOil","opposite Moser Baer, Plot No 41, Surajpur Kasna Road, Udyog Vihar, Noida","28.4963987","77.4865794","true"
"ChIJpy-zQgDpDDkRdA5eVQ5UE20","PUC","On the way, Noida","28.5034396","77.385583",""
"ChIJa6E9e9_rDDkRjJI95Ku6zOk","Shifa Health Care Clinic&Medical store","Greater Noida, Petrol pump, ke samne State Bank, near Madina Masjid, wali gali, Tahsil, Village surajpur, Noida","28.5116201","77.47528679999999","true"
"ChIJKzPKdNbrDDkRaKOmAtLAY4o","ALI AUTO GAS","Gautam Buddh Nagar, 1, Surajpur Greater Noida, NCR, Region","28.5156216","77.4716501","true"
"ChIJU_qjymXpDDkRbyN3aY72lw4","Indraprastha Gas Limited CNG Station","CRPF Camp, Grrater, Noida","28.5246919","77.461434","true"
"ChIJW3EZJcXpDDkR9mfVwmmE8nE","IndianOil","near Narayan Chowk, Dadri, near Narayan Chowk, Ecotech III, Habibpur","28.5292953","77.4544208","true"
"ChIJu16nMwDpDDkR1JddTSyiL0o","IGL CNG PUMP","GFH3+MWM, Suthiyana, Noida","28.529204","77.454797",""
"ChIJZb2qlWnpDDkROSsyNCuXdg4","Ch.Keshram Shyamo Auto Fuels","Suthiyana, Noida","28.5293298","77.45438539999999","true"
"ChIJyfUyHVTnDDkRDMNgpqakaGA","IndianOil","J Jaypee, Wish Town Klassic, No C1, Sector 133, Noida","28.5041953","77.377276","true"
"ChIJy6gIJm3nDDkRS5JIUf53Wxw","CNG and Petrol pump","G93H+P4, Sector 133, Noida","28.5043275","77.3769587","true"
"ChIJpY2FyC_pDDkRvb9_DyP-tO8","IndianOil","near Holland Tractor, Dsc Sector-40-41 Road, Udyog Vihar, Noida","28.53056","77.45342","true"
"ChIJ_wVW5rAlDTkReehSuWKrt5A","IndianOil","Opposite Holland Tractor Factory, Dadri Main Road, Udyog Kendra 1","28.530442","77.4541026","true"
"ChIJbcHZCI_pDDkRJkgKduwyQ6c","Bharat Petroleum, Petrol Pump -Subash Automobiles","OPP. LAXMAN SYLVENIA,GREAT, GAUTAM BUDH NAGAR","28.532188","77.44844549999999","true"
"ChIJ2XymfYjpDDkRSnKSbjjcLLQ","D S Enterprises","HDFC bank wali, Ds Enterprises Plot No 25 Road, gali bhari road, UPSIDC Site A, Surajpur, Greater Noida","28.5251429","77.46876309999999",""
"ChIJwZJmhXrpDDkREl-TFSI-9RU","IGL CNG STATION -SECTOR 88","Dadri Main Road, Block A, Sector 88, Noida","28.5346283","77.4271875","true"
"ChIJoY6qDLPpDDkRIXnxKntrM4Y","Ishwar Filling Station","Plot No.1, HF-1, Ecotech III, Greater Noida","28.532582","77.453915","true"
"ChIJ_WepTUHpDDkRinCUfsZdg34","Vansh Gas Repaire Centre","NCR Region, 6, Habipur, Road, Chauganpur, Ecotech III, Greater Noida","28.5363113","77.4521156",""
"ChIJs5I0-UvqDDkRVmaKIFWicAo","Dr Pandian Ehno Oil","GF4X+PC5, Block A, UPSIDC Site B, Surajpur, Greater Noida","28.506757","77.4986234",""
"ChIJK4c3_sboDDkRwio-QS8zjl8","IndianOil","Green Belt, P2, DSC Road, Hosiery Complex, Block B, Phase-2, Noida","28.5348657","77.4043162","true"
"ChIJH6kNYPDnDDkR4X1JiMOxdB8","Bharat Petroleum","Wish Town Klassic, Jaypee, Near, Jaypee Hospital Road, Asgerpur, Sector 133, Noida","28.5058035","77.3654048","true"
"ChIJxcmaYwDpDDkRUGLkdX_f-fs","CNG pump","Bhangel Road, Sector 82, Noida","28.5344683","77.3912945",""
"ChIJ0SlveQDpDDkRrPZmA8Zw8oo","BP -GNA Sector 20","G9PR+6C2, Noida","28.5355161","77.3910265",""
"ChIJbSueoIXqDDkR9qr3savfXZc","IndianOil","Sector Delta 1, Metro Station-Knowledge Park 2, No PP 1, near Aqual Line, Greater Noida","28.47835739999999","77.5247303","true"
"ChIJw7cGgYrqDDkRyhyBY8L1Fug","Indraprastha Gas Limited CNG Station","Plot - 1, Beta 2, G B, Nagarbeta 2, Greater Noida","28.4881855","77.51622739999999","true"
"ChIJR7VFPNTrDDkRNp0MVNF3BSM","Beta 2 cng pump","FGQ8+7G2, Unnamed Road, Block I, Beta II, Greater Noida","28.48814329999999","77.5162699","true"
"ChIJp_66aADrDDkRjmtFS2GKLSU","Puc canter","SLC-7, Block A, Delta I, Greater Noida","28.4782397","77.52461029999999","true"
"ChIJQQQTagDrDDkRRD_Ef4fyiLA","Puc canter","FGHF+7X4, Block A, Delta I, Greater Noida","28.4781296","77.5249683",""
"ChIJSQdBm2nrDDkRkSuj8W0lsxA","IndianOil","PP 1 Sector, Delta 1, Greater Noida","28.47836899999999","77.525576","true"
"ChIJx7wI7ADrDDkR-O_vQYabk-w","Hindustan Petroleum Corporation Limited","&, No PP/1, Eta II, Rasoolpur Rai","28.4930597","77.5362344","true"
"ChIJ9ajOBwDrDDkRdvcKRoRjnT0","CNG","FGVP+CJR, Eta II, Rasoolpur Rai","28.4941898","77.5363836",""
"ChIJb0yKY53rDDkR7WHwuo48_yU","MAAPETROLPUM0 SERVICE","Gulmohar Estate, 1, Pi I & II, Greater Noida","28.47416789999999","77.5440027",""
"ChIJWfo4UO_rDDkRIPN4CFPJGdQ","IndianOil","Ground Floor, PP No 1, Maicha, Sector, Theta II, Greater Noida","28.488215","77.54226899999999","true"
"ChIJlZJZ27jrDDkRqfDs-zXw2kE","Deepak Kumar Saxena","Shop No 90, Surajpur, Greater Noida","28.5168734","77.51241639999999",""
"ChIJaYEYvmHrDDkRaJ5tAJ4z5rg","BPCL Company Operated Petrol Pump","GG6J+3M4, Zeta II, Greater Noida","28.5101336","77.53168939999999","true"
"ChIJ1Qr0NvTrDDkRqdfHreSKnJ4","IndianOil","DSC Road, Tilpata Karanwas","28.523287","77.514427","true"
"ChIJ57PiW1TrDDkRldYDiQPwLyY","Petrol pump","GGH3+W7W, Greater Noida West Link Road, Greater Noida","28.5298621","77.503207",""
"ChIJXwGcJQDrDDkR9T1l2_69LvE","IGL CNG &LCNG FILLING STATION","GGJJ+WJH, Tilpata Karanwas","28.5323154","77.53161469999999",""
"ChIJab3LRqSVDDkRxNpRyWRmMt4","Malik Fuel Centre CNG Pump","G. T. Road, Dadri","28.5075","77.61520000000002","true"
"ChIJYeLhjt2UDDkRkd-zsBt1XrE","Hindustan Petroleum Corporation Limited","Ground Floor GT Road, Sikandrabad, Road, Dadri","28.5280364","77.5845327","true"
"ChIJ_WVf5B2VDDkREh6tTVvqxIo","IGL CNG STATION","NH34","28.5165559","77.6030474","true"
"ChIJ0473VNaVDDkRB1mV1-mD3wc","Bharat Petrol pump","GJ48+WFC, Dadri","28.5073174","77.61613419999999",""
"ChIJkTogI7uVDDkRDWQUXSSaT9k","DNIVRA urea pump","GJ48+JQ, Dadri","28.506608","77.6168733","true"
"ChIJGa3rQQCVDDkR4c1hib_lnAg","Tata urea point","GJ48+JQ, Dadri","28.5065625","77.61693749999999","true"
"ChIJM3LE37mVDDkRdsiT3ZRZLUE","IGL CNG Pump","Kot","28.5075127","77.61645089999999","true"
"ChIJvxB0S4yVDDkRT63JZBYjL2Y","Dilip poddar cng pump","GJ58+3PX, GT Road, Luharli 139 Basantpur Bangar","28.5077381","77.6168726","true"
"ChIJS_tbFeGUDDkR1FIQI7pfHQI","Nayara Oil Petrol Pump","National Highway 34, Megapolis, Bairangpur Urf Naibasti","28.5248323","77.5891738","true"
"ChIJFeljPQOVDDkRV6Tkv-BGovQ","IndianOil","Km Stone 43 to 47, NH 91, Luharli, Noida","28.49784","77.62843","true"
"ChIJPeGXet2UDDkRUgH_2zxBtek","SINGH IGL FILLING STATION (CNG)","GHHM+MM4, NH-334C, Bairangpur Urf Naibasti","28.529131","77.58420129999999","true"
"ChIJN8CeYq2VDDkRCntWoS4OS2E","Bharat Petroleum, Petrol Pump -Kiran Filling Station","GAUTAM BUDH NAGAR, LOHARLI","28.4950786","77.6336421","true"
"ChIJmQ7fumy-DDkRAAAA0AXsj20","Cab","FJ4P+2VX, Unnamed Road, Mandpa","28.4551136","77.6372224","true"
"ChIJ0ZGUjMWUDDkRm4hE7NmWqkQ","Hindustan Petroleum Corporation Limited","Ground Floor, near Dadri, NH 91, GT Road, Chithara","28.535001","77.573601","true"
"ChIJWX3PYmiVDDkReowXRFXJQJk","Pollution under control centre","GHMF+XPC, Chithara","28.5352728","77.5739402",""
"ChIJi-vRzx6VDDkRCsqk6Kd9wnM","Saddam Khan Tyer Punchar","NH-334C, Road, Dadri","28.5352274","77.579315",""
"ChIJj0mxGLWUDDkRl8AzvCryqJU","IndianOil","Chithara","28.5436782","77.563518","true"
"ChIJ-8kNSQC9DDkR2sktxp_XTZw","Ch_ Balraj bhati","FM74+W29, Sherpur","28.4647851","77.6551025",""
"ChIJ8aSg-7LuDDkRgegGn9fFvuY","Indraprastha Gas Limited CNG Station","KP-5, Ajit Singh Baisla Road, Knowledge Park V, Greater Noida","28.5560227","77.456201","true"
"ChIJkYd-FLTuDDkRG5ta0gSPXpk","Hindustan Petroleum Corporation Limited","Ground Floor, near Gautam Buddha Balak Inter College, Aimnabad, Greater Noida","28.55806389999999","77.4520254","true"
"ChIJRZURgf7lDDkR9UKnvWHx7bo","Planners Koncept","D-285, Block, 285-D, Sector 47, Noida","28.5477966","77.3652401","true"
"ChIJE3kH1urvDDkRRwG3ogpbNsg","Bharat Petroleum, Petrol Pump","Sector 71, Noida","28.5917657","77.3794234","true"
"ChIJeQNIgunlDDkR22qSKh8wt_A","IndianOil","Dsc Sector-40-41 Road, Sector 41, Noida","28.5617697","77.3582541","true"
"ChIJy5-CAhnmDDkRdcCZoHfKqV4","Indraprastha Gas Limited CNG Station","G9GC+C4F, Service Lane, Noida Gr, Noida-Greater Noida Expressway, Sector 105, Noida","28.5260608","77.3703037","true"
"ChIJxfEyVnTvDDkRgRHFhPEPiLw","IndianOil","Bisrakh Jalalpur, Greater Noida","28.5632826","77.4341311","true"
"ChIJezljVQDvDDkRp6BrwWFceKY","adhiraj","HF52+5W2, Ace City Noida Extension, Sector 1, Aimnabad, Bisrakh Jalalpur, Greater Noida","28.5578881","77.45226679999999",""
"ChIJVdQjVNPvDDkRl9VcMEQKuFE","IGL CNG STATION -KP5","Knowledge Park V, Greater Noida","28.5559985","77.456259","true"
"ChIJbU_2SwDvDDkRP0FqRHEgDBQ","IGL Gas Limited","KP-5, Ajit Singh Baisla Road, Chauganpur, Knowledge Park V, Greater Noida","28.5559916","77.4564953",""
"ChIJ8RsmBBzpDDkRhri-LxaQYGk","BP Knowledge park 2 bpcl Petrol Pump","Tusiana Village, Knowledge Park V, Greater Noida","28.5453803","77.4656064","true"
"ChIJlxKTW33vDDkRBWYXspHOivM","IndianOil","No PP01, Agriculture Green, near Sports City, Bisrakh Jalalpur, Noida","28.5770058","77.426598","true"
"ChIJx0NxKe7lDDkRFLppq9Vxcsg","New Indian Diesel Service","near Amar Singh Palace, Dadri Main Road, Bhengal, Phase 2, Noida","28.5379964","77.3894512","true"
"ChIJgSBfLQDpDDkR84FFIY1S_OU","Urea pump","G9WQ+78C, Salarpur, Noida","28.5456897","77.3882686",""
"ChIJwcz2-jvtDDkRpnEIfdoFdKY","BPCL petrol pump & CNG","130 Metre, opposite Kherpur Village, Vaidpura, Greater Noida","28.5704299","77.4724622","true"
"ChIJ_4UMWgDtDDkRgepw8GjalAk","IGL CNG","HF6J+67, Greater Noida","28.5605362","77.4807344",""
"ChIJ8-WlypLtDDkR4ChH6e44LTY","Hindustan Petroleum Corporation Limited","PP 01, Sector 12, Noida","28.5602148","77.480892","true"
"ChIJUSzxmtHrDDkRYbXpJIMpPi4","BP GNA KP 1 COCO OUTLET","GFXQ+37F, Greater Noida West Link Road, Tusiana Village, Knowledge Park V, Greater Noida","28.54768989999999","77.4881571",""
"ChIJYZf8vBrvDDkRdfi08v1sxN4","IndianOil","No PP01, Techzone 07 130, Mtr Road, Milak Lachchhi, Noida","28.5899308","77.461193","true"
"ChIJDy7VcADlDDkRXTTFJYvoA-w","Bharat Petrolium","park, Sector 48 Road, Block A, Sector 47, Noida","28.5520132","77.3758537","true"
"ChIJe9NFRgDvDDkR-dTX1DJTVes","Indian Oil","14, Sector 50 Block D Road, Noida","28.5692934","77.3784893",""
"ChIJ_WRbH-vxjQgRZ4oKvQ1V_-Y","ASSURE FUEL PRIVATE LIMITED","Tower A, Spectrum metro mall, 1422, Sector 75, Noida","28.57399509999999","77.37925179999999","true"
"ChIJV-98lWbnDDkRPTJ4skySn2Y","Petrol Pump HMEL 108","PP-01, Sector 108, Noida","28.5237653","77.3731821","true"
"ChIJOxoS4dPvDDkR-PUb7gmuXi4","Bharat Petrol pump and CNG pump","JF23+959, Greater Noida West Link Road, Roza Yakubpur, Greater Noida","28.6009023","77.4529739","true"
"ChIJYcddrBDmDDkR7H4D_wxBP6s","IndianOil","G9M8+565, No PP/1, Noida-Greater Noida Expressway, Sector 105, Noida","28.5284837","77.3662725","true"
"ChIJd6ee4PPnDDkRKvj6ZVOUdQ4","Paras Fuels","Plot Flat No. PP-1, Block A, Sector 105, Noida","28.5329683","77.3642715","true"
"ChIJj25rrkzvDDkRMklSDUm8eOc","IndianOil","No PP 01 & GH 01, Noida Extension, Sector 4, Greater Noida","28.606502","77.426627","true"
"ChIJR_4tfQDvDDkRN6H7gmFUt_k","Pollution centre","JC4X+888, Sector 16B Road, Bhangel, Greater Noida","28.6057823","77.4483355",""
"ChIJL92MAAXvDDkR-ozg3WBcxa0","Shri Goverdhan - Petrol Pump","PP-01, Vishwakarma Road, Sector 72, Noida","28.58271","77.3769453","true"
"ChIJEY14SS_vDDkRKtpJKlDBOHc","Bharat Petroleum","JC4F+VRP, Service Road, Yusufpur, Nai Basti Dundahera, Ghaziabad","28.6072121","77.42456969999999",""
"ChIJPyqgUwDvDDkRotRRJxjbAGc","BP AGRICULTURE FARM-1","JC4F+VRW, Yusufpur, Nai Basti Dundahera, Ghaziabad","28.6072256","77.42457499999999",""
"ChIJGxOWflvuDDkRa-0pYI9EZK4","IndianOil","Plot No PP 01, Sector 16B, Noida","28.6076122","77.4412396","true"
"ChIJN48w6Y3vDDkReo5pDtr-U-g","Indraprastha Gas Limited CNG Station","SUPERTECH ECO VILLAGE-2, Drop, Bhangel, Ghaziabad","28.607682","77.4411767","true"
"ChIJ7yCsH4flDDkR2CasRIj5b_E","Indraprastha Gas Limited CNG Station","Sector 50, Block A Road, Block E, Sector 51, Noida","28.5850169","77.3754747","true"
"ChIJuQXA9EPrDDkRLmI9TZ3oQuw","IndianOil","near Railway Phatak, DSC Road, Dadri","28.54651","77.54442999999999","true"
"ChIJ_RnQHZbsDDkRmzn-6YuKAlw","Rawal Bharatgas Gramin Vitrak","U.P, Dadri bypass Dhoom manikpur, Greater Noida","28.5779756","77.5387037","false"
"ChIJ975uU7nrDDkRBDfPKXM_R1o","petrol pamp ki gali","GGWW+M6J, Railway Road, Dadri","28.546704","77.5455138",""
"ChIJmwclYJfsDDkRniWMxZD7Hyo","IndianOil","Dhoon Dadri, GT Road, Noida","28.57289","77.53493999999999","true"
"ChIJQ8vM4qDsDDkRrnTYxiBF1J8","Hindustan Petroleum Corporation Limited","Ground Floor, GT Road, Dadri","28.5646974","77.5428578","true"
"ChIJb80c5VjrDDkRfFPv1u-m9_g","नवीन मण्डी स्थल","HG6W+3PJ, Old NH 91, Dadri","28.5602222","77.54676119999999",""
"ChIJewAT9ezrDDkRmwrUNwKo2kk","Dwarkadheesh energy hub","Dadri ,Opps, Naveen Mandi","28.5610026","77.5473317",""
"ChIJ-QKGEWmVDDkRCLvPn6jxu7Y","IndianOil","Khasra No- 678, 1302 Jarcha, opposite Haji Farm, Noida","28.5559584","77.5541501","true"
"ChIJfU2CO03sDDkRi9WPi8kMlCk","IndianOil","near Patwari Ka Bagh, NH 91 Dadri, near Patwari Ka Bagh, Achheja, Noida","28.6033871","77.50257730000001","true"
"ChIJWymTuS2VDDkRTEn53zU8I5M","Aqib Cng Pump","125, Ramnager Road, Nodia, Dadri","28.553524","77.57340239999999",""
"ChIJjRD7AZaVDDkRS1pMjvsTzwI","GAGAN","125, Delhi Delhi Roasd, Dadri","28.553524","77.57340239999999",""
"ChIJpV4bVLGVDDkRjV2xza9rN_4","CNG PUMP DELHI","near by Meerut, 124, Delhi Road, Dadri","28.553524","77.57340239999999",""
"ChIJFfuPCb_tDDkRl5jrDDxO6nA","Bharat Petroleum Corporation Limited BP EPE2","BP EPE2 , milak, Eastern Peripheral Expressway, murad nagar, chakarpur, Ghaziabad","28.5921077","77.5527704","true"
"ChIJ7bgLSgCTDDkR3aJ8FsdOplY","Sharma Filling Centre Bisahda","HHJC+64P, Bisahda","28.580593","77.5703326",""
"ChIJAbygiB-VDDkRk8mzbvrfNg4","Ramaya Fuel Station","opp. Haji Farm, Dadri-Jarcha Road, Jarcha, Dadri","28.5670097","77.64679699999999","true"