place_id,name,address,latitude,longitude,open_now
"ChIJi0N3839FnDkRLF_v7qwOlP8","Hindustan Petroleum Corporation Limited","Ground Floor, NH 86, Ghatampur Road, Bidhnu","26.3245609","80.2782045","true"
"ChIJY4wh9cRHnDkRUzLgVa2P0l8","Hindustan Petroleum Corporation Limited","Ground Floor, Kanpur - Jhansi Highway, Barra, Kanpur","26.4348568","80.29054479999999","true"
"ChIJVVVRabFHnDkRA4N4-9qey8g","Petrol Pump","30, Karrahi Road, Juhi Kalan, Barra, Kanpur","26.4272073","80.306327","true"
"ChIJ_9CuBrJHnDkRrevs3zn9fxQ","Gaurav Filling Centre- Indian Oil Petrol, Diesel & CNG Pump","Plot No-1358-B, W-2, Juhi, Damodar Nagar, Barra By Pass, NH-2, Kanpur","26.4253565","80.3099067","true"
"ChIJCY5nBLFHnDkRSf2oJD7llG0","IndianOil","near Juhi, Lock No LG/3608 Juhi Kalan, Barra Bypass Road, near Juhi, Parag Dairy Road, Saket Nagar, Kanpur","26.4282779","80.3068953","true"
"ChIJDS3ElK1HnDkRjQbZvdJ0L3E","PMEW SERVICE CENTRE - IOC PUMP","1358-A, W-2, Juhi Kala, Damodar Nagar, Kanpur","26.4283168","80.30780320000001",""
"ChIJKZudd7BHnDkR6dupGkowL-Y","Sachan Filling Station","Barra World Bank, Kanpur","26.4314468","80.30819020000001",""
"ChIJd8zmiqpHnDkRFwH1oNISPtg","IndianOil","Lock No 21043, Plot No 1, 11001, Y Block, Kidwai Nagar, Kanpur","26.4236515","80.3202147","true"
"ChIJccEDKOZHnDkRhE2UhYb2F18","IndianOil","No 1/2, Commercial Complex, LN Ig/3718, Ratan Lal Nagar, Kanpur","26.4456588","80.28773199999999","true"
"ChIJs-tKlttJnDkRJ8FC_5zsebQ","Hindustan Petroleum Corporation Limited","Khasra No 202, near Kaindha, Sachendi Ramaipur Road, Tiraha, Patehuri","26.395298","80.249359","true"
"ChIJldwKuPtFnDkRjkRKumgrsa8","Hindustan Petroleum Corporation Limited","Gata No 279, Kurauna Bahadur Nagar","26.3653885","80.2815407","true"
"ChIJbf63Hi1HnDkROOG3SYnz_sI","Indian Oil Petrol Pump","Bingawan, Pipauri","26.4026082","80.2961062","true"
"ChIJV7Dk6dtFnDkRz1B0UBL4whM","BPRN KANPUR Petrol Pump","9884+XF2, Neori","26.3667328","80.3058013","true"
"ChIJVX-F8nJHnDkRBjNVpYWYGqY","IndianOil","Maurang Mandi, Plot No 1&2, Bingaon, Bingawan, Kanpur","26.378622","80.30860899999999","true"
"ChIJo7C5jnBGnDkRpnwgIbvpDZk","Shukla Petrol Pump","shree nagar pahadpur, Galla Mandi, Naubasta, Kanpur","26.383691","80.3093315","true"
"ChIJQfMKs2hFnDkRXiMVIZyCZXg","Bharat Petroleum Petrol Pump , MADHAV FUEL STATION","MADHAVBAGH MARKETKANPUR, Hamirpur Road, Ramaipur","26.3578299","80.3026744","true"
"ChIJKQslDXBGnDkRXt-GAUoZBPo","IndianOil","Beena Filling Station, near Galla Mandi, Paharpur, Naubasta, Kanpur","26.3836685","80.3096214","true"
"ChIJvabjjmFPnDkRzpk-x3Br63w","Hindustan Petroleum Corporation Limited","Gata No 1429, Road, Bidhnu","26.3390776","80.2419208","true"
"ChIJFYFrSwBHnDkR2hKvvHTgKCs","Pal filling station","Pal chauraha, near Anand South City, Kanpur","26.4178824","80.28807090000001",""
"ChIJ6f0XPABFnDkRx7umBsUlyIc","Roop kala auto mobiles","87WX+H5G, Hamirpur Road, Ramaipur","26.3464307","80.2979467",""
"ChIJS4PSNwBHnDkRJy7SDN_kfvY","Hindustan Petroleum Corporation Limited","Ghata No 357, Mi Kanpur, Mi to 359, Hamirpur Road, Hanspuram, Kanpur","26.395134","80.312263","true"
"ChIJ6wF6SABFnDkRS7mAKK4TiBM","SHRI RAM DEF FILING STATION","Ramaipur","26.3440471","80.29749029999999",""
"ChIJG0QypYhFnDkRr_taVu9pdh8","Hindustan Petroleum Corporation Limited","Ground Floor, NH 86, Hamirpur Road, Kanpur","26.3400884","80.2938861","true"
"ChIJlyjJJQBFnDkRgamFwyxOquk","Roop kala auto mobiles","Ramaipur","26.3399507","80.29371119999999",""
"ChIJlXYaxGBHnDkRM6Wx3H1dJKI","Chaudhary Ramgopal Singh Filling Station","Meharwan Singh Purva Road, Barra, Kanpur","26.42693419999999","80.2815349","true"
"ChIJIdV0AgBFnDkRfNGuD_BPB4Q","SHRI RAM DEF FILING STATION","Indian Oil Petrol Pump, Afjalpur","26.3339978","80.2871972",""
"ChIJo5UTK4VFnDkRTP7Kvn4XRWs","IndianOil","No 131, Lk No 21004/13054/22017 NH 86, Rasulabad, Afjalpur","26.334047","80.28836799999999","true"
"ChIJkU0hKgBHnDkR1EJWoDFutqc","Aadesh filling station","98R9+3X3, Hanspuram, Naubasta, Kanpur","26.3901426","80.3199179","true"
"ChIJG3Tfe0BHnDkRXnSEc6ophws","Saroveer filling station( bharat petroleum)","Taudhakpur Road, Naubasta, Kanpur","26.3798809","80.32146589999999","true"
"ChIJmUwz59RHnDkRLR0qQj81suo","ADHOC RAMA AUTO CARE","I/1/14, Karrahi Road, Karrhi, Sector I, Barra World Bank, Barra, Kanpur","26.4225789","80.2978275",""
"ChIJBw87fBZHnDkRDKRPAkuN8Ac","amit mens parlour","fuji aata chakki, k pass, Barra 8, Barra, Kanpur","26.4302967","80.28648369999999",""
"ChIJS0J637VHnDkRAAAA0HpheUk","Haiway Green Bio-fuels Private Limited","Barra World Bank, Barra, Kanpur","26.4251793","80.30058710000002","true"
"ChIJ9V8J0IVHnDkRTw3jM4foKJs","SS Fuels Centre","29, Naubasta, Kharagpur","26.373885","80.3277008",""
"ChIJvxRZsKNFnDkRoJZU5UOiYhk","IndianOil","Ground Floor Ramaipur, Sarh","26.3333146","80.30275979999999","true"
"ChIJncS2rF5JnDkRiBZRU6OQWjw","PETROL PUMP MUNESHWARI KSK","Rampur Khas Road, Sujanpur","26.4243046","80.2168086","true"
"ChIJKYpfv6RJnDkRAAAAcJMN2XU","IndianOil","Khasra No 428 & 429, Kalyanpur, Bhautipratappur","26.4241116","80.21643089999999","true"
"ChIJ0bw2sMRHnDkRE6Z9tn9huJM","Kargil Petrol Pump","C7MP+PQF, Kanpur - Jhansi Highway, Barra 8, Barra, Kanpur","26.4354982","80.2884306","true"
"ChIJg3kv9cRHnDkRG1t4P7rINhM","Central Up Gas Limited CNG Station","India","26.4348328","80.2904482",""
"ChIJRyC4AQBHnDkR2ruPTR8j8mA","Hindustan Petroleum Corporation Limited","Arazi, No 296MI, Naubasta, Kanpur","26.4149536","80.3178712","true"
"ChIJje3HZgBHnDkRRSaSnyOlskA","Surendra Filling Station","C7PR+2VC, Barra World Bank, Barra, Kanpur","26.4350745","80.2921307",""
"ChIJPXcCQwBHnDkR2qiBQQ-9jl4","Petrol pump","98QJ+92M, Yashoda Nagar, Kanpur","26.3884509","80.3300478",""
"ChIJhRlwudtHnDkRt3XC1Dep36Y","JAYWANT COMPLEX","Shri Ram Ji, 1052, Karrahi Road, Kanpur","26.4271407","80.3063069",""
"ChIJBZfnYgNHnDkRbRN8PtA-Uag","Kamla Petroleum","Y1, 829 Y1 Kidwai Nager 829, Kidwai Nagar, Kanpur","26.4144203","80.32016209999999",""
"ChIJO6jVVk1HnDkRM8zcisJBi6k","IndianOil","Lock No 21038 Naubasta, Bypass, Barra, Kanpur","26.4253737","80.309907","true"
"ChIJL9Os5CFHnDkRIFPzGifWWCk","Indian Oil Hari Om Filling Station","749 A, W-2, Juhi Kalan, Juhi, Kanpur","26.4267462","80.3086952","true"
"ChIJ8Rkt7K1HnDkRzK6AsOtHJKY","IBP","C8F6+XCF, Barra, Kanpur","26.4249255","80.3110456",""
"ChIJhT6ifBVHnDkRp4xQy5qLX-8","Kamla Petroleum","Yashoda Nagar Road, Kanpur","26.417365","80.3201595",""
"ChIJdfYNbQP_nDkR97RdtqE7YHI","IndianOil","Ground Floor Aanupur, Rampur, Ghatampur","26.443056","80.282709","true"
"ChIJRWjBdrBHnDkRfJLM4e8uCoU","Bharat Petroleum","India","26.4314243","80.3083217",""
"ChIJAatLdrBHnDkRe61sYls3sbI","Bharat Petroleum","India","26.4316076","80.3082648",""
"ChIJk6Jkn-lHnDkRn0GNNb5TmPU","IndianOil","No 128/3, 88, Yashoda Nagar, Kanpur","26.412458","80.326718","true"
"ChIJW_mPfvlGnDkR8jMi3Uza-fY","SHUBHAM ENTERPRISES","India","26.4128105","80.3265986",""
"ChIJX4cfi1lHnDkRv7lHwonx4NE","Mamta gas Service","25, Kda Market, Barra 3, Kanpur","26.440606","80.2936814",""
"ChIJI17oLwNHnDkRqPLaR8vUR4w","Dwiz deal","185/C, Barra 2 Main Road, Barra 8, Barra, Kanpur","26.4373009","80.30186239999999",""
"ChIJSU99X_tJnDkRuNbRPRUrk78","Bhuti khadha","C6VM+3C6, Pankabahadur Nagar","26.4426669","80.2335255",""
"ChIJ6ZiSW_xGnDkR6G6cs7ipsEE","IndianOil","Lk 22002/Ig/3634, Main Road, Yashoda Nagar, Naubasta, Kanpur","26.416971","80.328484","true"
"ChIJ63jV8qlHnDkRzfjF007nrSM","CNG Shri Narayan Automobiles - Top Filling Stations in Kanpur","15 - W, Hamirpur Road, Keshav Nagar, Juhi Kalan, Juhi, Kanpur","26.4272115","80.3199284","true"
"ChIJ1emMMDpHnDkRFWh3Mz0Ag5U","Hindustan Petroleum Corporation Limited","Block W, Plot No 15, Hamirpur Road, Juhi, Kanpur","26.427201","80.320201","true"
"ChIJq7BsGBdJnDkRAxMner_4HaA","K A H Transport Co","46/A1, Nauraiya Khera, Panki, Kanpur","26.4505999","80.2678735",""
"ChIJAWiwS_xGnDkRFp73Zhwczoo","IBP Petrol Pump","1307, Kidwai Nagar Bypass Road, Kidwai Nagar, Kanpur","26.418219","80.3286409","true"
"ChIJ1YRuBwtEnDkR1Hp6gbZYGjQ","Hindustan Petroleum Corporation Limited","Ground Floor, Pipargaon Road, Ghurwakhera","26.3565212","80.3625441","true"
"ChIJUUv0gEpBnDkR-1NHvP7A9ao","IndianOil","No 1520/21, Lock No 21055/13026/22062 Daheli Sujanpur, Bypass, Krishna Nagar, Kanpur","26.400517","80.36855299999999","true"
"ChIJY8lWcf1GnDkRjtWG4h2Vgy8","Hindustan Petroleum Corporation Limited","No K, 128/373/374, Kidwai Nagar, Kanpur","26.420801","80.330201","true"
"ChIJ1Rn4HdNGnDkR4Ock3dQYsRs","Hindustan Petroleum Corporation Limited","No 304, Block E, Shyam Nagar, Kanpur","26.4150063","80.3639506","true"
"ChIJS_n-cUhBnDkRGW1a_UqR0Dc","Nayara Petrol Pump","Mangala Vihar, II 201, 150 Feet Road, Tiranga Chauraha, Daheli Sujanpur, Kanpur","26.3983072","80.37936049999999","true"
"ChIJeywszKlHnDkRImJ3dDz8934","IndianOil","Lock No 12026, Juhi, Kanpur","26.4291885","80.3205085","true"
"ChIJEzWxASlBnDkRyEK0cEZ8hYM","IndianOil","Lk No 23004, NH 91, G.T.Road, Krishna Nagar, Kanpur","26.4213649","80.37421780000001","true"
"ChIJhVuaPT1BnDkRAd1v3tvdQqE","Bharat Petroleum","25, National Highway, Ramadevi, Vinoba Nagar, Krishna Nagar, Kanpur","26.4123116","80.38632179999999","true"
"ChIJFcLCqg5HnDkRqyUL6Vfe3rI","CNG Autofil - Dealer Bharat Petroleum Company Limited","O Block, G 30, Jawahar Road, Kidwai Nagar, Kanpur","26.4386247","80.3268085",""
"ChIJbcEwWj1BnDkRqSG72zUQRls","IndianOil","Rama Devi, Lock No 12033/12037/22053, Lal Bungalow, Crossing, Krishna Nagar, Kanpur","26.4129044","80.3875363","true"
"ChIJaSg8jgtHnDkRVw6wb0qLrig","Nayara Petrol Pump","Kidwai Nagar, Kanpur","26.4407074","80.32624969999999","true"
"ChIJfVqkoHJHnDkR3GolmqvqMg0","Bharat Petroleum Corporation Limited","133/116P, Hamirpur Road, Transport Nagar, Cooperganj, Kanpur","26.4460677","80.3327158",""
"ChIJiawvO9pAnDkRvYFrZH7uNQA","NARENDRA FILLING STATION Bharat Petroleum and CNG STN.","144, Western Sub Metropolitan Bypass Road, Tadi Khana, 131E/5, Ompurwa, Kanpur","26.4315932","80.37892769999999","true"
"ChIJM5K5hB9BnDkRy8PTYESyvIU","IndianOil","Lock No 21068, near Harjender Nagar, 22008, Chakeri Road, Crossing, Kanpur","26.42256699999999","80.3894541","true"
"ChIJZ1hCkJdHnDkRevTpT43c_eE","IndianOil","No 21061/23012, 22042, Govind Nagar, Kanpur","26.44569199999999","80.30933399999999","true"
"ChIJFdT1CAxHnDkRYPw8YA0B9XI","SRD PETROLEUM","near naubasta, 1-A,N block, yashoda nagar, near naubasta, thana","26.4034401","80.337096",""
"ChIJbf7__-tGnDkRAAAAMI6xmTk","Annu Petrol Pummp","253, Kalyanpur, Kanpur","26.4045184","80.3380224",""
"ChIJl4HzdgBHnDkRiLxBIXApmaA","Surendra Fuels Station","7, Gopal Nagar, tirahaYashoda Nagar, Kanpur","26.4039009","80.3435403",""
"ChIJdZc6FwBHnDkRvVOR1Smsp_o","CHANDRA ENERGY POINT","C86M+8CX, Yashoda Nagar, Kanpur","26.4108632","80.3335963","true"
"ChIJQUTr5SVHnDkR8i7XE8YWHr8","Shivraj Fuels","Koyla Nagar, Daheli Sujanpur, Kanpur","26.392974","80.3647629",""
"ChIJX0Au2oNHnDkRnbfRLgBcGuE","IndianOil","Lock No 12056, Km 15 By Pass, NH 2, Kanpur","26.4062053","80.35439939999999","true"
"ChIJR7ieD5NHnDkRCSPia5F_n3A","Bharat Petroleum Fuel Station (Petrol & Diesel)","C943+P9P, beside Mahesh Trading Company, New Azad Nagar, Daheli Sujanpur, Kanpur","26.4067526","80.3536371","true"
"ChIJ_RqDTQxHnDkRP9HV56EBnoc","Bharat Petroleum Petrol Pump (Petrol+CNG+Diesel+DEF)","New Azad Nagar, Yashoda Nagar, Kanpur","26.4040625","80.3583125","true"
"ChIJza1bGXOhkzkREAirUMfX6zw","Reliance Petroleum","Khasra No 1283, Taraya Sujan, near Ms 358, National Highway 27, Tamkuhi Raj, Madhopur Bujurg, Kushinagar","26.4020826","80.3624693","true"
"ChIJ_18M-hpHnDkRKnmJC79QakY","Nayara Petrol Pump","Kidwai Nagar, Kanpur","26.4172557","80.3299894","true"
"ChIJWZyNEQBBnDkR5z0o8u8a8jU","M/S Shri Balaji FS","C929+58Q, Daheli Sujanpur, Kanpur","26.4004744","80.3683568",""
"ChIJjTPDtP1GnDkRaTAEjBBFrMk","M/S. Singh Filling Station","Y-Block, 1307, Kidwai Nagar Bypass Road, Kidwai Nagar, Kanpur","26.4185555","80.3284924","true"
"ChIJWXQhOItHnDkR3NikdoKMIko","Bharat Petroleum, Petrol Pump -GM Filling Station","PLOT NO 1290 & 1339, Yashoda Nagar Road, Y Block, Kidwai Nagar, Kanpur","26.4195792","80.3292337","true"
"ChIJZZssdf1GnDkRpj3bckmjJQE","IndianOil","Lock No 22017, 22056/23021, Block Y, Kidwai Nagar, Kanpur","26.420557","80.33000299999999","true"
"ChIJxVU6i_lHnDkRuE0R0kN8Zek","bhagwati petrol pamp","C8CJ+754, Yashoda Nagar Road, Yashoda Nagar, Kanpur","26.4206343","80.3304454",""
"ChIJcc7mPxlBnDkRYl230O-VAA8","Santosh Ashok Bhadauriya FUELs FILLING STATION","near vrindavan colony, Sanigawan Road, Daheli Sujanpur, Kanpur","26.38953579999999","80.3795835","true"
"ChIJvUEBl7NDnDkRRdZevLX2_6U","Pal Bike Workshop","3, Koriya","26.3527424","80.37438999999999",""
"ChIJobEWWztCnDkRuqzgURDla9E","Hindustan Petroleum Corporation Limited","National Highway 2, Apparel Park, Plot No D15 & 16, Kanpur Allahabad Stretch, Rooma","26.3825434","80.4155759","true"
"ChIJoxWZpnBCnDkRN8YyryMWjSM","Pure Auto Fuels","Khujaupur, Kanpur Nagar, NH-2, GT Road, Allahabad Kanpur Road, Kanpur Nagar, Kanpur","26.348","80.44839999999999","true"
"ChIJsU63rXBCnDkR4ncwVwBA6u0","Indian Oil","Khujaupur, NH-2, GT Road, Allahabad Kanpur Road, Kanpur Nagar, Kanpur","26.3482475","80.4491424","true"
"ChIJY0Dxsa9BnDkR5_w2NbtyJps","Indian Oil, Petrol Pump -Pure Auto Fuels","RUMA RHS, NH-2, KANPUR NAGAR","26.392345","80.40618900000001","true"
"ChIJZ8I3GbpBnDkRZ3fkIby_rcY","SHANTI FILLING STATION","Near kanshiram Colony, Sajari Gaon, Daheli Sujanpur, Kanpur","26.3866734","80.3885243","true"
"ChIJ77mgsShCnDkRJhiIEVsZ9X4","Central Up Gas Limited CNG Station","9CGC+67F, National Highway 2, Chakeri Ward, Kanpur","26.3755691","80.4206588","true"
"ChIJoW3LNjhDnDkRH0sY50U9V4g","Bharat Petroleum, Petrol Pump -Tomar Filling Station","NH-2, SAKATIA PURWA, KANPUR NAGAR","26.3756078","80.4207133",""
"ChIJb8qceQBBnDkRXofd3tMswJM","Indian oil kanpur af","CC22+J5G, Jajmau, Kanpur","26.401575","80.4004598",""
"ChIJZcKUoixDnDkROonIpj9mPLA","IndianOil","Chhatmara Tiraha, Narwal","26.352127","80.4114049","true"
"ChIJsRvB0YVBnDkRHuNVKR-P3Pk","Rama Devi Market Allahabad highways","C96P+JM4, Kanpur - Allahabad Highway, Gandhigram, Kanpur","26.4115223","80.3867077",""
"ChIJM75QVZeXvjsRUbLJwnG6JdM","IndianOil","Lock No 12046, NH 2, Rooma","26.3592202","80.4369081","true"
"ChIJPcX2nVVDnDkR63sYykTZYCs","DIKSHIT BROTHERS, INDIAN OIL PETROL PUMP,ROOMA, KANPUR NAGAR","Rooma","26.3592202","80.4369081","true"
"ChIJrebbQvpBnDkRzTPkCRlgUIY","Pollution Point","Krishna Nagar, Kanpur","26.4140501","80.3835615",""
"ChIJn14Hr9lBnDkRD84Mjujtrpc","IndianOil","Ground Floor, near Inter College, Subhauli","26.3446287","80.4239316","true"
"ChIJWR1X3FpDnDkRbSmn3Ul1y5g","CNG station Rooma Indraprastha Gas Limited","9C4V+G5C, opposite V C Motor, Chakeri Ward, Kanpur","26.356559","80.442934","true"
"ChIJFXHA9HpHnDkR3dO2Lk1X8_M","Hindustan Petroleum Corporation Limited","No 84/80, G.T.Road, Anwarganj, Kanpur","26.4165271","80.3753906","true"
"ChIJM6wbqWxBnDkRmb373P1CmI4","Arafat Petroleum","12-C 150 Feet Road, New, Jajmau Road, Jajmau, Kanpur","26.4248942","80.40853919999999","true"
"ChIJb5XU2nRDnDkRIyFjwtiErGY","BPCL CNG STAION","8CXX+884, Rooma","26.3482734","80.4483353","true"
"ChIJKSidtOVAnDkRRU2ZSyyfTlc","IndianOil","Lock No 12046 Jajmau Lane, 150 Feet Road, Gajju Purwa, Kanpur","26.434901","80.39534189999999","true"
"ChIJv9j0yOhAnDkRuOu1qnN0oUc","Al Badar Petrol Station","Al Badr Street, Tannery Town, Jajmau, Kanpur","26.439101","80.3931065","true"
"ChIJ6_MPZslBnDkR8C-6QJj2gGM","Bhagwati gas Alam Home appliances","Katri Pipal Kheda, 1, Aqhlaq Nagar, Badarka Turkiya","26.4419602","80.4166698","true"
"ChIJFc0uwm5DnDkRIV-MUGVWVWs","IndianOil","Ground Floor Pali Bhogipu, Transport Nagar","26.3149783","80.38117","true"
"ChIJA7AIrEJBnDkRysOB91cX3Go","Bharat Petroleum, Petrol Pump -Ganga Shree Petroleum","KATRIPEEPERKHERA,NH-25,UNN, Unnao","26.4467651","80.4191941","true"
"ChIJNwzmc_1BnDkRhbC79VDIqsE","Shikhar Petrol Pump","9CP5+V8C, Chakeri, Kanpur","26.3871943","80.40827300000001",""
"ChIJr2OlY-xHnDkR_rBm4lbTBQI","IndianOil","Lock No IG3733, CTI Road, Govind Nagar, Kanpur","26.449335","80.296112","true"
"ChIJeW82KSxInDkRv83o5Ueh_pY","Calcutta Express Petrol Pump (CETS RO.)","484 Bhaw Singh ka Purwa, Saraimita, Kanpur","26.4535989","80.2373898","true"
"ChIJAwfbQPRHnDkRK4BUs2v0mBw","Das Brothers Petrol Pump","kalki road, 5A, Kalyanpur - Vijay Nagar Road, Industrial Estate, Shastri Nagar, Kanpur","26.4619001","80.29502629999999","true"
"ChIJ0R6XXw84nDkRuo0vTQbPz2Y","H P Petrol Pump - Shri Shiv Ram","Plot -1, Kanpur, M Block, Kakadeo, Kanpur","26.4711575","80.2893437","true"
"ChIJowY_89dJnDkRUrS_uGdHSSE","CNG Station Panki","Cng pump, Panki Padaw, Saraimita, Kanpur","26.459425","80.2214432","true"
"ChIJRRriuItHnDkRg_vrGu4UxW4","Central Up Gas Limited CNG Station","88, National Highway 25, Fazalganj Industrial Estate, Fazalganj, Shastri Nagar, Kanpur","26.4623983","80.3030224","true"
"ChIJO50VnY9HnDkRU3nRqXXQ-6E","Hindustan Petroleum Corporation Limited","No 123/783, Industrial Area, Fazalganj, Kanpur","26.458101","80.309401","true"
"ChIJf9_LlIhHnDkRLmDo3T7Ff0w","Bharat Petroleum Petrol Pump","Gumti No. 5, Govind Nagar Rd, Kalpi Road, Fazalganj, Shastri Nagar, Kanpur","26.4625892","80.3093294","true"
"ChIJ2zjy-XJHnDkRHcV10zjn0_g","Central U.P. Gas Limited","7th Floor, UPSIDC Ltd, A-1/4, Lakhanpur, Kanpur","26.4977297","80.277952","true"
"ChIJR5PHrY83nDkRRpGDWixw0wQ","Hindustan Petroleum Corporation Limited","GT Road, near Kanpur University, Plot No 117, Barsaitpur Road, Kanpur","26.4965323","80.2679751","true"
"ChIJa-tnSpg3nDkReiAE-I5zzxk","IndianOil","Lock No 13003, No C/5 & C/6, near Azad Nagar, 11031, GT రోడ్డు, Kalyanpur, Kanpur","26.4999988","80.25694539999999","true"
"ChIJjwa-_4JHnDkRpJ5E0E-SRaY","Bharat Petroleum Corp Ltd.","F859+7F6, Darshan Purwa, Kanpur","26.4581589","80.31862919999999","true"
"ChIJp9LvOHk4nDkRqjbzj-l15Bs","Hindustan Petroleum Corporation Limited","Ground Floor, Gumti No.5, Kanpur","26.471101","80.314701","true"
"ChIJXx9pLHk4nDkRYJWfcEnUaKI","Central Up Gas Limited CNG Station","111A, 10, GT రోడ్డు, Gumti No.5, Ashok Nagar, Harsh Nagar, Kanpur","26.4705607","80.3155529","true"
"ChIJD_Ken0Q5nDkRLkOPE364DkM","IndianOil","Lock No 21067, 22012, Opposite Hallet Hospital, Swaroop Nagar, Kanpur","26.479284","80.313377","true"
"ChIJPYIa9IY4nDkRF3Wd2-XCTuI","Indian Oil Petrol Pump","Mall Road, Sant Lal Ka Bagicha, Benajhabar, Harsh Nagar, Kanpur","26.4763776","80.3252036","true"
"ChIJJSHdaIk4nDkRk_Am1zpG7m4","Bharat Petroleum Petrol Pump , D.R.AUTO","Allenganj","26.4846123","80.32521779999999","true"
"ChIJ4WG7TrBJnDkRxfVU5yTNfdw","Malik Lubricants","F728+RMP, Vivekanand Nagar, Saraimita, Kanpur","26.4520906","80.26670469999999",""
"ChIJ68frf_9JnDkRNGrz5G6_wWs","Bharat fuels (HP PETROL PUMP)","near bhatia tiraha, E - 22, Panki, Kanpur","26.45254","80.2711109",""
"ChIJI4Fc9WhjsDsRMTwFNLdDp3w","IndianOil","931/14, Kalpi Road, Block B, Panki, Kanpur","26.4601169","80.2609538","true"
"ChIJ18YTh8pJnDkRuxHfFpCgkuQ","Bharat Petroleum, Petrol Pump -Hiralal Enterprises","Kalpi Road, B Block, Panki, Kanpur","26.4602323","80.2592519","true"
"ChIJ37pH_x5InDkRL6h7_fbcsp8","IndianOil","Lock No 12053, 22018 Terminal, Kalpi Road, Shahpur, Panki, Kanpur","26.46007","80.2575301","true"
"ChIJdz9jamZJnDkR4VSy-mz3VIM","Rajawat Filling Station","Main Road, Main Road, Kanpur","26.4504688","80.2746102",""
"ChIJX4HP7S5InDkRQODNLQocQCs","Hindustan Petroleum Corporation Limited","near Panki Thermal Power Station, Plot No 16, Panki, Kanpur","26.4598079","80.25154289999999","true"
"ChIJXfxChgdInDkRhzaGjE6sxN4","IndianOil","Lk No 21048/22030/21001 Dadan Nagar, No 51A/1 & 2, Azad Nagar, Kanpur","26.45516","80.276688","true"
"ChIJhxXmmt5JnDkRx6eTJT9JRUc","IndianOil","near Panki, No 17A, Lk No 12030/22021, Block B Industrial Area, Ispat Nagar, near Panki, Bypass, Swaraj Nagar","26.449516","80.245651","true"
"ChIJFfwirS1JnDkREFRM2TpXtbE","BPC Petrol Pump - Hindustan Dock yard","F-23 BAJRANGBALI INDUSTRIAL AREA, Panki, Kanpur","26.4551344","80.24559839999999","true"
"ChIJXbD8AidInDkRraGYCHUaJWU","Hindustan Petroleum Corporation Limited","Block E, Plot No 22, Kalpi Road, Panki, Kanpur","26.459891","80.24662599999999","true"
"ChIJW6G5FwA3nDkRWG7CG6_uhbE","CNG","F772+P42, Shahpur, Panki, Kanpur","26.4642575","80.2502535",""
"ChIJo3cp3C9InDkR1Jorbeqo3hs","Hindustan Petroleum Corporation Limited","Ground Floor, near Gas Plant, Bhausingh, Panki, Kanpur","26.4510067","80.241813","true"
"ChIJmfFwvwdJnDkR5jdErUeoXQI","IndianOil","Ground Floor, Saraimita, Kanpur","26.45405","80.236931","true"
"ChIJU3IdcmFHnDkRe3a4RXVVf4I","IndianOil","Phase 3, Plot No 38, Kalpi Road, Sail Tiraha, New Transport Nagar, Kanpur","26.45855269999999","80.2328658","true"
"ChIJLZ7aUABJnDkRdSbYPGdqcHc","Hindustan Petroleum Corporation Limited","Plot No A/48, Transport Nagar, Phase 3, Panki, Kanpur","26.4569437","80.2321967","true"
"ChIJjQ2JAAJJnDkR9q4LdDJ5SN0","Bharat Petrol Pump","119, Ashok Nagar, Harsh Nagar","26.458572","80.2320927",""
"ChIJacDYLWVJnDkRyoBfhtJe8nY","SINGH FUELS","F65J+GPW, Panki, Kanpur","26.4588708","80.23183139999999","true"
"ChIJAQAAkO1HnDkRoH8Dzpr8w10","Malik Petroleum Plt","F73W+93M, Dada Nagar, Govind Nagar, Kanpur","26.4534561","80.29518639999999",""
"ChIJdYOueOxHnDkRFFOfREDWRk4","Hindustan Petroleum Corporation Limited","Plot No 5A, Govind Nagar, Kanpur","26.448601","80.295901","true"
"ChIJnX0TqG9HnDkRB5NecxExkJg","Amar Bharat Petroleum","Saina Purwa, Afim Kothi, Bus Station From Afim Kothi, Towards, GT రోడ్డు, Chauraha, Kanpur","26.4710651","80.3422427","true"
"ChIJ-R1hyJs4nDkRqZcBv9yn3mM","Petrol Pump","Ratan Esquire, 101-102, Mall Road, Chunni Ganj, Permat, Kanpur","26.4772089","80.3370723","true"
"ChIJFeMyZFFHnDkR1_9b9VdeeVg","Hindustan Petroleum Corporation Limited","No 126 MG Road, Mall Road, Kanpur","26.4625959","80.35982419999999","true"
"ChIJ_4VcnpY4nDkR5sX5_5OpHow","Paragon Motors BPCL","VIP Road, Near Permat Mandir, Permat, Kanpur","26.4862088","80.3397023","true"
"ChIJJTzHxmc_nDkR4uxP9kzP4b0","Hind Service Station - Bharat Petroleum","F9MQ+8XM, Rajdani Marg, Unnao, Shuklaganj, Kanpur","26.4833487","80.38993409999999","true"
"ChIJRwTwPgBHnDkRu4X8bVcO4O4","Hightech energy fuel station patrol pump","highway, NH 27, katheri, kanpur - jhansi","26.449923","80.3318736",""
"ChIJm8bFbABHnDkRgd74hTThH4Y","Cng station","C8XJ+XP9, Kanpur","26.449923","80.3318736",""
"ChIJlfUTFAdHnDkRgd-ZMaQrKTY","IndianOil","Lock No 22031, No 133/202, 11033, Kidwai Nagar, Kanpur","26.4462129","80.3318729","true"
"ChIJ6cea7pdHnDkRzjFZVwufcZ4","Bharat Petroleum, Petrol Pump -Vishnu Service Station","Transport Nagar, RITOOPUR,T, Kanpur","26.4430966","80.336151",""
"ChIJS6mqr7VHnDkR3L0ev16ro9g","IndianOil","857, Transport Nagar, Cooperganj, Kanpur","26.444556","80.33953","true"
"ChIJ0XLc5xRHnDkRbsMzOuT5z44","IndianOil","House No, 3, Dhakna Purwa, Transport Nagar, Cooperganj, Kanpur","26.444012","80.33998900000002","true"
"ChIJQVlcYKVHnDkRDiQJpO4E6nE","PD Wig Services","16 A, Kidwai Nagar Bypass Road, Transport Nagar, Kanpur","26.4403689","80.337345","true"
"ChIJpzHZ9k5HnDkRH2EyFdJKX8Q","Hindustan Petroleum Corporation Limited","No 116, GT రోడ్డు, Kanpur","26.447871","80.344792","true"
"ChIJDZ8WyUNHnDkRFZHPk306TQ8","HP PETROL PUMP - BHATIA AUTOMOBILES","HP Dealers, 116, G T Road, Kanpur","26.44786969999999","80.3448078","true"
"ChIJHb1jUApHnDkRk1Acy4ConSg","Gupta Saluja Co","Lal Palace, Jawahar Road, Juhi Kalan, Kidwai Nagar, Kanpur","26.4409436","80.3234572",""
"ChIJ_yVSiApHnDkRr4IExb4Iq3U","IndianOil","Lock No 12055, Rakhi Mandi, 127/435, Near Bara Devi, Vinoba Nagar, Juhi, Kanpur","26.441456","80.3227836","true"
"ChIJbZAgbX1HnDkR5PAfmkwQXls","Bharat Petroleum, Petrol Pump -Auto Fill","O-BLOCK,SABJI, KIDWAI NAGAR, KANPUR NAGAR","26.438103","80.32708939999999","true"
"ChIJ5czHo3xHnDkRH7cqgXTiuB4","HPCL: United Auto Workshop","84/80, Grand Trunk Road, Moti Vihar Society, Gandhi Nagar, Kanpur","26.462932","80.33127999999999","true"
"ChIJoSvr4j9HnDkRE9aPgImZ9Sg","Bharat Petroleum, Petrol Pump -Ram Lal & Sons","DEPUTY KA PADAO, Kanpur","26.4621286","80.33756500000001","true"
"ChIJA1-jgEBHnDkR8X_RzAgLdzU","IndianOil","Lock, 21049, GT Road, Rail Bazar, Mirpur, Kanpur","26.4463219","80.34646599999999","true"
"ChIJNaptnwlHnDkRSdncCi5AIvU","Hayat C.N.G Electric Parts And Repairing","127/219 Hamirpur Road Near Bara Devi Chauraha, Juhi Kalan, Juhi, Kanpur","26.4374712","80.32389239999999","true"
"ChIJZV8j4htHnDkRNMJggkLdi1U","IndianOil Petrol Pump","375, GP Road, Heera Ganj, Gandhi Nagar, Kanpur","26.4637779","80.3238401","true"
"ChIJP84bZ9tHnDkRxci5drSVKdA","Hindustan Petroleum Corporation Limited","H No 128, 32 & 128/33, F Block, Kidwai Nagar, Kanpur","26.434561","80.328124","true"
"ChIJcXCHmhlHnDkRQuCQJNj138Y","Bharat Petroleum Petrol Pump , SHYAM AUTO FUELS","PLOT NO. 48, 49, BLOCK - KSCHEME-1, Govind Nagar","26.447451","80.313377","true"
"ChIJc3oZyP9HnDkRKZmGiBrSTMg","Cyber","near Jhande Wali Gali, 206, Inspector Road, Chaman Ganj, Chouraha, Colonelganj, Kanpur","26.4673379","80.3323415",""
"ChIJ4SrFLlw_nDkRBo9OHa7cSao","Hindustan Petroleum Corporation Limited","Ground Floor, Lucknow Road, Shuklaganj, Unnao","26.4783576","80.3849142","true"
"ChIJpwK64FFBnDkRQDsgxOwzaA0","Reliance Petroleum","VILLAGE UPARDAHAN,TEHSIL HANDIA,ALLAHABAD NH-27,POST_OFFICE : HANDIA, Handia","26.4538457","80.43905939999999","true"
"ChIJ68rJYRZAnDkR8GEgWU1i5cU","Nayara Petrol Pump/ Sri Doodha Mata Oil Filling Centre","Dakary, Unnao NH-25, Kanpur Road, Unnao","26.4551","80.43939999999999","true"
"ChIJJ5EcDRBAnDkRg9wr4aAGLRQ","IndianOil","Lock No 13028/22021, Nunsai, Orai","26.463043","80.44327500000001","true"
"ChIJZf7dEQBBnDkRZcvFFIHheS0","N Kanodia & Son's","FC7V+97Q, Charlestown Institutional Area, Kader Patari","26.4634564","80.4432337",""
"ChIJB7B5TKlBnDkRVxjUebudrNM","Express Roadways Petrol,Pump Kanpur","FC7V+6MH, National Highway 27, Charlestown Institutional Area, Sathara","26.4630513","80.4442454",""
"ChIJjeE6UlFHnDkRlpYRkBeomCE","Bharat Petroleum, Petrol Pump -Pratap Singh & Sons","Phool Bagh, Civil Lines, Kanpur","26.4640646","80.3596282","true"
"ChIJi_5lMYFBnDkRhG3D150__pw","IndianOil","Lock No Ig 3731, Attanbanthara,Nunsai, 3710/12004/22007, Orai","26.463454","80.444457","true"
"ChIJ3flapbtBnDkRo-f0Nuieniw","KANODIA AUTO CENTER INDIAN OIL PETROL PUMP","National Highway 27, Charlestown Institutional Area, Sathara","26.4632502","80.44467209999999","true"
"ChIJi735PgFHnDkRucEaHCsRydk","Bharat Petroleum, Petrol Pump -Anil Car Fill","MG ROAD, Kanpur","26.4695141","80.35925929999999","true"
"ChIJnVr0Qv8_nDkRv2x8xyq0yaI","Hindustan Petroleum Corporation Limited","Gata No 243MI, Sikandarpur, Saraiya","26.4966574","80.3975808","true"
"ChIJmZh-IwA5nDkRaoM8liZdue0","G.S. Energy Station","16/19A, Civil Lines, Kanpur","26.4760733","80.3579317",""
"ChIJcfRku1Q5nDkRJqc01a_Yl48","Bharat Petroleum, Petrol Pump -Prakash Automobiles","Westcott Building, Mall Road, Kursawan, Civil Lines, Kanpur","26.47177109999999","80.35452029999999","true"
"ChIJIa4KQ9E5nDkRdcV1REIe0YM","Hindustan Petroleum Corporation Limited","near Zsquare, Ground Floor Mall Road, near Zsquare, Mall, Kanpur","26.472501","80.353701","true"
"ChIJg7EpyKc4nDkRCBxnNlJ_C6w","Hindustan Petroleum Corporation Limited","No 37, near The Mall, 15 A, Mall Road, Kanpur","26.472201","80.353501","true"
"ChIJX4ug-oQ5nDkR7kV_5XwtIVw","Garv Arts","5774, Kanpur","26.4743864","80.3525854",""
"ChIJ_SCGDQBBnDkR_IMdU2lPdEo","Hindustan Petroleum Corporation Limited","Khasra No 142, 143 144 & 193, Lucknow Highway, Kanpur","26.476377","80.4505286","true"
"ChIJ2fzjwD85nDkRrwcCmBXCqYw","Amar shaheed kunwarpal singh gas agency","F9J3+5FQ, Police Lines, Civil Lines, Kanpur","26.4804648","80.3537444",""
"ChIJ35m-SFQ5nDkR5V9WzPGqJQ8","Bharat Petroleum, Petrol Pump -Paragoan Motors","VIP Road, Civil Lines, Kanpur","26.4745292","80.34402539999999","true"
"ChIJBzGk_qE4nDkRrVbIp9fXouI","Indian Oil","India","26.4746874","80.34388249999999",""
"ChIJeRUEpP0_nDkRQJQa81GcrGU","Hindustan Petroleum Corporation Limited","Ground Floor, Gahira, Shekhpur Nari","26.4851227","80.45303609999999","true"
"ChIJVVclazprnDkRt_919WFXxDM","IndianOil","Gata No 2021 Mi Sikandarpur, Azad Gate, Rd, Achalganj","26.47173099999999","80.463729","true"
"ChIJlcygjh43nDkRL06PidOKim0","Petrol Pump","Kalyanpur, Naramau","26.5270997","80.2353339","true"
"ChIJ-Y9uf982nDkRkhJIMQOq088","IndianOil","Plot No 163 & 164 Naramau Horakachar, GT Road, Kalyanpur, Kanpur","26.53455899999999","80.2319192","true"
"ChIJdyFvJfg3nDkRHZjuPrXXoiQ","ShriKrishan CNG Pump Mainawati - CUGL","A no-215, Mainawati Marg, Sambharpur","26.5239957","80.276526","true"
"ChIJWTbKKmI3nDkRhKgUUQTd2QM","Hindustan Petroleum Corporation Limited","Gata No 252, Mainawati Marg, Sambharpur","26.5281915","80.27424549999999","true"
"ChIJoeCwzWE3nDkRKD-HVQTXRB8","Bharat Petroleum, Petrol and Disel, Shivay filling station","BLOCK MIG SCHEEM, PLOT NO 05, VISHAYAKPUR BANGAR, HARI, Krishna Nagar, Kanpur","26.5084265","80.27328779999999",""
"ChIJK40tD0M3nDkR2ranHopDC54","Hindustan Petroleum Corporation Limited","Gata No 694, Kanpur","26.537541","80.26297799999999","true"
"ChIJOYwR9LU5nDkRAg1gWsYRHhY","CUGL CNG Station","Makri Kheora, Khyora, Kanpur","26.5059233","80.2786106","true"
"ChIJyTTUHfY3nDkRpyirN5tFyxw","NAYARA Petrol Pump","Petrol Pump, near Nayra, Road, Awas Vikas, Kanpur","26.4996618","80.25736409999999","true"
"ChIJX8Tzg7s5nDkRiGnUv5YW7oI","Bharat Petroleum - Shivay Filling Station","Makri Kheora Road, Makri Kheora, Khyora, Kanpur","26.5056651","80.2794026",""
"ChIJzZv2JwA3nDkRwkz1UcUV-KI","Down Town Energy Station","1, GT Road, Lakhanpur, Khyora, Kanpur","26.4984863","80.2617831",""
"ChIJyf5tVQA3nDkR82PHZ_Sf5sE","Bharat petroleum","G726+6X, Kanpur","26.4982674","80.26143569999999",""
"ChIJA7k-pjw3nDkRuoGRVXrU9po","IndianOil","Ground Floor, Near IIT, Kalyanpur","26.510956","80.23932599999999","true"
"ChIJgSzAUaQ3nDkRAAAA0IlJXgU","Sb Shop","Shop No. 10, Kalyanpur, Kanpur","26.501152","80.2465088",""
"ChIJs7yWmns5nDkRj5yzyLVt33c","Bharat Petroleum Petrol Pump , S.G. FUEL STATION","Mainawati Marg","26.51005","80.2864","true"
"ChIJfSx-nlw5nDkRym-_moInVAs","M/S Vaishno Filling Station","M/S Vaishno Filling Station, Kaitha Chauraha Sh-46, Ghatampur","26.50135169999999","80.2801929",""
"ChIJmedinRgxnDkRWhE-1eRUmAI","Bharat Petroleum, Petrol Pump -Kulwant Motors","NARAMAU, NH-34(OLD NH-91), KANPUR NAGAR","26.5271458","80.2353353","true"
"ChIJ4cIktE03nDkR8dRSdTfLPQs","IndianOil","Ground Floor, near IIT Enginerring College, Naramau","26.5274548","80.2349717","true"
"ChIJf2cp6Lw3nDkRFJ_Cxr8kCkI","Hindustan Petroleum Corporation Limited","Ground floor, Panki - Kalyanpur Road, Awas Vikas, Kalyanpur, Kanpur","26.496401","80.250801","true"
"ChIJR5Oogm83nDkR7N1ldwyFTWA","IndianOil","Khurd, Panki - Kalyanpur Road, Kanpur","26.493594","80.2482792","true"
"ChIJFw0YVeo3nDkR3M0pUWRF10Q","NYARA PETROL PUMP","99A, New Shivli Road, Kalyanpur, Kanpur","26.4939481","80.2470103","false"
"ChIJc66NGR83nDkRvyB13K-brRs","Hindustan Petroleum Corporation Limited","Gata No 1675MI, Bara Sirohi, Kanpur","26.4984025","80.2398317","true"
"ChIJZdwvTCE4nDkRWzZH3O7qRtU","Indian Oil - Bhadoriya Oil Company","Metro Hospital, near GT Road, near Gurudev Palace, 831-33, Housing Society, Awadpur Tur, Lakhanpur, Khyora","26.4938042","80.2813761","true"
"ChIJEXIiCeM5nDkRnMHEA2fBqiw","Bharat Petroleum Petrol Pump , VR FILLING STATION","ARAZI NO 85, VILLAGE, 301, GT రోడ్డు, Lakhanpur, Lakhanpur Housing Society, Khyora, Kanpur","26.4928511","80.2809504","true"
"ChIJm0X4NAE3nDkRLhv_gpxtldg","Bharat Petroleum Petrol Pump – Maa Petroleum","729, Barrage Road, Baikunthpur, Kanpur","26.55200869999999","80.2527812","true"
"ChIJqTCsMwk3nDkRyzDakSDVV3E","Hindustan Petroleum Corporation Limited","Gat No 360, Bithoor Road, Singhpur, Kanpur","26.5539163","80.26146770000001","true"
"ChIJS8xSu4g3nDkRhQ6r_CSR85k","Sainik filling station","F7P4+CJH, Awas Vikas Ambedkar Puram, Kalyanpur, Kanpur","26.48606","80.2566166","true"
"ChIJNecYAAA3nDkR_sWRerEWhCg","SRN Petroliam","H736+QVR, Gambhirpur Kachhar","26.5541157","80.2619287","true"
"ChIJB0NPbWI3nDkRjYFHqd9o_84","IndianOil","near Yash Kothari Hospital, Ganga Bairaj to Mandhana Tiraha, near Yash Kothari Hospital, Gambhirpur Kachhar","26.55338859999999","80.25036279999999","true"
"ChIJ-y2pmrg3nDkR3zfNQe1kLiQ","Bharat Petroleum","India","26.486631","80.2467989",""
"ChIJX3NDgpE3nDkRvXX2SZjxdVk","AP Petrol Pump","LPR-13, Vijay Nagar - Kalyanpur Road, Nr Brahmdev Chauraha, Keshavpuram, Kanpur","26.4840236","80.2694007","true"
"ChIJs7NZpPM3nDkRjqQ0sIs0RKg","IndianOil","Mohanpur Sadar Panki, Keshavpuram, Kanpur","26.48362","80.27008099999999","true"
"ChIJE6fOqY45nDkRJSBpBiabjxk","Hindustan Petroleum Corporation Limited","Gata No 660/MI, Plot No 71 & 72, Mainawati Marg, Bangar, Khyora, Kanpur","26.506165","80.3003817","true"
"ChIJBdwr6Lw3nDkR0mpdLTvBniY","Kalyanpur Petrol Pump","Plot No: 243, Panki Road, Kalyanpur, Kanpur","26.4851895","80.2473325","true"
"ChIJZxplfGc3nDkRrVffjWXiIfE","Hindustan Petroleum Pump","872, Mohisinpur, Panki - Kalyanpur Road, Awas Vikas 3, Kanpur","26.4843861","80.2487094","true"
"ChIJd677NMc3nDkR21GlMUVUzGc","Avas Vikas HP Petrol Pump","Panki - Kalyanpur Road, Awas Vikas Ambedkar Puram, Avas Vikas lll, Kalyanpur, Kanpur","26.4843666","80.2487289","true"
"ChIJ0_WpOUU3nDkRk9vI_X67PR8","QUALITY FUELS","QUALITY FUEL, Kanpur","26.4815867","80.2638352","true"
"ChIJqxmS28o3nDkRtNlOT3Bd0Ig","Hindustan Petroleum Corporation Limited","Plot No ML/N/23 & ML/N/24 Kanpur Sadar, Keshavpuram, Kalyanpur, Kanpur","26.4814356","80.2741297","true"
"ChIJ3e1ZUAA3nDkRCU6bgCnJmUQ","Hindustan Petroleum Corporation Limited","Ground Floor, Aligarh - Kanpur Road, Bagdodhi Kachhar, Kannauj","26.545338","80.226509","true"
"ChIJp47GGwA3nDkRNu9Xh6-bjQw","NAYARA PETEOL PUMP (PRAKASH MOTORS)","F7JG+CJP, Keshavpuram, Kalyanpur, Kanpur","26.4810776","80.27658459999999","true"
"ChIJH6Tj9B04nDkRFolRFm-3d0M","IndianOil","N4, Yojana, Plot No Ml/N32 & Ml, Kalyanpur - Vijay Nagar Road, Keshavpuram, Rawatpur, Kanpur","26.4807664","80.2773509","true"
"ChIJc3L-eAA3nDkREdkP3SVPRzM","Billaur(Kanpur Nagar)","1490, Awas Vikas Colony, Kalyanpur, Kanpur","26.480165","80.24807",""
"ChIJKxr0UQA3nDkR5xGezRXnMjA","नीलकंठेश्वर मंदिर","G6C7+6F3, Lodhar","26.52050569999999","80.2136567",""
"ChIJRdIRKgA3nDkRL8r0LpeTKKM","Shri Radhe Krishna Auto centre","ELDECO Green City, Kalyanpur Shiwali Marg, Naurangabad","26.5033823","80.2165863",""
"ChIJm6NjJFk2nDkRbLuX4H7HcSs","Bharat Petroleum","G638+FHR, Kalyanpur Shiwali Marg, ELDECO Green City, Naurangabad","26.5037398","80.21638920000001",""
"ChIJK_IBdQA3nDkR1n7qlLWx-7E","Shri om petroleum","438, New Shivli Road, Kalyanpur, Kanpur","26.5037884","80.2163154","true"
"ChIJ61bpFwA3nDkRwVrIUrd2W-4","BHARAT PETROLEUM -SHRI BABA BRMHDEO FUEL STATION","Lodhar","26.5185089","80.2120674","true"
"ChIJjQn-cL45nDkRZnom9anSzLg","IndianOil","Gata No 700, 2, Ganga Bairage Road, Sanni","26.5305971","80.33489949999999","true"
"ChIJkfFAlvg5nDkR9f6G-DrsUns","IndianOil","61, MILZIMLA JYORA, Nawabganj, Kanpur","26.5018942","80.31317240000001","true"
"ChIJW58YLlw5nDkRk-MLRUFLS2A","RICHHAPAL Enterprises","Kanpur","26.501896","80.3102111",""
"ChIJJ0LIFuE5nDkRM6xeDQrW07o","H.P Petrol Pump","Nawabganj, Kanpur","26.501938","80.3101655",""
"ChIJb_9w_FQ5nDkRNJY2ZxZqUok","Bharat Petrol Pump","Relwe, Rod, Nawabganj, Kanpur","26.5019379","80.3101654",""
"ChIJ00XUIQA5nDkRuCTVoiiU7nM","Battery station","F8W6+MC8, Vishnu Puri, Kanpur","26.4966621","80.3110657",""
"ChIJKRWnkKY5nDkRl_01TCr3AqQ","Bharat Petroleum, Petrol Pump -Rajiv Motors Tilak Nagar","Tilak Nagar, Kanpur","26.49093629999999","80.31833519999999","true"
"ChIJfYi31T05nDkRzxIBwOUIpfs","IndianOil","Ground Floor, Parbati, Parwati Bagla Road, Tilak Nagar, Kanpur","26.4909174","80.3183313",""
"ChIJt2Q4HYI5nDkR2eK4JFE1IRQ","IndianOil","Ground Floor Sikandarpur, Pipri","26.5355988","80.3626024","true"
"ChIJsapO8F04nDkRHsC2gopWgm4","Reliance Industries Limited","near Company Bagh Chauraha, 8, Agricultural College Lane, Chandra Shekhar Azad University of Agriculture and, Nawabganj, Kanpur","26.4919202","80.3150641","true"
"ChIJB1QJL2A4nDkR7anHRIHxeXk","IndianOil","7/103A, Swaroop Nagar, Tilak Nagar, Kanpur","26.4886084","80.3209117","true"
"ChIJmbVHZok4nDkRT3-gwWgQ3LM","PRratap Petrol Pumpi","10, Ratan ,ffCcfminShanti, 443, James Princep Street, Khalasi Line, Tilak Nagar, Kanpur","26.4854884","80.326216",""
"ChIJiUlyzJs4nDkRnVCoiQ8Y_V8","Hindustan Petroleum Corporation Limited","14/89A, Chunni Ganj, Kanpur","26.477301","80.336901","true"
"ChIJ7w91KB0_nDkRyd5YTwkl8yE","Bharat Petroleum, Petrol Pump -Hind Service Station","LHS SKLJ,SH-58,UNNAO, Unnao","26.5493568","80.366879",""
"ChIJF0bB8pc5nDkRGaggdDEs9rE","Hindustan Petroleum Corporation Limited","No 96/6, MG Road, Chunni Ganj, Sadra","26.4768962","80.3367184","true"
"ChIJv6_hdW84nDkRKPCZflnIHew","Anand Shubh Dham","Anand Subh Dham,Plot no.7/213,Swarup Nagar","26.4815004","80.3091151",""
"ChIJ9SmF09U5nDkRm8DuZiVKSKc","Ashoka Motors","Infront of Post-Mortem house, 113/38 Ashoka Motors Petrol pump, Swaroop Nagar, Kanpur","26.47929299999999","80.3133753","true"
"ChIJo1YPSQA7nDkRpYykO5Nse8o","Sumit","H87P+MX, Gangauli","26.5642267","80.3374698",""
"ChIJBUvc-VE5nDkR4qo3xzM9f2Q","Uberoi Petrol Pump (BPCL)","Anand Bazar, Kanpur","26.4795606","80.30946209999999","true"
"ChIJyyBwUGw4nDkR98pJv-2nNaI","Bharat Petroleum, Petrol Pump -Gt Motors","GT రోడ్డు, Rawat Pur","26.4794887","80.30939819999999","true"
"ChIJ3y7SfQA5nDkRFHAnxAs_d3o","Shivam Fuels","F8J2+VMC, Gutaiya, Kanpur","26.4821908","80.3016366","true"
"ChIJaw9bJwA5nDkRoS1RqF7y_YU","Rawatpur crossing","F8J2+H26, Rawat Pur, Kanpur","26.481417","80.30002999999999",""
"ChIJPTq7tfA5nDkRPG9Vk_7K6jw","Bharat Petroleum, Petrol Pump -Premier Automobiles 80 Ft Rd","80 Feet Road, Kanpur","26.4724572","80.32178859999999","true"
"ChIJz0nuOHk4nDkRfggrkD6U2EY","Hindustan Petroleum Corporation Limited","No 111A/13A, Ashok Nagar, Kanpur","26.470801","80.315001","true"
"ChIJG5OCLHk4nDkRehHCZnnrqOo","Bharat Petroleum Petrol Pump","111A, 10, GT రోడ్డు, Gumti No.5, Ashok Nagar, Harsh Nagar, Kanpur","26.4703649","80.3157212",""
"ChIJ-0f7J9M_nDkRGcMNOyuMd8E","Bharat Petroleum","GCCW+VPC, Akrampur, Unnao","26.5221886","80.4467645",""
"ChIJmw-GOmcVnDkRyS_3NpV3YPQ","Highway Truck Service Station Bharat Petroleum","Shekhpur Nari, NH-25, Kanpur Road, Unnao","26.5023277","80.46146039999999","true"
"ChIJK8P2SZYVnDkRun2UOTL1Y3o","Nayra Oil Petrol Pump - Tiwari Brother's","Sharda Nahar, SH-58, Lucknow Road, Unnao, Unnao","26.5396534","80.4757889","true"
"ChIJjTF06A0VnDkRxCQziG1M_jk","Padam Service Station","Gadan Khera,By Pass Road, National Highway 27, Unnao","26.5148464","80.48198819999999","true"
"ChIJs1QNmG0_nDkRMDh6B_9zy9Q","Bharat Petroleum, Petrol Pump -Chaturbhuj Filling Centre","AKRAMPUR,UNNAO, Unnao","26.53556099999999","80.4254572",""
"ChIJvSqyKNM_nDkRPaDj58wmPk8","CUGL CNG Filling Station unnao","Unnao","26.5222043","80.4468855","true"
"ChIJxWbaqBk_nDkRfaj6wTTZkiI","Sanskar filling station","HC56+W63, Unnamed Road, Chilaula","26.5597544","80.4105445","true"
"ChIJmdtMpCw-nDkRsemRlAkugNQ","IndianOil","Lock No 21001, 11069/11063/13027, Akrampur, Achalganj","26.524044","80.448854","true"
"ChIJXd77A_0_nDkRspN2EBH23Nk","IndianOil","Gata No 474 471, Sarosi","26.564217","80.39592909999999","true"
"ChIJd5nablgVnDkRC3jIkJmjlG8","Kumar Filling Station Indian Oil Petrol Pump","Leather Park, NH-25, Kanpur Road, Unnao","26.4904","80.4559","true"
"ChIJeSdtfCw_nDkRtxld_dN9pWI","IndianOil","Lock No 12069, 22061, Bypass Road, Gahira","26.4870189","80.45414679999999","true"
"ChIJl1x20W8VnDkR5RNTb4Oylok","Azad petroleum","216,Singrosi NH-25, Kanpur-Lucknow, National Highway, Unnao","26.51218649999999","80.4684132","true"
"ChIJVxDLYAAVnDkRkJ13Ni6CXRw","Adhoc tripathi filling center","near zee school, 216, near zee school, Singrosi, Unnao","26.512162","80.4684369",""
"ChIJaXNWLIUVnDkRcq9p4_Flxbw","Bharat Petrol Pump","GFP9+276, Kanpur - Lucknow Road, Lok Nagar, Unnao","26.5350464","80.4681274",""
"ChIJcTWz2hwVnDkRAGtQtZnN904","Central Up Gas Limited CNG Station","National Highway 27, Deeh","26.5140378","80.4757291","true"
"ChIJMQabOfMVnDkR11PwC-P_CK0","Bharat Petroleum, Petrol Pump -Padam Service Station","ACHALGANJ,NH-25,UNNAO, Unnao","26.5401019","80.4725589",""
"ChIJG4XshaIVnDkRrp5DxaAxy1M","Bharat Petroleum+CNG","94, Hiran Nagar, Unnao","26.534162","80.4777792","true"
"ChIJtygGcwIVnDkRrtbRhjN-2s0","Hindustan Petroleum Corporation Limited","Ground Floor, Kanpur - Lucknow Road, Gandhinagar, Unnao","26.539948","80.476303","true"
"ChIJ385L_ssVnDkRGbE7Vl-57Vo","Shyam Savitri Energy Station","near Unique Resort, Lok Nagar, Unnao","26.5507275","80.4718486","true"
"ChIJGe5RQ70VnDkRmPSXhCCNkAw","Tripathi Filling Station Indian Oil Petrol Pump","25, Unnao - Raebareli Road, Ab Nagar, Unnao","26.5377785","80.4778668",""
"ChIJOYq3lsg9nDkRlKbEfs_NBJw","Bharat Petroleum, Petrol Pump -Unnao Distilleries & Breweries Ltd","58, Unnao - Raebareli Road, Hiran Nagar, Unnao","26.5903018","80.4027989",""