place_id,name,address,latitude,longitude,open_now
"ChIJj8wmfCznDDkRwolyPG5mDPA","IndianOil","Road, Lakkarpur, Surajkund, Faridabad","28.4864747","77.2897022","true"
"ChIJW7mgTzfdDDkRuiQJ86oCGGA","Bharat Petroleum, Petrol Pump -Nahar Fuels","SURAJKUND , BADKAL RD,FARI, Faridabad","28.4838233","77.28938099999999","true"
"ChIJuw3xNZfdDDkRPzf570js2E4","IndianOil","Ground Floor, Sector 29, Faridabad","28.4318694","77.3197467","true"
"ChIJQenfM7DdDDkRUUw2SPfEWy8","HP Petrol Pump","C879+2W2, Pandit Krishan Dutt Marg, HUDA Staff Colony, Sector 16, Faridabad","28.4125038","77.31977289999999",""
"ChIJM0sCqAfdDDkRMTnZwv__KyU","Bharat Petroleum Petrol Pump And Adani CNG Station","TIGAON ROAD, Sector 87, Old Faridabad","28.4146398","77.3344615",""
"ChIJ47Qo4rXdDDkROPo-3i2paOM","CNG Pump","6 Mathura Road, National Highway 2, Sector 16A, Faridabad","28.4084331","77.3107947",""
"ChIJbWXh0LbmDDkRbTxkyHFyxsw","Hindustan Petroleum Corporation Limited","Ground Floor, Mathura Road, Madanpur Khadar, New Delhi","28.5209442","77.2947593","true"
"ChIJC4Y1D__cDDkRTQ9HigH0tKM","Bharat Petroleum","Sector 14, Faridabad","28.4016971","77.33440399999999",""
"ChIJFelYnHneDDkRk4K3uCHQF6o","Petrol Pump","Badkhal Village, Faridabad","28.4087876","77.281927",""
"ChIJ83qbOUrcDDkRIi9ZoFemgZs","IndianOil","opposite Crown Plaza, 18/1, NH-19, Faridabad","28.3981091","77.3114682","true"
"ChIJa0ixUHznDDkRPnWKhkWHNYQ","Ramkumar Gas Agency","F83F+9M4, Dheeraj Nagar, Aitmadpur, Faridabad","28.453392","77.324214",""
"ChIJl6nHPwznDDkRxStuaHItshQ","IndianOil","Kalindi Kunj Road, Sehatpur, Kheri","28.4775069","77.3252149","true"
"ChIJtUo3cQDnDDkRHXNLNtCiOVU","Nitai das","Geetha die 8HG+74P, Chetan Market, Saraswati Colony, Sehatpur, Faridabad","28.4781717","77.32532669999999",""
"ChIJYzr8eafnDDkRwDqnCIQtIWs","Nayara Petrol Pump","Sector 37, Faridabad","28.4797477","77.31537089999999","true"
"ChIJR8XA3rrnDDkRs9KYTmgkwxI","Md Islam","JIVA DESIGNS PVT LTD, Mathura Road, Faridabad","28.4787015","77.30688169999999",""
"ChIJURHD6KLnDDkRG-xyyHbVjWM","Jkm Bharat Gas","Phase 3, Shop No, near Kushi Public School, 1, Main Surya Vihar Road, Sector 91, Faridabad","28.4765554","77.3422081","true"
"ChIJ8wROj3XdDDkRpLbepkwsDbk","Adani Gas CNG Station","Bypass Road, Aitmadpur, Sector 33, Faridabad","28.4431142","77.322614",""
"ChIJ_1BXdyHhDDkRaObQaK_e_AY","Kishan Tempo Service","63/2, C Block Road, Pocket B, Okhla Phase I, Saidabad, New Delhi","28.4875153","77.3131624","true"
"ChIJ03akNiLnDDkRhLZueFBwAoU","पूजा आटो","F8P4+WQ9, बाई पास रोड, अनंगपुर डेरी, सेक्टर-37, बॉर्डर, फरीदाबाद","28.4872899","77.3069843",""
"ChIJK81DZ_PdDDkRK4YtIsRP8x8","Bharat Petroleum, Petrol Pump -Usha Highway Filling Station","pocket b, Mewla Maharajpur, NH 2, 78, NH-19, Sector 27/A, Faridabad","28.4421969","77.3079245","true"
"ChIJh5Y2SgDnDDkR2Nm82jjN1Sk","Bharat Petroleum","242, Block A, Islampur, Ismailpur, Faridabad","28.4895036","77.33661769999999","true"
"ChIJ6egA9CPnDDkR4HKf7QAW1YI","Bharat Petroleum, Petrol Pump -Auto Rest","Badarpur, New Delhi","28.4895462","77.304754","true"
"ChIJZxsIrdjmDDkReQ2fIBWp6wU","Hindustan Petroleum Corporation Limited","Km Stone 18, Ground Floor, Delhi Mathura Road Road NH 19, Badarpur, New Delhi","28.4943901","77.30372009999999","true"
"ChIJ4QJLjJ3dDDkR2o4nJjbARB4","Pramod Motors","nayara petrol pump, Bypass road, sector-37, Faridabad","28.43253529999999","77.32781179999999","true"
"ChIJvc8SI9vmDDkROqlI1IZA8S4","Indraprastha Gas Limited CNG Station","11, NATHU MAL AHUJA & SONS, C/o, NH-19, Badarpur, New Delhi","28.495913","77.303206",""
"ChIJD1DImOPmDDkRYGgMfK9GVMU","J.P Oil Company","near Meethapur, Shop No 18, Nagar Market, Molarband Schol Road, Meethapur Extension, Badarpur, Om Nagar, Harsh Vihar, New, near Meethapur, Chowk, New Delhi","28.4995772","77.3176819","true"
"ChIJZdp3myjnDDkReP3mU6Puxb8","Sun Filling Station","opposite Surajkund Fair Ground, Lakkarpur Village,Near Charmwood Colony Surajkund,Badkhal, opposite Surajkund Fair Ground, Road, Surajkund, New Delhi","28.48649129999999","77.2896671","true"
"ChIJbSfvf2jnDDkRDBXse0po3Fc","Aarushi Oil Company","03, Tanki Road, New Delhi","28.5002361","77.3269409",""
"ChIJq4apJgDdDDkRxiYF3KgjwmY","BABA MOHAN RAM FILLING STATION","C8JQ+637, Jeevan Nagar, Sector 87, Neharpar Faridabad, Faridabad","28.43055","77.3376731",""
"ChIJn5LQTNrmDDkRoh2gXC3SBwg","Kalka Auto Gas","Opp. Pillar No. 22, Badarpur Flyover, Badarpur Village, Badarpur, New Delhi","28.501272","77.300811",""
"ChIJ___vWZXdDDkRn11_lBAxBpU","IndianOil","near Factory Area, 15/7, Mathura Road, Faridabad","28.426006","77.309883","true"
"ChIJhTRDGgHeDDkRzqCqJbwDT5I","IndianOil","Ground Floor, Sector 44/47, Bhaskola, Faridabad","28.440293","77.2842574","true"
"ChIJgUq7QbbdDDkR8shk84eZqZw","IndianOil","16/1, NH-19, Factory Area, Faridabad","28.4248095","77.30946809999999","true"
"ChIJySIZjTTnDDkRIAtyPMLJySE","Momo Point","C-102/5, Basantpur Colony, Faridabad","28.5054947","77.3392748",""
"ChIJx9YjQQDdDDkR36Lywpu5NG8","BPCL Shiv Bhole filling station","30/21, Sector 18, Hanuman Nagar, Sector 87, Neharpar Faridabad, Faridabad","28.4287529","77.3482695",""
"ChIJgQnvbGvnDDkRb1G5wEeafNg","CNG filling station","101, Block B, Vishwakarma Colony, Pul Pehladpur, New Delhi","28.4992442","77.287812",""
"ChIJC8u_WwevJzoRof7u28DyIZY","Indraprastha Gas Limited CNG Station","KISHORE & CO, near Surajkund Crossing, C/o, Mehrauli Badarpur Road, Pul Prahladpur, New Delhi","28.5011936","77.2889677","true"
"ChIJi8B3_tLmDDkREoqign9VxnA","IndianOIl","Lock Id No, I338, Mehrauli Badarpur Road, New Delhi","28.5012567","77.28886419999999",""
"ChIJGbzkC-HdDDkRdytuevK1Y_4","IndianOil","Suraj, Ganapati Motors Petrol Pump, Badhkal, Kund Road, Sector 21C, Faridabad","28.427536","77.2895185","true"
"ChIJGfAAGwDdDDkRSz2gumDWXEA","IndianOil","Ground Floor, Sector 88, Faridabad","28.429","77.3553","true"
"ChIJB3s877jdDDkRsoyIagVOFwk","Pragati Cnc Solutions","Shyam Baba Market, New Delhi","28.4180934","77.3115001","true"
"ChIJDQ6_YLjdDDkRovjg9Wfs028","Naveen Oil And Gas Co","16-Jun, Old Chowk, New Delhi","28.4167728","77.3109597","true"
"ChIJK2ci7i3hDDkRCtP9hDZo0z0","Indraprastha Gas Limited CNG Station","Mehrauli Badarpur Road, Lal Kuan, New Delhi","28.50293259999999","77.2808146","true"
"ChIJi227YWvhDDkRpbXgs3xki1o","Auto Grit bharat petrol pump","M.B. Road, Lal Kuan, New Delhi","28.5031158","77.28080729999999","true"
"ChIJNznh0LfdDDkRgn24KrjkHO0","IndianOil","No 17/1 Milestone, Mathura Road, Faridabad","28.41072309999999","77.3105459","true"
"ChIJycYd-qndDDkRJIie5wrjYtU","IndianOil","Bypass Road, Sector 17, Faridabad","28.4106299","77.3322582","true"
"ChIJH6kNYPDnDDkR4X1JiMOxdB8","Bharat Petroleum","Wish Town Klassic, Jaypee, Near, Jaypee Hospital Road, Asgerpur, Sector 133, Noida","28.5058035","77.3654048","true"
"ChIJp7AXXQDdDDkR4fkMOu_pXXI","PSO Al Rehman","Faratabad Khawazakhela Swat","28.4089123","77.3177894",""
"ChIJ788Co3jdDDkR9xYexGKhqd4","Kissan Petrolium","C859+H47, Faridabad","28.4089123","77.3177894",""
"ChIJcatH_QHkDDkR56SyHoQdmOg","Hindustan Petroleum Corporation Limited","ground floor, Sarita Vihar, Jasola, New Delhi","28.5215053","77.30551249999999","true"
"ChIJk8CbCrbdDDkRhqaBz-Qu4Io","Adani Gas Ltd","18, Mathura Road, Sector 16A","28.408433","77.310786",""
"ChIJyYJxdXbeDDkRZUXfSJe-BWQ","IndianOil","Badkhal Road, Ankheer, Faridabad","28.4170862","77.2847822","true"
"ChIJO9RBTyPdDDkRmN6ctAqMDNI","Bharat Petroleum Petrol Pump , NARWAT FILLING STATION","ON KHERI MAJHAWALI ROADVILLAGE, Kheri Kalan, Faridabad","28.41805","77.360011","true"
"ChIJy0ye2bbmDDkRThgP1M3BHCw","Indraprastha Gas Limited CNG Station","Delhi Metro Housing Complex, Block B, Ali Extension, Ali, New Delhi","28.5209081","77.29487619999999","true"
"ChIJ5ww7w3feDDkRVRL7HpU5PJc","IndianOil","Haryana Tourism Corp Ltd, Badkhal Lake","28.4136199","77.2856868","true"
"ChIJy6gIJm3nDDkRS5JIUf53Wxw","CNG and Petrol pump","G93H+P4, Sector 133, Noida","28.5043275","77.3769587","true"
"ChIJyfUyHVTnDDkRDMNgpqakaGA","IndianOil","J Jaypee, Wish Town Klassic, No C1, Sector 133, Noida","28.5041953","77.377276","true"
"ChIJJT36GQDnDDkRaUGYYwml3jQ","Treasure Cave Vyapar","405, D Block Road, JJ Colony, Madanpur Khadar, New Delhi","28.5310173","77.31600519999999",""
"ChIJPc1zvQjhDDkRwVihwnZE_bM","Bharat Petroleum, Petrol cum CNG Pump -JFJ Motors","Okhla, New Delhi","28.523316","77.2815151","true"
"ChIJpy-zQgDpDDkRdA5eVQ5UE20","PUC","On the way, Noida","28.5034396","77.385583",""
"ChIJgUixCdnCDDkRFC7Uj0XRZAw","IndianOil","Ground Floor Nacholi, Road, Kheri","28.414481","77.3926721","true"
"ChIJ44C_5rroDDkRGwJTnvYJ8b8","Hindustan Petroleum Corporation Limited","Ground Floor, near IGL Station, Bhangel Road, Noida","28.5341445","77.3914508","true"
"ChIJy5-CAhnmDDkRdcCZoHfKqV4","Indraprastha Gas Limited CNG Station","G9GC+C4F, Service Lane, Noida Gr, Noida-Greater Noida Expressway, Sector 105, Noida","28.5260608","77.3703037","true"
"ChIJuUorAwHlDDkRbXCmadOZXiI","Indraprastha Gas Limited CNG Station","Near Advant Building, Sector 142, Noida","28.4996109","77.41211299999999","true"
"ChIJ8be-nLvpDDkRzMzZvN9lzhg","HMEL Petrol Pump - Sector 137","PP-01, Paras Tierea, Sector 137, Noida","28.5040109","77.4108397","true"
"ChIJb96DLQbDDDkR_C4xoIahRAs","Hindustan Petroleum Corporation Limited","No 18/2, Kila, Khewat No 266, Khatoni No 424 Rect No 40, Nacholi","28.412889","77.399472","true"
"ChIJV-98lWbnDDkRPTJ4skySn2Y","Petrol Pump HMEL 108","PP-01, Sector 108, Noida","28.5237653","77.3731821","true"
"ChIJYcddrBDmDDkR7H4D_wxBP6s","IndianOil","G9M8+565, No PP/1, Noida-Greater Noida Expressway, Sector 105, Noida","28.5284837","77.3662725","true"
"ChIJxcmaYwDpDDkRUGLkdX_f-fs","CNG pump","Bhangel Road, Sector 82, Noida","28.5344683","77.3912945",""
"ChIJ0SlveQDpDDkRrPZmA8Zw8oo","BP -GNA Sector 20","G9PR+6C2, Noida","28.5355161","77.3910265",""
"ChIJK4c3_sboDDkRwio-QS8zjl8","IndianOil","Green Belt, P2, DSC Road, Hosiery Complex, Block B, Phase-2, Noida","28.5348657","77.4043162","true"
"ChIJd6ee4PPnDDkRKvj6ZVOUdQ4","Paras Fuels","Plot Flat No. PP-1, Block A, Sector 105, Noida","28.5329683","77.3642715","true"
"ChIJfehSG9fBDDkRiocsWoyAHg4","Bharat Petroleum Fuel Station","EXPRESS WAY, 6th Lane, Sigma III, Greater Noida","28.4628079","77.5065831","true"
"ChIJV3QIwrnBDDkR6n5H1mOvoKI","Hindustan Petroleum Corporation Limited","Ground Floor, near Yamuna Expressway, Sadar, Chuharpur Khadar","28.4406183","77.5026254","true"
"ChIJ79trftTrDDkRXIIooki714c","IndianOil","DSC Road, Surajpur, Noida","28.512979","77.475674","true"
"ChIJuXeyTWTpDDkRZck2rigzX9I","Bharat Petroleum","GFF6+HQR, Lakhnawali, Greater Noida","28.5239996","77.4618822","true"
"ChIJbSueoIXqDDkR9qr3savfXZc","IndianOil","Sector Delta 1, Metro Station-Knowledge Park 2, No PP 1, near Aqual Line, Greater Noida","28.47835739999999","77.5247303","true"
"ChIJ5-RZ7GnpDDkRpaGU2s1DKTI","Bharat Petroleum","Udyog Kendra, Suthiyana, Dadari Road, Sector - 106, surajpur, Noida","28.5293179","77.45433729999999","true"
"ChIJw7cGgYrqDDkRyhyBY8L1Fug","Indraprastha Gas Limited CNG Station","Plot - 1, Beta 2, G B, Nagarbeta 2, Greater Noida","28.4881855","77.51622739999999","true"
"ChIJ1zAv0-rrDDkRVYqQcigiaGA","Blue Planet Integrated Waste Management Facility","FFGJ+97H, Knowledge Park III, Greater Noida","28.475929","77.4807469","true"
"ChIJLwdJDADrDDkRVendmY1-T9E","IGL CNG STATION -KNOWLEDGE PARK 3","FFGJ+MW2 DRONACHARYA GROUP OF INSTITUTIONS, Knowledge Park III, Greater Noida, Uttar Pradesh 201310 GRETER, Noida","28.4765156","77.48240980000001","true"
"ChIJ0X62yl7BDDkRbUmqz82usbw","Satsav Filling Station","CFVH+7VR, Shafipur Road, Sector 152, Noida","28.4432389","77.4796284","true"
"ChIJ3UflFJXBDDkRiYCfVUHZ_Sk","AASHIK PHOTOGRAPHY","Tugalpur Main Market Road, Tugalpur, Greater Noida","28.4652364","77.50362679999999",""
"ChIJrV46QV_rDDkRhLsgBKpMDVI","IndianOil","opposite Moser Baer, Plot No 41, Surajpur Kasna Road, Udyog Vihar, Noida","28.4963987","77.4865794","true"
"ChIJW655-dfBDDkRzmISUvnsooE","Sai Vinay Bharat Gas","NCR Region, 3, Tugalpur Market, Park, Greater Noida","28.4664346","77.5046764","true"
"ChIJ76AHvkbBDDkRWn4EQZLqWPI","Chimkandi","Pari Chowk, 27 A, Pari Chowk, Greater Noida","28.4603459","77.5045213",""
"ChIJzfKBpdfBDDkRQge_IaqjSSY","Siddh Laxmi Hp Gas","1, Tugalpur, Greator Noida","28.4645997","77.5067405",""
"ChIJa6E9e9_rDDkRjJI95Ku6zOk","Shifa Health Care Clinic&Medical store","Greater Noida, Petrol pump, ke samne State Bank, near Madina Masjid, wali gali, Tahsil, Village surajpur, Noida","28.5116201","77.47528679999999","true"
"ChIJKzPKdNbrDDkRaKOmAtLAY4o","ALI AUTO GAS","Gautam Buddh Nagar, 1, Surajpur Greater Noida, NCR, Region","28.5156216","77.4716501","true"
"ChIJs5I0-UvqDDkRVmaKIFWicAo","Dr Pandian Ehno Oil","GF4X+PC5, Block A, UPSIDC Site B, Surajpur, Greater Noida","28.506757","77.4986234",""
"ChIJnXBhCDLADDkR33sDynjqo9c","Hindustan Petroleum Corporation Limited","Ground Floor, Block-B, Gol Chakkar, near Golf Course, PHI 3, Noida","28.45670709999999","77.521103",""
"ChIJR7VFPNTrDDkRNp0MVNF3BSM","Beta 2 cng pump","FGQ8+7G2, Unnamed Road, Block I, Beta II, Greater Noida","28.48814329999999","77.5162699","true"
"ChIJp_66aADrDDkRjmtFS2GKLSU","Puc canter","SLC-7, Block A, Delta I, Greater Noida","28.4782397","77.52461029999999","true"
"ChIJQQQTagDrDDkRRD_Ef4fyiLA","Puc canter","FGHF+7X4, Block A, Delta I, Greater Noida","28.4781296","77.5249683",""
"ChIJWaFCcgDBDDkRJ1pNZ2xO_yM","Global Oorja Fuel Station","1377, Block C, Phi III, Greater Noida","28.4514975","77.5248876",""
"ChIJQ8hFBgDBDDkRTTW5wk1cCPo","Indian Oil","FG2G+J3V, Kasna Road, Block B, Phi III, Greater Noida","28.4516092","77.52515679999999","true"
"ChIJSQdBm2nrDDkRkSuj8W0lsxA","IndianOil","PP 1 Sector, Delta 1, Greater Noida","28.47836899999999","77.525576","true"
"ChIJecssNTfADDkRiwEcTm3O5Sg","Hindustan Petroleum Corporation Limited","No A1 Site, 4, Industrial Area, Noida","28.451719","77.526039","true"
"ChIJU_qjymXpDDkRbyN3aY72lw4","Indraprastha Gas Limited CNG Station","CRPF Camp, Grrater, Noida","28.5246919","77.461434","true"
"ChIJZ1oP0hDBDDkRknN0C_tHgNg","CNG and Petrol pump","Venice Mall, Block C, Industrial Area, Surajpur Site 4, Greater Noida","28.4512458","77.5264716",""
"ChIJPyIla4vBDDkRbh3o8MA8ISE","Bharat petroleum","CGG7+V2J, Cassia Fistula Estate, Chi IV, Greater Noida","28.4272041","77.5125267","true"
"ChIJ2XymfYjpDDkRSnKSbjjcLLQ","D S Enterprises","HDFC bank wali, Ds Enterprises Plot No 25 Road, gali bhari road, UPSIDC Site A, Surajpur, Greater Noida","28.5251429","77.46876309999999",""
"ChIJ4bzGGYjBDDkR_BuX6hWBytU","IndianOil","near ITBP Society, Plot No PP 01, Eldeco Green Meadows, Greater Noida","28.4660809","77.533472","true"
"ChIJu16nMwDpDDkR1JddTSyiL0o","IGL CNG PUMP","GFH3+MWM, Suthiyana, Noida","28.529204","77.454797",""
"ChIJW3EZJcXpDDkR9mfVwmmE8nE","IndianOil","near Narayan Chowk, Dadri, near Narayan Chowk, Ecotech III, Habibpur","28.5292953","77.4544208","true"
"ChIJZb2qlWnpDDkROSsyNCuXdg4","Ch.Keshram Shyamo Auto Fuels","Suthiyana, Noida","28.5293298","77.45438539999999","true"
"ChIJ_wVW5rAlDTkReehSuWKrt5A","IndianOil","Opposite Holland Tractor Factory, Dadri Main Road, Udyog Kendra 1","28.530442","77.4541026","true"
"ChIJpY2FyC_pDDkRvb9_DyP-tO8","IndianOil","near Holland Tractor, Dsc Sector-40-41 Road, Udyog Vihar, Noida","28.53056","77.45342","true"
"ChIJoY6qDLPpDDkRIXnxKntrM4Y","Ishwar Filling Station","Plot No.1, HF-1, Ecotech III, Greater Noida","28.532582","77.453915","true"
"ChIJbcHZCI_pDDkRJkgKduwyQ6c","Bharat Petroleum, Petrol Pump -Subash Automobiles","OPP. LAXMAN SYLVENIA,GREAT, GAUTAM BUDH NAGAR","28.532188","77.44844549999999","true"
"ChIJlZJZ27jrDDkRqfDs-zXw2kE","Deepak Kumar Saxena","Shop No 90, Surajpur, Greater Noida","28.5168734","77.51241639999999",""
"ChIJ_WepTUHpDDkRinCUfsZdg34","Vansh Gas Repaire Centre","NCR Region, 6, Habipur, Road, Chauganpur, Ecotech III, Greater Noida","28.5363113","77.4521156",""
"ChIJx7wI7ADrDDkR-O_vQYabk-w","Hindustan Petroleum Corporation Limited","&, No PP/1, Eta II, Rasoolpur Rai","28.4930597","77.5362344","true"
"ChIJBWxgRcnlDDkRxdOFU0izCZ0","new auto india","sheetal petrol pump, Sector 44, Noida","28.5611942","77.338926","true"
"ChIJT1RVVcniDDkRysNqdbusStc","Moksh Promotions Limited – Petrol Pump Ads & Outdoor Branding","phase -2 2nd floor, D6/1, Okhla, New Delhi","28.533634","77.27399930000001","true"
"ChIJeQNIgunlDDkR22qSKh8wt_A","IndianOil","Dsc Sector-40-41 Road, Sector 41, Noida","28.5617697","77.3582541","true"
"ChIJRZURgf7lDDkR9UKnvWHx7bo","Planners Koncept","D-285, Block, 285-D, Sector 47, Noida","28.5477966","77.3652401","true"
"ChIJY8_y4lXhDDkRaPjzXvxqlzQ","Indraprastha Gas Limited CNG Station","DSIIDC, Phase II, C84, Okhla Estate Marg, Pocket C, Okhla Industrial Estate, New Delhi","28.5368934","77.28091160000001",""
"ChIJ38d3jefjDDkRolufQzKXp_U","Hindustan Petroleum Corporation Limited","Ground Floor, Metro Station, near Govindpuri, Ma Anandmayee Marg, Okhla, New Delhi","28.5458622","77.2640725","true"
"ChIJX2xbRe7jDDkR8H7vhO-SS4M","Indraprastha Gas Limited CNG Station","Mathura Road, CRRI, Okhla, New Delhi","28.5519105","77.2728431","true"
"ChIJZQTpC1_kDDkR1EvupxrRE6g","IndianOil","Plot No, Pp 1, Sector 15, Noida","28.5837595","77.3120671","true"
"ChIJGbkoi2zjDDkRQGJiqqk1VNI","Bharat Petroleum, Petrol Pump -Okhla Service Centre","Mathura Road, New Friends Colony, New Delhi","28.5632322","77.26466839999999","true"
"ChIJ5dyEl_rkDDkRvJRx9OQa05U","Delta","f 19, F-19, Sector 8, Noida","28.597278","77.3217136",""
"ChIJz0w8w3zhDDkRBeMM5iFbGOk","Bharat Petroleum Petrol Pump","Plot 1, Shaheed Suryasen Marg, Alaknanda, New Delhi","28.5311025","77.25081279999999","true"
"ChIJayqTPKPjDDkRoDr9gMshNAA","Hindustan Petroleum Corporation Limited","Ground Floor, near Ashram Chowk, NH 19, Mathura Road, New Delhi","28.5712122","77.25962969999999","true"
"ChIJSQSd6c7jDDkRNYmKMR3jEWY","Bharat Petroleum, Petrol Pump -Singh Motors","Nehru Place, New Delhi","28.55024239999999","77.247925","true"
"ChIJn6lyFZPkDDkR69369mErvCo","IGL CNG Station Chilla1","IGL CNG Station, Ghazipur Road, Mayur Vihar Phase I, Chilla 2, Trilokpuri, New Delhi","28.6017262","77.30816709999999","true"
"ChIJIZihX-TkDDkRmwqvifJASjc","Bharat Petroleum classplus","H-16/74, Dallupura Road, New Kondli, Vasundhara Enclave, New Delhi","28.6041735","77.3233951","true"
"ChIJ60bnfYXkDDkRa2484SdlOo8","Indraprastha Gas Limited CNG Station","Kirti Apartments Club Avenue Rd Opp, Mayur Place, Phase 1, Mayur Vihar, New Delhi","28.5942746","77.2981535","true"
"ChIJye5T2q3nDDkRBkGglASTu2g","Vedanti Store","Shop No-3, Madanpur Khadar, New Delhi","28.5377728","77.30114189999999","true"
"ChIJnXm0VTDkDDkRTeHzvhN9VGY","Shaheed Ramendra Pratap Singh Filling station","Mahamaya Flyover, Sector 95, Noida","28.5558376","77.3235794","true"
"ChIJQ_tG7V3lDDkRtXLt9amURhM","vidhayak jii","Shaheen Bagh, Okhla, New Delhi","28.5498896","77.2999683",""
"ChIJYc4hGwDnDDkRgH2JkUrDiwA","Indraprastha CNG gas station sarita vihar","G7QR+3CH, Pocket K, Sarita Vihar, New Delhi","28.5377083","77.2909983",""
"ChIJd7kevV_nDDkRrgp_P5Mcfh0","Sarita Service Station","Unnamed Road, Pocket K, Sarita Vihar, New Delhi","28.5374745","77.2904736","true"
"ChIJd9aXfZDlDDkR8dtAbUk9F7s","Komal Filling","H84R+6PC, Chhalera, Sector 44, Noida","28.5555737","77.34177489999999",""
"ChIJxxoVMVHnDDkRPjt_B4PeFwM","IndianOil","Lock No 358, Mathura Road, Sarita Vihar, Noida","28.537216","77.290154","true"
"ChIJ_____wbkDDkRyury3SMPXSw","IndianOil","opposite Sarita Vihar, GD Birla Marg, Pocket K, Jasola Vihar, New Delhi","28.5379771","77.2901361","true"
"ChIJsVOwHQ7kDDkRkEugQWexqos","MLIKA Service Station","H74X+54W, Kalindi Kunj Road, Abul Fazal Enclave Part 1, Part 1 Abul Fazal Enclave, Block E, Jamia Nagar, Okhla, New Delhi","28.5554881","77.29783330000001",""
"ChIJ8RDN2DfkDDkRulLiPQBQ46c","Pikz Station Of Kidzania","India","28.5644069","77.322758",""
"ChIJ37ozfOHlDDkRNaCGVykgvaA","Indraprastha Gas Limited CNG Station","Chauhan Complex, near Chauhan Market, Basement, Gali Number 1, Block D, Sector 44, Noida","28.5610203","77.339106","true"
"ChIJxRToIKbhDDkREqcHxcj_k1c","IndianOil","No 8/1, Mile Stone, NH-19, Jasola Vihar, New Delhi","28.5374009","77.28469849999999","true"
"ChIJ19Zbir_lDDkR5xbN9HZk2Ls","Bishamber Sahai & Sons","Sector 38, Noida","28.5681412","77.3256665","true"
"ChIJgwv0LADlDDkR8tdR8l_xXTI","भारत पेट्रोलपंप","H89G+82W, Maharaja Agrasen Marg, Pocket I, Sector 18, Noida","28.5683688","77.3250788",""
"ChIJRbuXg-DhDDkRW1XQyZKKorI","AK ENTERPRISES","B-74, Okhla, Pocket B, Okhla Phase I, Okhla Industrial Estate, New Delhi","28.5312735","77.2812667",""
"ChIJTROFJ_zjDDkRwzV8ozKF0wk","Hindustan Petroleum Corporation Limited","Ground Floor, NH 19, opposite Apollo Hospital, Mathura Road, Jasola Vihar, Delhi","28.5413277","77.280739","true"
"ChIJozVxHADlDDkRyuydhOyfBhA","Arsad nadvi","H77R+2GH, Okhla, New Delhi","28.5625518","77.2913729",""
"ChIJi5qCrlHhDDkR8MhaH6X2etE","Indrapratha Limited","Shop No: B, 290/2, Okhla Estate Marg, Okhla Phase I, Okhla Industrial Estate, New Delhi","28.528259","77.27823099999999","true"
"ChIJfx0K8PPjDDkRMi3ACmdf50M","LPG Refilling Center Indian and Bharat Gas","115, 115, Pocket A, Jasola Vihar, New Delhi","28.5547777","77.2810705",""
"ChIJqwfs41bhDDkRk4yFymw_Drw","Indraprastha Gas Limited CNG Station","Plot No. 3 Okhla Phase -I, Okhla Estate Marg, Okhla Phase I, Okhla, New Delhi","28.5295164","77.2730436","true"
"ChIJ37h-aVvkDDkRW0coMczBLrA","GULF LUBRICANTS","India","28.5778285","77.31557649999999",""
"ChIJeZLQSFrhDDkRhjz1lo5ANP8","Hindustan Petroleum Corporation Limited","Ground Floor, Kalindi Kunj, near Hotel Crowne Plaza, Okhla Road, Okhla Phase I, Okhla, New Delhi","28.5294708","77.2727997","true"
"ChIJWf2l0fnhDDkRAgnjZrmHGRo","IndianOil","Lock No, 555, Okhla, Okhla Industrial Estate, New Delhi","28.527416","77.27293399999999","true"
"ChIJx6ENfY3hDDkRmSAliN2L7IA","CNG Pump","G7HF+34V, Pocket A, Okhla Phase I, Okhla Industrial Estate, New Delhi","28.5277268","77.2727851",""
"ChIJrXXhYWXhDDkR5UaVWyLN5H0","Jai Sai Motors","Okhla Phase I, New Delhi","28.5286327","77.2721731",""
"ChIJ-53yke7lDDkRSDq2bj4qH7U","Hindustan Petroleum Corporation Limited","Plot No J/14B Dadri Road, Dsc Sector-40-41 Road, Sector 41, Noida","28.5613194","77.3615088","true"
"ChIJE3kH1urvDDkRRwG3ogpbNsg","Bharat Petroleum, Petrol Pump","Sector 71, Noida","28.5917657","77.3794234","true"
"ChIJkYd-FLTuDDkRG5ta0gSPXpk","Hindustan Petroleum Corporation Limited","Ground Floor, near Gautam Buddha Balak Inter College, Aimnabad, Greater Noida","28.55806389999999","77.4520254","true"
"ChIJ8aSg-7LuDDkRgegGn9fFvuY","Indraprastha Gas Limited CNG Station","KP-5, Ajit Singh Baisla Road, Knowledge Park V, Greater Noida","28.5560227","77.456201","true"
"ChIJuR0Ns3jlDDkRTcmsmBvYt4M","IndianOil","near Sai Temple, Plot No, PP1, Sector 52, Noida","28.5931729","77.3725199","true"
"ChIJjbUu-1PkDDkRZCS1xaLa-WA","Indraprastha Gas Limited CNG Station","Opp, Sai Baba Temple Road, Sector 71, Noida","28.596066","77.372654","true"
"ChIJfUZHgXXlDDkRiNXR5wHEZBA","Indraprastha Gas Limited CNG Station Sector 53 Noida","D35, Noida-Greater Noida Expressway, Gijhore, Sector 53, Noida","28.5911655","77.35860439999999","true"
"ChIJx0NxKe7lDDkRFLppq9Vxcsg","New Indian Diesel Service","near Amar Singh Palace, Dadri Main Road, Bhengal, Phase 2, Noida","28.5379964","77.3894512","true"
"ChIJgSBfLQDpDDkR84FFIY1S_OU","Urea pump","G9WQ+78C, Salarpur, Noida","28.5456897","77.3882686",""
"ChIJDy7VcADlDDkRXTTFJYvoA-w","Bharat Petrolium","park, Sector 48 Road, Block A, Sector 47, Noida","28.5520132","77.3758537","true"
"ChIJwZJmhXrpDDkREl-TFSI-9RU","IGL CNG STATION -SECTOR 88","Dadri Main Road, Block A, Sector 88, Noida","28.5346283","77.4271875","true"
"ChIJe9NFRgDvDDkR-dTX1DJTVes","Indian Oil","14, Sector 50 Block D Road, Noida","28.5692934","77.3784893",""
"ChIJ_WRbH-vxjQgRZ4oKvQ1V_-Y","ASSURE FUEL PRIVATE LIMITED","Tower A, Spectrum metro mall, 1422, Sector 75, Noida","28.57399509999999","77.37925179999999","true"
"ChIJxfEyVnTvDDkRgRHFhPEPiLw","IndianOil","Bisrakh Jalalpur, Greater Noida","28.5632826","77.4341311","true"
"ChIJL92MAAXvDDkR-ozg3WBcxa0","Shri Goverdhan - Petrol Pump","PP-01, Vishwakarma Road, Sector 72, Noida","28.58271","77.3769453","true"
"ChIJT-RGe47lDDkRRQun59jpzrg","Hindustan Petroleum Corporation Limited","Ground Floor, Sector 51, Ghaziabad","28.5774721","77.3603863","true"
"ChIJ7yCsH4flDDkR2CasRIj5b_E","Indraprastha Gas Limited CNG Station","Sector 50, Block A Road, Block E, Sector 51, Noida","28.5850169","77.3754747","true"
"ChIJlxKTW33vDDkRBWYXspHOivM","IndianOil","No PP01, Agriculture Green, near Sports City, Bisrakh Jalalpur, Noida","28.5770058","77.426598","true"
"ChIJmVGs7n_vDDkRBDFonww8aaE","Shaheed Surendrapal Filling Station","Global Indian International School, Sector 71, Noida","28.5917657","77.3794234",""
"ChIJezljVQDvDDkRp6BrwWFceKY","adhiraj","HF52+5W2, Ace City Noida Extension, Sector 1, Aimnabad, Bisrakh Jalalpur, Greater Noida","28.5578881","77.45226679999999",""
"ChIJLaxMFgDlDDkRRda3KgK7DVo","Battery change full time","E-110, E-block, Sector 52, Noida","28.59352","77.3728017",""
"ChIJX2VsMADvDDkRPfMvX9iITHA","Battery smart 🧡","H9WQ+83F, Sector 70, Noida","28.5958059","77.3876688",""
"ChIJVdQjVNPvDDkRl9VcMEQKuFE","IGL CNG STATION -KP5","Knowledge Park V, Greater Noida","28.5559985","77.456259","true"
"ChIJbU_2SwDvDDkRP0FqRHEgDBQ","IGL Gas Limited","KP-5, Ajit Singh Baisla Road, Chauganpur, Knowledge Park V, Greater Noida","28.5559916","77.4564953",""
"ChIJeQavDODlDDkRlxk3CY_YUzA","Hindustan Petroleum Corporation Limited","opposite Sai Mandir, Plot No PP/2, Vishwakarma Road, Sector 71, Noida","28.5954978","77.3726736","true"
"ChIJ6WAtzMblDDkRGI4uRMgh-FI","IndianOil","Ground Floor, opposite NTPC Building, Sector 33, Noida","28.5873029","77.35146859999999","true"
"ChIJeQ3S4aDlDDkRMjqGA0TctBE","IndianOil","Ground Floor, opposite NTPC Building, Sector 33, Noida","28.5873029","77.35146859999999","true"
"ChIJz6xEJfzlDDkRAnOr0gA6-i8","Rajiv fill and Drive","adjoining Iskcon Temple Road, A-1, Block A, Sector 33, Noida","28.587489","77.351394","true"
"ChIJW8nxJNnlDDkRAnHfPeMiiHw","B Block","H9WF+93Q, B Block, Sector 71, Noida","28.5959713","77.37271919999999","true"
"ChIJ8RsmBBzpDDkRhri-LxaQYGk","BP Knowledge park 2 bpcl Petrol Pump","Tusiana Village, Knowledge Park V, Greater Noida","28.5453803","77.4656064","true"
"ChIJUSzxmtHrDDkRYbXpJIMpPi4","BP GNA KP 1 COCO OUTLET","GFXQ+37F, Greater Noida West Link Road, Tusiana Village, Knowledge Park V, Greater Noida","28.54768989999999","77.4881571",""
"ChIJ8-WlypLtDDkR4ChH6e44LTY","Hindustan Petroleum Corporation Limited","PP 01, Sector 12, Noida","28.5602148","77.480892","true"
"ChIJ_4UMWgDtDDkRgepw8GjalAk","IGL CNG","HF6J+67, Greater Noida","28.5605362","77.4807344",""
"ChIJwcz2-jvtDDkRpnEIfdoFdKY","BPCL petrol pump & CNG","130 Metre, opposite Kherpur Village, Vaidpura, Greater Noida","28.5704299","77.4724622","true"
"ChIJ57PiW1TrDDkRldYDiQPwLyY","Petrol pump","GGH3+W7W, Greater Noida West Link Road, Greater Noida","28.5298621","77.503207",""
"ChIJ1Qr0NvTrDDkRqdfHreSKnJ4","IndianOil","DSC Road, Tilpata Karanwas","28.523287","77.514427","true"
"ChIJYZf8vBrvDDkRdfi08v1sxN4","IndianOil","No PP01, Techzone 07 130, Mtr Road, Milak Lachchhi, Noida","28.5899308","77.461193","true"
"ChIJXwGcJQDrDDkR9T1l2_69LvE","IGL CNG &LCNG FILLING STATION","GGJJ+WJH, Tilpata Karanwas","28.5323154","77.53161469999999",""
"ChIJOxoS4dPvDDkR-PUb7gmuXi4","Bharat Petrol pump and CNG pump","JF23+959, Greater Noida West Link Road, Roza Yakubpur, Greater Noida","28.6009023","77.4529739","true"
"ChIJaYEYvmHrDDkRaJ5tAJ4z5rg","BPCL Company Operated Petrol Pump","GG6J+3M4, Zeta II, Greater Noida","28.5101336","77.53168939999999","true"
"ChIJR_4tfQDvDDkRN6H7gmFUt_k","Pollution centre","JC4X+888, Sector 16B Road, Bhangel, Greater Noida","28.6057823","77.4483355",""
"ChIJ35Nxih7lDDkRePtobSvDI_U","Bharat Petroleum Petrol Pump - Vij Auto Centre","Community Centre, Kondli, Gharoli, 26, Pragati Marg, Mayur Vihar Phase III, Delhi","28.6072714","77.335396","true"
"ChIJ9QhAWSTlDDkRMkv2PGmsyEY","Hindustan Petroleum Corporation Limited","Site No 2, Pocket C, Ghazipur, New Delhi","28.6197231","77.34083369999999","true"
"ChIJgwiMfzP7DDkRTpvh7YT35G0","Bharat Petroleum Ghazipur Border","J8M8+R6R, Main Road, near Flyover, Chaudhary Charan Singh Marg, Ghazipur Village, Ghazipur, Delhi","28.63461509999999","77.31551449999999","true"
"ChIJz6mYvGblDDkRrec2YLUFaEo","HP PETROL PUMP - HP CENTRE SEC 62","near Mamoora, Ground Floor Sector 62, near Mamoora, Chowk, Noida","28.6101253","77.3714737","true"
"ChIJqTfBamj7DDkRe3RbIUf79ZM","Indraprastha Gas Limited CNG Station","Cross River Mall, Near, Karkardooma, Shahdara, New Delhi","28.6555614","77.2993408","true"
"ChIJB72-nwvjDDkR2nn3LrsTPW4","IndianOil","Sarai Kale Khan Bus Terminal, Outer, Ring Road, Behlolpur, New Delhi","28.58591019999999","77.26037029999999","true"
"ChIJKxIIoQ7jDDkRBx1GQULoy4Q","Indraprastha Gas Limited CNG Station","Near Veer Haqiat Rai Bus Terminal, Sarai Kale Khan Road, ISBT Sarai Kale Khan, Sarai Kale Khan, New Delhi","28.584825","77.260122","true"
"ChIJ-Yu_GMD6DDkRi25fp3OSty4","IndianOIl","NH 58, Prahlad Garhi Village, Vasundhara, Ghaziabad","28.6589163","77.35384359999999",""
"ChIJNyew2-f6DDkRGSp9buZ0vWw","Essar Universal","India","28.6602907","77.3434348",""
"ChIJVbcWCmb7DDkRgwFPr6EbCmo","IndianOil","Plot No 25A, Maharshi Valmiki Marg, CBD Maharishi, Shahdara, New Delhi","28.6596323","77.296808",""
"ChIJgwbTGHVmDDkRnfnIIdWTfRE","IndianOil","Ground Floor, NH 58, Meerut Haridwar Bypass, Shobhapur","28.6626624","77.33664879999999","true"
"ChIJM0jWvmP7DDkRO-tmhP2Hft0","Hovel Autogas","31/47, Gali No 1, Bhikam Singh Colony, Vishwas Nagar, Shahdara, Delhi","28.66061339999999","77.290469",""
"ChIJnwkPgHL7DDkRq2gpqFWZQSU","Hindustan Petroleum Corporation Limited","Community Centre Shahdara, Vivek Vihar, New Delhi","28.6663596","77.3070144","true"
"ChIJu7eznXL7DDkR8enDYxOSPvk","CNG Station Vivek vihar","Block C, Surajmal Vihar, Delhi","28.66642","77.3075561","true"
"ChIJ1eepEb78DDkREFmMjbBFfjw","Indraprastha Gas Limited CNG Station","W 102, Geeta Colony Road, Taj Enclave, Geeta Colony, New Delhi","28.6503563","77.2684708","true"
"ChIJ73Sjx6X6DDkRmI7MCdVqMpw","Bharat Petroleum Pump CNL Automobiles","Shaheed Captain Manoj Pandey Marg, Shakti Khand 4, CISf, Indirapuram, Ghaziabad","28.6472285","77.3786536","true"
"ChIJ3xHNhQTjDDkRl8UpWgrN9CQ","Hindustan Petroleum Corporation Limited","Ground Floor, Mathura Road, Nizamuddin West, New Delhi","28.5891943","77.2466458","true"
"ChIJqVc5tAf7DDkRKDKIn6U4hEE","Hindustan Petroleum Corporation Limited","Ground Floor, GT Road, Border, Shahdara, New Delhi","28.67550489999999","77.3194879","true"
"ChIJK1Xz_dfiDDkRgEu_pxsp6b8","Ram Service Station Bharat Petroleum Petrol Pump","opposite National Sports Club of, Mathura Road, Pragati Maidan, New Delhi","28.6146408","77.2405326","true"
"ChIJPdRvhQn7DDkR88c21nsHmIw","DEEPAK AUTOMOBILES","5/2, Milestone, Grand Trunk Road, Dilshad Garden","28.6765125","77.3158393","true"
"ChIJEy1dvQn7DDkRDukd6-tSgGk","Hindustan Petroleum Corporation Limited","near Zulfe Bengal, Ground Floor Shahdara, near Zulfe Bengal, Chemicals, New Delhi","28.6765911","77.3166816","true"
"ChIJ90BsOgr7DDkR6--1UXqq7HA","Indraprastha Gas Limited CNG Station","near JHILMIL METRO, Grand Trunk Road, Dilshad Garden, Delhi","28.6764856","77.3142879","true"
"ChIJC4e3JwflDDkRedsHJqX7Blg","Dolly Motors Multi Shop Stop Premium XtraCare","P 4, Amaltash Marg, Chaura Raghunathpur, Chora Sadatpur, Sector 21A, Noida","28.5916936","77.3390442","true"
"ChIJpWWETUvlDDkROH5h_UlGC7M","BP Petrol Pump","Kala Pathar Road, Aditya Mega City, Vaibhav Khand, Indirapuram, Ghaziabad","28.636733","77.36041469999999","true"
"ChIJGdBb1-XkDDkRcQCG12WeaJ4","IndianOil","Facility Center 26, Plot No 11, Dallupura, New Delhi","28.6044994","77.3231366","true"
"ChIJ4xRw5uTkDDkR42v5V1imddQ","IndianOil","Chilla Sports Complex, Vasundhara Enclave, New Delhi","28.60090779999999","77.3244915","true"
"ChIJQf0eKqjlDDkRjYrFY3J11Jo","Automobiles& Feul","C, 81B, C Block, Sector 8, Noida","28.596845","77.3280654","true"
"ChIJEcUbPpPkDDkR_zs7a_B7MBc","Indraprastha Gas Limited CNG Station","19/496, Ghazipur Road, Block 30, Himmatpuri, Trilokpuri, New Delhi","28.6017262","77.30816709999999","true"
"ChIJlSLflI_lDDkR953iW1AfjJ4","Petrol Pump","20/384, Block 20, Part 2, Trilokpuri, New Delhi","28.604149","77.307307",""
"ChIJAcJnVm3lDDkR3wjfiuGOM-8","Cng pump","19/275, Block 19, Part 2, Trilokpuri, Delhi","28.6015891","77.3078373",""
"ChIJPdsuxLTkDDkRpV26F06llQA","Maa Anand Mai Service Station","Opposite Chand Central (Miraj Cinemas), Kotla Marg, Mayur Vihar, Delhi","28.6130006","77.3094744","true"
"ChIJzTEeFRrlDDkRIjoPb0ytgrI","BHARAT PETROLEUM CORPORATION LIMITED - VIJ AUTO CENTRE - PETROL & CNG PUMP","Community Center, Kondli, Gharoli, Mayur Vihar Phase III, Delhi","28.607191","77.335364","true"
"ChIJEyiFSqblDDkRU-6_b0gB3OI","Petrol & cng pump","85, New Kondli Road, Pocket C 3, New Kondli, Kondli, Delhi","28.6037389","77.3354234",""
"ChIJ4SObSADlDDkRm5ii8HyXG-8","Chauhan Niwas","J85P+66G, Pocket A1 Link Road, Pocket A 1, Delhi","28.6080675","77.3355703",""
"ChIJI2Spwd3kDDkRibTBDqELAVY","IndianOil","New Kondli Road, Mayur Vihar Phase III, New Delhi","28.6035931","77.3357982","true"
"ChIJweak7qTlDDkR6YCz2nLUVOg","LPG Gas Station","J83P+PF9, Mayur Vihar Phase III, Buddh Vihar, Delhi","28.604285","77.3362219",""
"ChIJ2RBgEQDlDDkRl8WBmSeA56o","Ok yaara","H8V7+594, Taksal Road, Block D, Sector 7, Noida","28.5928807","77.31346409999999",""
"ChIJL4izRPbkDDkRCz8iS2vpCEo","Bhagvati Refrigeration Company","NCR Region, 03, Master Market Harola Sector 5, Mohan Complex, Sector 5","28.5890841","77.3170738","true"
"ChIJp0J110TlDDkR8QIGndudRRg","LPG","LPG plot no. A5, sec-1, Noida","28.5895868","77.3144506",""
"ChIJBbt4xwblDDkRnNN2bvdq7Fc","Sevendra Traveling","Sector 1, Noida","28.5900173","77.3116215",""
"ChIJs5ctMcjkDDkRap694ACaP_k","Cng Pump","Khichripur Road, Khichripur, Kalyan Puri, Delhi","28.6229008","77.31113069999999","true"
"ChIJWTfTXwDlDDkREXcP5JuAPbE","Bharat petroleum","23, Khichripur Road, Mayur Vihar Phase I, Khichripur, New Delhi","28.6255665","77.3139061",""
"ChIJKess9QXlDDkReFEGP_NY0Rg","Hindustan Petroleum Corporation Limited","Plot No Y/349/D, Sector 12, Noida","28.5966352","77.3437773","true"
"ChIJMWSQXvXkDDkR-HoO6Do3thA","IndianOil","Ground Floor, Sector 14, Noida","28.5858036","77.3093111","true"
"ChIJ9yX8CQDlDDkRlK5iEBpaf6Q","cng pump","A67, Mayur Vihar Phase I, Vinod Nagar East, Delhi","28.620229","77.301847",""
"ChIJISZV2rXvDDkRLdNiaBETlf0","IndianOil","near Gaur City 2, Plot No PP 01 & GH 03, Extension, Sector 16C, Gaur City 2, Noida","28.6173006","77.4191225","true"
"ChIJpSHDyNXvDDkRhPQ3uKFI-m4","Hindustan Petroleum Corporation Limited","Ground Floor, Vijaynagar Bypass, NH 24, Mawai Road, Ghaziabad","28.6401073","77.4205731","true"
"ChIJHw_hQDruDDkRUBysdj7pEQc","Indraprastha Gas Limited CNG Station","JCJM+75C, Crossing Republic-1 Near Police Chowki Goal Chakkar, Crossings Republik, Ghaziabad","28.63011449999999","77.4342394","true"
"ChIJbUpumkrwDDkRK592sOzoQzs","IndianOil","Ground Floor, Gopal Nagar, Ghaziabad","28.6664859","77.42222869999999","true"
"ChIJd5NwPknwDDkR83oV0Q4WOr4","Indraprastha Gas Limited CNG Station","380, Grand Trunk Road, Pocket D, Patel Nagar 2nd, Madhopura, Ghaziabad","28.66964159999999","77.4168108",""
"ChIJC-JyQwDvDDkRa4MIH7kE0N8","Shri Shyam Energies","J96V+VX, Sector 69, Noida","28.6120346","77.3953366","true"
"ChIJqWGg0vXvDDkRNLBAldwTp8w","NATURAL CITY GAS","4th Floor G, Office No 402-403, Sector 63 Road, Sector 63, Noida","28.6209681","77.3811702","true"
"ChIJvRfLRADlDDkRYCT0Vfhq2ZA","Freestyle","C-21, Sector 62 Road, C Block, Sector 59, Noida","28.6101117","77.3691887",""
"ChIJ0WNAac_vDDkRhFJA9649bVc","Sahil Auto Bike Service Center/Shop","Shop Number 4, lajja Raam Market, Gaur City, Greater Noida","28.620091","77.40979279999999","true"
"ChIJMShqY1jlDDkRskUN_3FXmiA","IGL","Opposite Fortis Hospital, Sector 63, Noida","28.62433","77.3749531","true"
"ChIJs4fVrlnlDDkR1iSl1DqJ2gU","IndianOil","Plot No PP1, Sector 63, Noida","28.6245008","77.3749577","true"
"ChIJMZ0JTyjzDDkRkx2J6jln7QI","IndianOil","Ground Floor, NH 24, Adhyatmik Nagar, Chhapraula, Greater Noida","28.6173289","77.4189876","true"
"ChIJz5U5XM_vDDkRTukUQREYqNM","SHREE SHANKAR AUTO CNG","India","28.6259","77.4132504",""
"ChIJbzkGDgDvDDkR4qhkywxT4Rw","Indirapuram","JCM2+5H5, 20, Futa Rd, Budh Vihar, Bahrampur, Vijay Nagar, Ghaziabad","28.6330106","77.4015379",""
"ChIJEY14SS_vDDkRKtpJKlDBOHc","Bharat Petroleum","JC4F+VRP, Service Road, Yusufpur, Nai Basti Dundahera, Ghaziabad","28.6072121","77.42456969999999",""
"ChIJPyqgUwDvDDkRotRRJxjbAGc","BP AGRICULTURE FARM-1","JC4F+VRW, Yusufpur, Nai Basti Dundahera, Ghaziabad","28.6072256","77.42457499999999",""
"ChIJO9_H1Gr9DDkRBJcqRHw5PIM","IndianOil","N2, Plot No Pp2, Master Plan Road, Sector 54, Noida","28.5947133","77.3594402","true"
"ChIJ3RTyRXTlDDkRkSGz8o6QilM","Shaheed Chaman Petroleum","Maharaja Agrasen Marg, Sector 54, Noida","28.594735","77.35941749999999","true"
"ChIJb4FJeyTlDDkRcHGVg8NsbZk","Ajay Chaudhary works","g, 11, Bishanpura Road, Bishanpura, Sector 58, Noida","28.6064912","77.3558443",""
"ChIJj25rrkzvDDkRMklSDUm8eOc","IndianOil","No PP 01 & GH 01, Noida Extension, Sector 4, Greater Noida","28.606502","77.426627","true"
"ChIJA-mWfQ_lDDkRlB1q873cWsg","Accurate freight 57","A2, Sector 57, Noida","28.606064","77.35521",""
"ChIJiwx5OQ3lDDkRgR-mPRdIFPw","IndianOil","Green Belt Sector 54, opposite Sector 57, Noida","28.6001508","77.3545218","true"
"ChIJZaqdBZPlDDkRtE7G-5cCncA","Workspace Interior","Shop No 66, DDA Market, Indrapuram, Nyay Khand 1, Sector 62A, Noida","28.6105105","77.3541188","true"
"ChIJwZesbQDlDDkR4N5L1H_aRrc","Bharat gas agency","H9V3+8M5, Sector 23, Noida","28.5932677","77.3542478",""
"ChIJrxKVK2HvDDkRZfT5_WConw8","Aman Vegetable And Fruits","Shop -3 ,,Haibtpur Dist-gautam Budh Nagar","28.6271666","77.4223246",""
"ChIJRwO6fgDlDDkRTumXbYUvWIw","Battery swap 1","D, 94B, Block D, Sector 55, Noida","28.602005","77.348804",""
"ChIJEftfOADlDDkR-RonQbKZ2W8","Indian Gas Truck","J88W+6PF, Khora Colony, Sector 62A, Noida","28.6155722","77.3467996",""
"ChIJizhr7eHtDDkRmKORtMgkdp8","Jio-bp","Khasra No 1283, 1292, Nh 91 Bulandshahar, Ghaziabad - Bambawar Road, Bametha, Lal Kuan, Shahpur","28.6293822","77.4715878","true"
"ChIJTwoHW-ftDDkR_n9Le8r7c6I","IndianOil","near Sri Ram Dharam Kanta, NH 91, Lal Kuan, Chhapraula","28.62581","77.47659","true"
"ChIJuz_8YsTtDDkR8KFE6AJiRUQ","Pragati Logistics Private Limited","Plot No. 230, 231, Grand Trunk Road, Chhapraula","28.617504","77.4872561","true"
"ChIJ1ZzaH0K1ljkRznbbKOK_g0s","IndianOil","ground floor, Mehrauli, Ghaziabad","28.6668801","77.48141840000001","true"
"ChIJbwSr4rbxDDkRsS6X2cUQfU0","Hindustan Petroleum Corporation Limited","Ground Floor, near Santosh Medical College, Hapur Rd, Maliwara, Nehru Nagar, Ghaziabad","28.6704156","77.43256509999999","true"
"ChIJkUFFSrHxDDkR2ZxS-fcuV7M","Bharat Petroleum","MCFJ+2G4, Block G, Lohia Nagar, Ghaziabad","28.6725194","77.4313421",""
"ChIJO4bPbtXvDDkR8BA3mBj2VAA","Mansi Gases","Plot no. 188, 6 % Plot, Roza Yakubpur, Ghaziabad","28.6088641","77.46642800000001","true"
"ChIJGxOWflvuDDkRa-0pYI9EZK4","IndianOil","Plot No PP 01, Sector 16B, Noida","28.6076122","77.4412396","true"
"ChIJN48w6Y3vDDkReo5pDtr-U-g","Indraprastha Gas Limited CNG Station","SUPERTECH ECO VILLAGE-2, Drop, Bhangel, Ghaziabad","28.607682","77.4411767","true"
"ChIJYS65CdvvDDkRo_D8IkcDKW4","Bridge bharat gas ltd","JFG3+W9F, Karan Enclave Road, Chipiyana Buzurg, Ghaziabad","28.6273091","77.45342649999999",""
"ChIJ41r9VeDtDDkRbL6dJ0g2ilU","India Diesel Servies","36, Bulandshahar Road, Lal Kuan, Ghaziabad","28.62707","77.473024","true"
"ChIJWw4-g8TtDDkRsSXFFlkxjR8","IndianOil","Grand Trunk Road, Chhapraula","28.6192935","77.483814","true"
"ChIJQwNsg8TtDDkR8T712UO0o70","CNG PUMP","JF9M+QHG, Chhapraula","28.6194357","77.4839442",""
"ChIJcwoWWg_vDDkRAG4zTnWBDtg","RJ Enterprises","Shop No. 4, Plot 37, Main Road, Shahberi, Ghaziabad","28.6194174","77.4374302",""
"ChIJ9R7AU0TtDDkR1PM2UikX0l4","IndianOil","Plot 230 & 231, Grand Trunk Road, Bisrakh Jalalpur, Chhapraula","28.61752719999999","77.4868812","true"
"ChIJ5wQzK8TtDDkRG_8T8vkmwZw","NATIONAL AUTOMOBILES","JF9P+4R9","28.6177889","77.487097",""
"ChIJtwtJownuDDkRRJ78NEVZx_c","Hindustan Petroleum Corporation Limited","Ground Floor, Grand Trunk Road, Shahpur Bamheta, Lal Kuan, Ghaziabad","28.6315432","77.468018","true"
"ChIJS0vQIVnvDDkRXQl3ywgR-XY","Indraprastha Gas Limited CNG Station","Lal Kuan, Ghaziabad","28.631762","77.468231","true"
"ChIJq6qqagbuDDkRq4HpGhSuYCU","SAHIL AUTO FUELS - BHARAT PETROLEUM","National Highway 24, 91, Ghaziabad - Vijayanagar, Lal Kuan, Ghaziabad","28.6319181","77.4678225","true"
"ChIJ14vqdOPvDDkR22w7tb4K7YI","Krishna Auto","Mansarovar Park, Grand Trunk Road, Lal Kuan, Ghaziabad","28.6325373","77.465645",""
"ChIJJ_m9fgDvDDkRTFfIynAxevU","Hindustan Petroleum Corporation Limited","Khatauni No 01161 Loni, Crossings Republik Road, Loni, Ghaziabad","28.625908","77.43956800000001","true"
"ChIJrzO8s_DvDDkR-bUwGHNBOOA","IndianOil","Khasra No 974, near IGL Gas Station, Dundahera, Crossings Republik, Greater Noida","28.6267682","77.44021180000001","true"
"ChIJdRVnMwDtDDkRkJM78OxeKeM","Deepak singh","JFMF+768, Lal Kuan, Ghaziabad","28.6331684","77.4730653",""
"ChIJL3u3MgXvDDkRqUQHKahgNfE","Hindustan Petroleum Corporation Limited","Dargawan Gabhana, Chandaus Pisawa Road, Aligarh","28.63592","77.465643","true"
"ChIJJZdvFYrvDDkRO4m4zVKiltk","Bharat Petroleum Petrol Pump , PRATIK FUEL STATION","CROSSING REPUBLIK, NH 24 CUT, Crossings Republik, Ghaziabad","28.6318766","77.4425663","true"
"ChIJ36k1pITvDDkRewFbbXpsnQE","IndianOil","Site 1, No B, 34/1, Industrial Area, Greater Noida","28.6387762","77.4580268","true"
"ChIJ25C1dgDvDDkRsJvN5GA7g2M","IndianOil","Ground Floor, Lal Kuan, Ghaziabad","28.6395238","77.45701869999999","true"
"ChIJa5wxoyPuDDkRL-84PGTRCRk","IndianOil","Ground Floor, NH 24, near Ghaziabad - Vijayanagar, Ghaziabad","28.6367865","77.4432648","true"
"ChIJ9UbFXwDvDDkRniZjESWOO6Q","Indira gas agency","JFR9+3V, Lal Kuan, Ghaziabad","28.6402495","77.4697371",""
"ChIJfU2CO03sDDkRi9WPi8kMlCk","IndianOil","near Patwari Ka Bagh, NH 91 Dadri, near Patwari Ka Bagh, Achheja, Noida","28.6033871","77.50257730000001","true"
"ChIJr6xsIRzuDDkRNz_9ZbVHc-M","CHAUDHARY SERVICE STATION","Grand Trunk Road Industrial Area, Bulandshahr Road Industrial Area, Bulandshahr Road Industrial Area, Ghaziabad","28.64149069999999","77.45318089999999","true"
"ChIJ9a6lePTvDDkRnCfWnPsujsg","BP 24","Sain Vihar, Dundahera, Ghaziabad","28.6366309","77.437749","false"
"ChIJVUe9LKDvDDkRtsznarhQ9CM","Hindustan Petroleum Corporation Limited","Ground Floor, NH 24, Shahpur Bamheta, Ghaziabad","28.6434924","77.4656583","true"
"ChIJR3QxrlTvDDkR5KlXtRKUs-s","Goyal gas agency","205, New Panchwati Colony Road, Ispat Nagr, Bulandshahr Road Industrial Area, Ghaziabad","28.6406158","77.43990079999999",""
"ChIJKxh01eHxDDkRl8psMPAu74M","Vijay Gases","Shop Number 278, NCR, Loha Mandi, Bulandshahr Road Industrial Area, Ghaziabad","28.6454511","77.45027999999999","true"
"ChIJzzuovCPxDDkR7fBM9lXCnzw","Fuel Tank Top","187, Ghanta Ghar, Grand Trunk Road, Nehru Nagar, Ghaziabad","28.6480286","77.4456277",""
"ChIJfyndOyvuDDkRIzOV2hYVjwg","Bpcl petrol pump - sharma filling station","NH 24(9),Vijay nagar bye pass, National Highway 24, Bhim Nagar, Vijay Nagar, Ghaziabad","28.6390771","77.42517579999999","true"
"ChIJof0qsv7xDDkRH8TvNeA0XHM","BP Rubber","India","28.6521577","77.46524869999999",""
"ChIJ6yh80dTvDDkRzK1tAEBFVD8","Gaurav Gas Welding","JCQF+RH7, Vijay Nagar Bypass, Ghaziabad NCR Region, Vijay Nagar","28.6395273","77.4239249","true"