place_id,name,address,latitude,longitude,open_now
"ChIJ4-ocmAvNjzkR-jcFdkbc1As","Bharat Petroleum, Petrol Pump -Singh Filling Station","TRISUNDI, AMETHI","25.273903","82.86823609999999",""
"ChIJccnDuq0zjjkRJ3o7sU5csEs","IndianOil","Ground Floor, SH 74, Bypass Road, Indl Estate, Chitaipur, Amara","25.2544312","82.9590978","true"
"ChIJRd6-uUYyjjkRCeRcUlDsnpY","Hindustan Petroleum Corporation Limited","Ground Floor, DLW Road, Chitaipur, Varanasi","25.275441","82.967491","true"
"ChIJQR0G0oYyjjkRI2SNbQKfPQg","IndianOil","Ground Floor, Varanasi Allahabad Rd Old GT Rd, Churamanpur, Varanasi","25.298514","82.94670599999999","true"
"ChIJMXLz9ZHNjzkRVy7ZlmnRAuU","BPCL","Birbhanpur","25.28703269999999","82.8479326",""
"ChIJiXs_SRUyjjkRBZG9YdCVIEs","IndianOil","BHU Road, Sundarpur, Newada, Varanasi","25.283686","82.97213099999999","true"
"ChIJQyp6gdYyjjkR4QEKeq-wHMk","Bharat Petroleum","7W56+RW2, Bhadawar","25.2593262","82.9127324","true"
"ChIJbadFCk0zjjkRvnOVK8Ig8RA","Proposed Pump","7W65+HW3, Bhadawar","25.261379","82.90980809999999","true"
"ChIJM6OfdgAzjjkRTdsmFkYmGI4","SHRI BALAJI ENERGY SOLUTION","NH 19, Bhadwar, Bypass Road, Mohansarai","25.261218","82.9124186","true"
"ChIJzWY2M3gzjjkRpmheabxJTVE","Arun Pandey Ji Fuel Centre","2 Karasana Bachchhaon, Karasana Bachchhaon","25.2348713","82.9143531","true"
"ChIJcdnMQC7NjzkRYuXOFTW7e7s","IndianOil","Ground Floor, NH 2, Bachhaon, Karnadadi","25.265612","82.899849","true"
"ChIJUY9jhpczjjkRDdXzn-bleA4","IndianOil","Ground Floor Chak Mataldei, Rohnia, to, Mohansarai - Kanthipur Road, Adalpura","25.2477625","82.87679","true"
"ChIJ3WjTiUEzjjkRII1BtSKe2b0","IndianOil","Ground Floor, Khanav Bachhaon, State Highway 74, Bachhaon, Varanasi","25.227198","82.926743","true"
"ChIJ-TPebKvNjzkRv8IkHFNAckw","Bharat Petroleum, Petrol Pump -Singh S/S","MOHANSARAI,ON NH,DST VARAN, Varanasi","25.2717984","82.883241","true"
"ChIJFVhzgErNjzkRKs3qwYOwqlk","Usha Filling Station","G T Road, Jagatpur","25.2792552","82.9044538","true"
"ChIJB6EYiRLNjzkRzdwc-5KYed0","Jai Maa Sheetla ksk Petrol Pump","Mohan Sarai - Adalpura Link Road, Badhaini Khurd","25.2221932","82.878725","true"
"ChIJ0RDQSwAzjjkRICC56IOO1WA","Yadav J C B","7W6R+M7X, Lathiya","25.2617403","82.9407447",""
"ChIJ8Ww5uAMzjjkRp0f6Gmf_wPQ","Shiwdas Kisan Sewa Kendra","7W3V+FFR, Amara Khaira Chak","25.2537363","82.9436549",""
"ChIJe2gHxgMzjjkRdJ4cTSnMV24","IndianOil","near Panch kushi, Ground Floor Lathiya, Kashi Vidyapeeth, Sadar, near Panch kushi, road, Assi, Varanasi","25.2536961","82.9436968","true"
"ChIJifSyx5wzjjkRGZYaytnszPY","IndianOil","Ground Floor NH 2, Near Lokbandhu Raj Narain Dham, Byepass, Varanasi","25.249187","82.947893","true"
"ChIJEUXoigzNjzkRAb5FIywUiPE","IndianOil","near Mata Prasad Petrol Pump, MOHANSARAI Bypass, near Mata Prasad Petrol Pump, Varanasi - Prayagraj Road, Varanasi","25.2746663","82.8705959","true"
"ChIJsWaCrRfNjzkR93ErViQm064","Ashu Kumar","Niyaisipur - Bhawanipur Road, Rajapur","25.2156913","82.86793209999999",""
"ChIJL6gXPKHNjzkRLiWoObeJ7cY","IndianOil","Ground Floor, NH 2, Mohansarai Kanari, Birbhanpur","25.272409","82.86036399999999","true"
"ChIJnSkzJXDNjzkRNl9vnnhRImw","Hindustan Petroleum Corporation Limited","Ground Floor, Raja Talab - Jakkhini Road, Dipapur","25.24147719999999","82.8466485","true"
"ChIJXSaYg6QzjjkR7Fi8g6KJw2s","IndianOil","Ground Floor, NH 2, Sardar Patel Marg, Akhari","25.2485423","82.9622847","true"
"ChIJ7U98SZAzjjkRoK9mKu4-XH4","Gitanjali filling station","Ground Floor, NH 2, Sadar, Akhri, Bachhawn","25.2484638","82.9624116","true"
"ChIJW3-kHOzNjzkR8x_7CyQOukw","IndianOil","Ground Floor, NH 2, Rajatalab","25.2696456","82.84999839999999","true"
"ChIJfcbtYcfNjzkRjXOKombShqw","GAIL CNG Mansha Filling Station","19, National Highway, Raja Talab Bazar, Kachnar","25.2696046","82.84992679999999","true"
"ChIJFcc8HuTNjzkRUf5mWaovXaM","Bala Ji Digital Library","00, Station Road, Rajatalab","25.2658704","82.8475651",""
"ChIJr4Cqwv_LjzkRxohSAM2bk_c","Shree Balaji Fuel Station","Adalpura Road, Sursi","25.19595559999999","82.88155189999999","true"
"ChIJ5ZkW-18zjjkRk028iseGjXU","Mahtab food","Harpalpur, Lohta","25.3002624","82.9267808",""
"ChIJW-r1tYkzjjkRbJbUTLrP9RQ","Ashish Petrol Pump","Unnamed Road, Harpalpur, Varanasi","25.3014503","82.92610119999999",""
"ChIJz6HoEIAzjjkRlbmx_n-OJq8","Reliance Petrol Pump","near Post office, Shivdaspur","25.2957303","82.9409768","true"
"ChIJz-mdK6QzjjkRrABkhJD1-HE","Paras auto fuels( petrol pump) jio","7WWR+799, Lohta Bazar, Lakhanpur","25.2957037","82.9410331",""
"ChIJ25gt9VAzjjkRubLnsuk_4P4","Sardar petrol bus stand","7WWV+47G, Unnamed Road, Lakhanpur Shri Nagar Colony, Bhullanpur, Varanasi","25.29530810000001","82.9432107",""
"ChIJV-i61U4yjjkR2OnYnJYkoLg","Hindustan Petroleum Corporation Limited","Plot No 32 Chunar, DLW Road, Kandwa","25.267241","82.966071","true"
"ChIJu9Ntb0YzjjkR_NLlKVrZwJU","Jio-bp","Khasra No 660, Bhullanpur, Varanasi","25.296346","82.94268799999999","true"
"ChIJ5UdQ1WfNjzkRRDZLX8PIqOc","IndianOil","Kasw Birbhanpur, Pargna, Rajatalab","25.2813877","82.8479359","true"
"ChIJNTmjDgDNjzkRZjXK74tUC-4","Birbhanpur odar","7RJW+3V6, Panchkoshi Road, Birbhanpur","25.2799973","82.84693209999999",""
"ChIJI6oBjKfNjzkRPBKaB18Up-s","BABA KAL BHAIRAV KSK","Varanasi","25.2815097","82.8475699",""
"ChIJox0OoLTTjzkRsMaczXyMtJQ","IndianOil","Ground Floor, Gangapur Akelwa Marg Meeraban Thana Jansa, Bankat","25.304036","82.875511","true"
"ChIJcZ_DWybTjzkRBTa8d9ETqZU","Hindustan Petroleum Corporation Limited","Ground Floor Gangapur, Akelwa Road, Mirawan","25.306165","82.876314","true"
"ChIJE2_R6IwzjjkRN2Q0j2LiPLU","Sardar Petrol Pump HP Petrol Pump mudhela","8X22+G27, Varanasi - Allahabad Road, Lohta Bazar, Churamanpur","25.2984866","82.9470242",""
"ChIJnWwQlnszjjkRrHhskDd_cYM","IndianOil","Ground Floor, Kundariya, Benipur","25.299391","82.948073","true"
"ChIJ-3iv8pgtjjkRomyiUf524f8","Irfan Fuel","Lohta Bazar, Varanasi","25.3085769","82.9301557",""
"ChIJa2uTJs4zjjkRRDbKZplmLqo","Bharat Petroleum Petrol Pump , MISHRA AUTO SALES (MS)","CHURAMANPUR, Varanasi","25.2992843","82.94886869999999","true"
"ChIJIQ7XbXXMjzkRL7FCTiZTHuM","Indian Oil Petrol Pump, Narsara","Rajatalab, Jakkhini Road, Narsara","25.2067074","82.8445273","true"
"ChIJ8T8CEwczjjkRJRV3mMJVFtc","Hindustan Petroleum Corporation Limited","Ground Floor, Old, GT Road, Churamanpur","25.301171","82.95096099999999","true"
"ChIJ7bqzWHctjjkRJEZfWNlgjiM","ZZZZ FUEL","1, Lohta","25.3122158","82.9291472",""
"ChIJww2BqcTNjzkRuGL4-jH8PVQ","IndianOil","7R9M+R58, Ground Floor Benipur Kundariya, Bhikharipur","25.269428","82.832047","true"
"ChIJC50BCxXLjzkR4wZTmsw4qho","IndianOil","near Chunar, Ground Floor, Plibhit Bisalpur Road, near Chunar, Varanasi Rd, Old Cantt, Kantit, Bhatauli","25.181297","82.883983","true"
"ChIJV77DCxXLjzkR-yp3DeRou9s","ADALPURA PETROL PUMP","5VJM+CM3","25.1810011","82.8841719","true"
"ChIJH--1Rz3TjzkRZFfMl00GqcQ","IndianOil","Ground Floor, Varanasi Ring Road, Phase 2, Rajatalab","25.30246080000001","82.856517","true"
"ChIJj0p5b7QtjjkRbHgxFHypOL8","Ahtesham888 Petrol Pumps","1, Lohta Road, Mahamudpur","25.3126225","82.9316162",""
"ChIJ9zIHcFEtjjkRuYVbcgBjS-Y","R R FUEL","1, Lohta","25.3110513","82.936134",""
"ChIJPXhL5STNjzkRITX89ipwNNE","Hindustan Petroleum Corporation Limited","Ground Floor, Phase 2, Ring Road, Rajatalab","25.291671","82.84361100000001","true"
"ChIJgaw8omsyjjkR_PE2c4y78G0","IndianOil","DLW Road, Bajardiha, Varanasi","25.286501","82.968597","true"
"ChIJ3X0lwX4yjjkR6qACGyuGikA","Nayara Petrol and Diesel pump","Lehertara Industrial Estate, Churamanpur","25.300935","82.9544823","true"
"ChIJVy35jFkzjjkRxyrcevxxAxQ","S B CNG","0, MAHMOORGANJ","25.2859323","82.96903669999999",""
"ChIJWx9noWsyjjkR-urRaN9fd6Y","GAIL Gas CNG Station (Keshav Automobiles)","near DLW, DLW Road, Gatte, Shivdaspur","25.2864818","82.9686554","true"
"ChIJp2cLjZExjjkR8lVJYObLFgQ","Hindustan Petroleum Corporation Limited","Plot No N1/69 Lanka, Nagwa Road, Nagwa Lanka, Varanasi","25.277471","83.005371","true"
"ChIJqRYHPvMxjjkRl5o9hn5vQRA","BHARAT PETROLEUM","72P2+23M, Sankat Mochan Road, Kaiwalya Dham Colony, Tulsi Manas Mandir Colony, Naria, Varanasi","25.28509379999999","83.0001836",""
"ChIJFe1HFPMxjjkRQWlrSdcuuqY","Hindustan Petroleum Corporation Limited","near Sankat Mochan Hanuman Temple, 58 Durgakund Marg, near Sankat Mochan Hanuman Temple, Lanka Road, Varanasi","25.285431","83.000171","true"
"ChIJI6X2JPExjjkRxYNs1GAvUgY","IndianOil","near Dharn Sangh Complex, Teliyana, near Dharn Sangh Complex, Durgakund, Bhelupur, Varanasi","25.291889","82.999748","true"
"ChIJAc7alPAxjjkRseHMySFClFY","IndianOil","Ground Floor, Bhadaini, near Mudkatta, Baba Farid Lane, Varanasi","25.2941327","83.00009159999999","true"
"ChIJRVLt8yEzjjkRMq_UN0ERA-g","Reliance Petroleum","D63/10, Mahmoorganj Road, Sigra, Varanasi","25.303754","82.976351","true"
"ChIJZ8_y9OIwjjkRNZH1lYsLN8o","IndianOil","Ground Floor Ramnagar, Tahirpur, Chandauli,Kateshar, Near Tengra Mor","25.247404","83.037719","true"
"ChIJefA4ZikxjjkRdDO0P1lmPSE","IndianOil","Ground Floor, NH 7 Narayanpur, Mujaffarpur","25.2208692","83.0324255","true"
"ChIJKX1cuv4tjjkRFCs0jRbpp2Q","IndianOil","Railway Station, Shiv Pura Sigra, Rath Yatra, Road, Varanasi","25.3117298","82.9885989","true"
"ChIJY6Ay0g8zjjkRh65-aMayMPo","SHIV KUMAR TENT HOUSE","6XGJ+H77, Tikari","25.226424","82.980661",""
"ChIJt5oMFgAzjjkRWEGBNSch__8","Polo Shillong","N-8/236, K-11A, Kailashpuri Colony, Varanasi","25.2814722","82.97680559999999",""
"ChIJDQY8KQAzjjkRpeqmPqcOT4g","Nh39 aahuza petrol pump Naugarh Post office kachani district singrauli (m.p.)","N-8/236, K-11A, Kailashpuri Colony, Varanasi","25.2814722","82.97680559999999",""
"ChIJ5_oVEYIzjjkR01MAUliyteA","BHARAT PETROLEUM (BHU)","Naria Road, Gandhinagar, Naria, Varanasi","25.2801829","82.9875313","true"
"ChIJD3_7FF0zjjkRucQFOHeXZMo","Bharat Petroleum, Petrol Pump -Barsati Automobiles","DST, Sundarpur, Newada, Varanasi","25.283361","82.9754936","true"
"ChIJNdwvEAAzjjkR-9UWO2rCP9w","HITECH ENERGY POINT FUEL STATION","7XPH+G3P, Sundarpur, Varanasi","25.2863473","82.97770899999999",""
"ChIJ2W8uVHozjjkRj3x2PtX2C8o","Ashraf Interprise","near ROSA SANSTHAN, Central market DLW, Bajardiha, Shivdaspur","25.2901639","82.968805",""
"ChIJS1nuxvIxjjkRbIGFbNsTKrM","Hindustan Petroleum Corporation Limited","161 Ravindrapuri, Lanka Road, Lanka, Varanasi","25.284811","83.002341","true"
"ChIJITy8cwAxjjkRMIjlXHTbLMo","PUC Center Ravindrapuri","B-29/26-K, Anandbagh, Bhelupur, Varanasi","25.2849486","83.0022498",""
"ChIJ1SPXg6MzjjkRlq1WLgYodpY","SOHAIL PETROL","1, Bajardiha, Varanasi","25.2931641","82.9838891",""
"ChIJ93ABHHAxjjkR1_n4KNVai2k","Surshyam Fuel Centre","Nh 35 Muzaffarpur Baraipur Narayanpur Mirzapur 231305, Varanasi","25.2894018","82.99910589999999",""
"ChIJqUYvW7IzjjkRtynWjfSMxjc","ASAD PETROL","1, Bajardiha, Varanasi","25.2944936","82.9841043",""
"ChIJTcfLjHkzjjkRsy81EY8fXrc","FuelNagina Bibi","1, 1, Bazardiha, Bajardiha, Varanasi","25.2961851","82.9828306",""
"ChIJJbbXDTQxjjkRplqJfLt8OUo","C N Singh Fuel Station","Ibrahimpur, Adalhat","25.2910746","83.0045344",""
"ChIJme4BDgAxjjkRsGIHuPxAIYI","BPCL Retail - Ram Raghuver Petrol Station Ramnagar Varanasi","726M+9GP, Bhitti","25.2609633","83.0338194","true"
"ChIJRdQ1MgUzjjkRiqvlX-eTyXo","Laxmi devi filling station","Industrial Estate Road, Manduwadih, Shivdaspur","25.3026767","82.96216439999999","true"
"ChIJkz7T0X4xjjkR7nI7JSePfxs","IndianOil","Bhelupur - Durgakund Road, Gauriganj, Bhelupur, Varanasi","25.297907","83.001564","true"
"ChIJ_ZuELgoyjjkRe95ujJt8z3g","IndianOil","Ground Floor, Mahmoorganj, Varanasi","25.304007","82.97689799999999","true"
"ChIJ8YvtBAAzjjkRGVSB6G31xGY","Hindustan Petroleum Corporation Limited","Ground Floor, Sadar , Chandpur Road, Manduwadih, Varanasi","25.30301799999999","82.961415","true"
"ChIJQVzRYQAxjjkRNWwqJg0K0as","ARAV HIGHWAY ENERGY","62PP+23M, Chunar","25.2358542","83.0357707",""
"ChIJX4BD95gxjjkRfzKhpdXZP9k","IndianOil","Mirzapur Khurd","25.23096019999999","83.034475","true"
"ChIJOXTa7acxjjkRQuR2wPtUwCk","Hindustan Petroleum Corporation Limited","Ground Floor, National Highway 35, Chunar, Rasul Ganj","25.242041","83.037241","true"
"ChIJAQ1C-7AzjjkRM1Ng4sugi6g","IndianOil","Tulsipur Manduadeeh, Road, Mahmoorganj, Varanasi","25.304844","82.98069799999999","true"
"ChIJBwSGDwAxjjkRpcW2WJ2JIrc","Petrol pump","8X2W+MG2, Bhelupur, Varanasi","25.3016276","82.9962631",""
"ChIJydcCiPMwjjkR9hPX1Dk225s","IndianOil","No 179 Chandauli, Dahiya, Alampur, Mughalsarai","25.2567901","83.0542203","true"
"ChIJUfEC29kvjjkR64aeXq1asdM","IndianOil","Ground Floor, Kusht Ashram, Katesar, Parao, Varanasi","25.313839","83.04749629999999","true"
"ChIJM4-inDQxjjkR_EA9i_cFVYk","Bharat Petroleum, Petrol Pump -Maidagin F/S (Hsd)","RAMNAGAR,RAM NAGAR,DST VAR, Varanasi","25.2510673","83.0381939","true"
"ChIJT56_SVMxjjkR32kyxsiKOIk","Bharat Petroleum, Petrol Pump -Suresh Service Station (Hsd)","RAMNAGAR,TENGRA MOD,DST VA, Varanasi","25.25220749999999","83.038399","true"
"ChIJSZxLcwAxjjkR_SKsBd9BZaI","Hindustan Petroleum Corporation Limited","Ground Floor, Tengra Mod, Sadar, Tengra, Varanasi","25.253741","83.038952","true"
"ChIJjfLstvMwjjkRf9Ro7yY_io0","Bharat Petroleum, Petrol Pump -Sakshi Road Lines","RAMNAGAR,BHITI,DST VARANAS, Varanasi","25.2541993","83.0538134","true"
"ChIJSZz2gnYxjjkRDCaXW56R-pE","Bharat Petroleum, Petrol Pump -N K Panday & Co.(Adhoc)","","25.2379932","83.03686569999999","true"
"ChIJg1hejbExjjkRMTWdD7kCEHY","Jio BP Petrol Pump Ramnagar","62PP+JPH, Mirzapur - Varanasi Road, Rasul Ganj","25.2366527","83.03683319999999",""
"ChIJS34-zfIwjjkR4S2wC1ZZAWA","IndianOil","Gata No 801, 802 806 & 809, Bhiti Sadar, Katesar, Varanasi","25.2530801","83.057726","true"
"ChIJU1pDRgAxjjkRlRXC-QGrd3A","Dahiya","7344+3QJ, Ramnagar Road, Dariyapur, Dahiya","25.2552158","83.0568995",""
"ChIJuWIup0gxjjkRk-mF3L3uqV8","Yuvraj Fuel Station","near Katariya, National Highway 19, Bhiti, Ramnagar, Varanasi","25.2538281","83.05877199999999","true"
"ChIJid57VQAxjjkRpmNZKfgBpmc","Aditya fuels","7328+HR, Katariya","25.251437","83.067021",""
"ChIJz0QQXGYxjjkRUPnX0ChyhoI","MAHAJAN FUELS","vill jivdhipur, Nh 19, post, basant Nagar, chandauli","25.2524293","83.0701589",""
"ChIJScyKVWYxjjkRGehLw4RVjyA","DEF uriya","732F+X2, Katariya","25.2524311","83.07260579999999",""
"ChIJYcZvNAAxjjkRopRswaOof_o","Deoria CNG","72GM+H9P, Ramnagar","25.27646","83.0334524",""
"ChIJKSTURAAxjjkRvB0xXG9Spl4","Ram Raj Fuel Station","627J+XH7, Shikara, Hakanipur Kalan","25.21471769999999","83.0309948",""
"ChIJf8a0L7QxjjkRobuVP8qIjUc","Hindustan Petroleum Corporation Limited","Ground Floor Padao Ramnagar Road, Ramnagar, Wazidpur","25.281701","83.0313401","true"
"ChIJM5Vt8bUxjjkR3i65hJVd0Oo","BPCL Retail Kodopur GT ROAD - GANPATI FILLING STATION","GT ROAD, 4 LANE, Kodopur Road, Ramnagar","25.2846506","83.0317207","true"
"ChIJA7F1NwAxjjkRkfNkO1je64A","JIO BP Kodopur GT Road","72QM+356, Katesar, Varanasi","25.2876536","83.03288599999999","true"
"ChIJYfqHoVwxjjkR-PSnbFfQGFQ","Rameshwaram Filling Station - Indian Oil GAIL CNG","Kodopur Road, Chungi, Katesar, Ramnagar","25.28829500000001","83.0340695","true"
"ChIJbYpTME0xjjkR6Z0aoUbwuQw","IndianOil","Ground Floor, Assi, Ramnagar Road, Kodopur","25.2885133","83.03370989999999","true"
"ChIJ8TIpdw03jjkRllGj7GiQHag","Md imran bharat gas","52XR+WFF, Hidora Mu. Kunda D","25.1998134","83.0411666",""
"ChIJ8R7ALgAxjjkRQLHp8JkIvPM","Gail CNG","822Q+9VG, Jalil Pur, Semara","25.3012575","83.0394316",""
"ChIJSQY_awA3jjkRqJ5GOmH4thk","Bharat petroleum","52VJ+XCW, Narayanpur","25.1949893","83.0310918",""
"ChIJ9dyPIgA7jjkRQdIF8QJrFIA","Online Gail Gas Cng Station Shri Naga Ji Fuels","Shri Naga Ji fuels CNG station, Billaridih mauja Chakiya Pt Deem Dayal Upadhyaya Nagar, opposite PW gurukulam, Mughalsarai","25.2529378","83.1047901","true"
"ChIJXxv0tz5BjjkRkyZ6ZJfHvC4","IndianOil","Ground Floor, Chakia","25.2530088","83.10505049999999","true"
"ChIJw-Qm0LI7jjkR1PptyitA8i0","PUSHPAK FILLING STATION (IOCL)","NH-19, VARANASI BYPASS ROAD, CHANDAULI","25.2535214","83.1063109","true"
"ChIJo_X-yuA2jjkRknQWCyg8pO8","Hindustan Petroleum Corporation Limited","Gata No, 654 & 655, Bhuili, Chunar","25.189261","83.030941","true"
"ChIJyx1VIgAvjjkR1TrYki3VyDk","Jafar filling station","826W+26X, Jalil Pur, Varanasi","25.3098087","83.0460348",""
"ChIJ2XnJ3SQxjjkR80ItDW11o_U","Aditya Petrol Pamp","8354+M6H, Parao, Chaurhat","25.3091935","83.05560229999999",""
"ChIJb57fdQAvjjkRwXG5oKgP0gY","Indian Ptrol pump","826W+2CP, Chorahat","25.3100993","83.04606969999999",""
"ChIJVbnSzJQxjjkRX_uNb9Vputc","Chand Filling Station","Grand Truck Road, Dandi, Padao","25.3072656","83.0646762","true"
"ChIJewMtLsYxjjkRi7XrwynAV3g","Nayara petrol pump","DANDI, Padao Road, Mughalsarai","25.3075463","83.0637918","true"
"ChIJp8daiOwxjjkRWtIoqD6s62I","IndianOil","Ground Floor Marhaiya, Old, GT Road, Parao, Bentairi","25.3096722","83.05741239999999","true"
"ChIJhYqliN8vjjkRTQXMzB5P24M","Jio-bp","near Tarva Baba, Khata No 544, Arazi No 277/3, Rahulpur Kusth Seva Ashram, Mughalsarai, near Tarva Baba, Parao, Madiya","25.310226","83.05561399999999","true"
"ChIJTU6heR0xjjkRI-4HYthbuNQ","IndianOil","Ground Floor, Old GT Road Dulahipur, Mughalsarai","25.308592","83.0653955","true"
"ChIJodHZcaU6jjkRKFtt4swjD1I","Hindustan Petroleum Corporation Limited","Ground Floor, Chandasi, Varanasi","25.298801","83.087801","true"
"ChIJO087PwA3jjkR-cHPA2A5dPo","Bharat petroleum","52V2+RVM, Narayanpur","25.1942741","83.00272079999999",""
"ChIJod880dgvjjkRd2jLrZc7-nQ","Hindustan Petroleum Corporation Limited","Ground Floor Varanasi Mughalsarai Road, Padao Road, Varanasi","25.312251","83.051791","true"
"ChIJKUoOs9kvjjkRufF1PdeVT8Q","Sabharwal Brother's Bpcl Parao Road Mugalsarai","827X+3FF, Unnamed Road, Jalil Pur","25.3126961","83.0486695",""
"ChIJBxDTfPs7jjkRdH4o49BQuHA","IndianOil","Ground Floor, Old, GT Road, Chandhasi","25.2976206","83.0906268","true"
"ChIJ1S9DbgA7jjkRn_PxLzv_LbA","SK Petrol Palace BPCL Petrol Pump","73XQ+FR6, Chandhasi","25.2986704","83.0895144",""
"ChIJEcotXcEsjjkRpKVAV_eTyVg","IndianOil","Tarna NH 56, Shivpur, Varanasi","25.369314","82.92450699999999","true"
"ChIJU4xE-1EsjjkRlQKgFWpYWKo","IndianOil","NH 31, Airport Road, Suddhipur, Varanasi","25.359163","82.960518","true"
"ChIJF311vUwsjjkRYmBe0XIfiuk","IndianOil","near St. Atulanand School, NH 56, Gillet Bazaar, near St. Atulanand School, Varanasi","25.354261","82.965492","true"
"ChIJb5yMUoXTjzkRCSstqIl3Jhw","Mustari Petrol Pump","Thana, Varanasi","25.3221033","82.9040796",""
"ChIJHck3bl7TjzkRYsAGSiiNSZk","IndianOil","Ground Floor, SH 87, Akelwa Crossing, Varanasi - Bhadohi Road, Basantpur","25.317218","82.880506","true"
"ChIJhbBmZHQtjjkREsL9oADkgnU","KALIM CNG","8W8J 4C3, Lohta Bazar, Lohta","25.3152665","82.931045",""
"ChIJCTbKpIotjjkRtCXCTHBfN1Q","Firoz Fast Food Corner","Lohta Pushpanjali, Lohta","25.3138528","82.93155820000001",""
"ChIJ65DttLAtjjkRtrOe6ZuyEkM","UR FUEL","1, Lohta","25.313266","82.93297030000001",""
"ChIJsQ5KVxzTjzkRo83uGrDNhE0","M/S MAA NIRMALA FILLING STATION","Kurauna","25.3145116","82.868771","true"
"ChIJw0jzZdQtjjkR39Gg-wAQFRE","IndianOil","near Lohta Police Station, Plot No 535 & 563, Kotwa Road, Sadar, Birapatti, Varanasi","25.3484213","82.91528830000001","true"
"ChIJgzE7sPEtjjkR-fKdaE45W-s","JAINUL ABDIN","Madarsa Islamiyan, Kotwa, Gadhai","25.3425558","82.92803409999999",""
"ChIJY_UgZLwtjjkRpDawzUmwY2k","MAA PRABHAWATI KSK INDIAN OIL","Barthara","25.3269375","82.93968749999999",""
"ChIJBQf56ZItjjkRiXudhj9y5ww","Kishan Seva Petrol Pump","8WGR+M27, Barthara","25.3266585","82.9400594","true"
"ChIJLykO3NwtjjkRg5F4rO9Ar2M","Tausif Petrol","Road, Kotwa, Tariya","25.3453599","82.9310284",""
"ChIJJ6wnMsAtjjkRyCwK0sWPW2o","Nadeer Husain Fuel Shop","Tadiya Rod, Tadiya, Kotwa, Varanasi","25.3448732","82.9317402",""
"ChIJH45N8XctjjkRGWg7E5JwkUM","Hindustan Petroleum Corporation Limited","Ground Floor, Pissaur","25.334401","82.942101","true"
"ChIJh-pQa4QtjjkRAmL4wh7xLrA","Shuarbh Filling Station","8X74+3J4, Maheshpur, Varanasi","25.3126432","82.9565674",""
"ChIJVVVlJ2rSjzkRa3i38QyhtPg","IndianOil","Ground Floor, SH 87, Parmandapur, Jansa","25.321507","82.8478032","true"
"ChIJ46aMDI8tjjkRMPWaua5eAiA","HP Petrol Pump - Kiran Service Station","opp. Oriental Bank Of Commerce, Old GT Road, opp. Oriental Bank Of Commerce, Lahartara Boulia Street, Maheshpur, Varanasi","25.31386539999999","82.9624276","true"
"ChIJgyb6shctjjkRrIklF-c03A8","GAIL CNG Kesari Filling Station","Varanasi - Lucknow Road, Ganeshpur","25.369278","82.9245285",""
"ChIJM5ujIcIsjjkRv-GF5epuDaU","BP Oil","9W9G+9V7, National Highway 56, Bharilayi, Varanasi","25.3684047","82.92715969999999",""
"ChIJ4x_78DgsjjkRgx5yQ8VLitE","IndianOil","NH 56, Tarna, Shivpur, Varanasi","25.368377","82.9279846","true"
"ChIJD-50STktjjkRSOCrOvALsu0","Hindustan Petroleum Corporation Limited","Ground Floor, Phase 2, Ring Road, Koirajpur","25.373073","82.909649","true"
"ChIJD_XF1sYsjjkRXUorsuV7US8","PRIMAX HOSPITAL","India","25.371077","82.9228175",""
"ChIJYd7xhBUtjjkRgmIvigS6H3g","R K P U C CENTRE","Gopal Petrol Pump, Lahartara Boulia, Varanasi","25.3179028","82.96640839999999",""
"ChIJEc7CTHItjjkRpGzP2Ej0f6E","Gopal Service Station","Lahartara,kotwa modd, Varanasi","25.3176128","82.9664583","true"
"ChIJR4jYIlEtjjkRmCH2HCY7mZc","BP Petrol Pump","9WF9+7V8, National Highway 31, Wazidpur","25.3731657","82.91969809999999",""
"ChIJ2f4FwJPTjzkRIzHsZ1eLSEE","IndianOil","Ground Floor Harsos, Rajatalab","25.30357919999999","82.8416056","true"
"ChIJzYjzWw4ujjkR_XijnqgyDeQ","IndianOil","Sant Kabir Road, Lahurabir, Varanasi","25.3232985","83.0013977","true"
"ChIJJWaSQgkujjkRzj9kKUrQ8bQ","IndianOil","Vidyapeeth Road, Kail Garh, Chetganj, Varanasi","25.3239693","82.9960825","true"
"ChIJiXy_BeItjjkRx10VOMNA0K0","IndianOil","Maldahiya, Lajpat Nagar, Varanasi","25.324406","82.992803","true"
"ChIJWZnZLNstjjkRYRwkEBBBcB8","UP MOTORS, Bharat Petroleum","8XQJ+8XW, Kacheri Rd, Varuna Bridge, Nadesar, Chaukaghat, Varanasi","25.3383559","82.982463","true"
"ChIJJYOVgc8tjjkRQNpptUbbKDg","IndianOil","Kachehri, Chauraha, Club Road, Hamrautia, Varanasi","25.342045","82.979805","true"
"ChIJ9SzCLBAujjkRZ5wpJn5ghuE","Hp Petrol Pump","C 7/69, Sant Kabir Road, Piplani Katra, Chetganj, Varanasi","25.3221057","83.0043714","true"
"ChIJif3nDNgtjjkRWcc8LR5h9rg","IndianOil","Ground Floor, near District Jail, Maqbool Alam Road, Varanasi","25.3411188","82.99277149999999","true"
"ChIJq1EsingujjkRJvJCVlPB4NA","IndianOil","Gata, 1108, Sudhakar Road, Hukulganj, Sadar, Varanasi","25.345526","82.99432399999999","true"
"ChIJyck_UWoujjkRFnLKhQt6qd0","IndianOil","Railway Station, Alaipur, near Varanasi City, Old, Grand Trunk Road, Alaipura, Near Varanasi City, Jalalipura, Varanasi","25.334608","83.013245","true"
"ChIJRy7vFkAsjjkRXK1w7_yQtqw","IndianOil","Ground Floor, Chaandmaari Basahi, near Jeevandeep School, Varanasi","25.3755875","82.9704568","true"
"ChIJn4X59_sujjkR3bTlrFyyGn4","IndianOil","NH 29, Ashapur Chauraha, Varanasi","25.3625549","83.0307862","true"
"ChIJnViG4WwtjjkRuxU2KVfQDf8","Shri krishan Urja Kendra","D59/348D, Jai Prakash Nagar, Shivpurwa, Varanasi","25.3133786","82.9753521",""
"ChIJCWX3xbUtjjkRX1RM_Gg83ss","IndianOil","Lahartara Boulia, Sadar, Varanasi","25.316206","82.968301","true"
"ChIJXaAIq_wtjjkREN2SVUU_9x0","Hindustan Petroleum Corporation Limited","Prem No 32/23, Plot No 65, Vidyapeeth Road, Varanasi","25.318341","82.988091","true"
"ChIJ8dfkpf8tjjkRXm4MSJ4CNH8","Triloki Filling Station","8X48+CWH, Lehertara Industrial Estate, Varanasi","25.3060518","82.96736229999999","true"
"ChIJWyQo4YctjjkRyP1OQLKsbso","Petrol pamp","8X6P+RRC, Nagar Nigam Road, Chhittupura, Sigra, Varanasi","25.3120695","82.9870012",""
"ChIJlyCFkUMtjjkRdzOcoI6y5IY","Maa Sharda filling Station","Sigra, Varanasi","25.3173151","82.9886701",""
"ChIJRdhoDUgtjjkRj-tqTGG2S0s","GAIL Gas CNG Station","8X6Q+MF6, Sigra, Varanasi","25.31166219999999","82.9886384","true"
"ChIJ9XJFteYtjjkR3k3YThPvOmA","Bharat Petroleum, Petrol Pump -Mosaram Bhagwandas","VNS CANTT,OPP RLWYSTN, DST","25.3259642","82.98776629999999","true"
"ChIJm-PxJxAtjjkR90dRmrv1R34","IndianOil","Cantt Bus Stand, Old, Grand Trunk Road, Varanasi","25.32796100000001","82.988882","true"
"ChIJwwA1HlstjjkRqMOLeT4fsHk","GAIL Gas CNG Station","Ground Floor, near Taksal Theater Building, s 18/107, Raja Bazar Road, Patel Nagar, Nadesar, Varanasi cantonment, Varanasi","25.3346066","82.9867756","true"
"ChIJaSMM2Q8tjjkRyfFERCh4gtg","IndianOil","Ground Floor, near Taksal Theater Building, Nadesar, Varanasi","25.334657","82.9867617","true"
"ChIJFeV6VN4tjjkRztfFCYABbTw","Bharat Petroleum","India","25.3330364","82.99027199999999",""
"ChIJ-RgCAugtjjkRTs5V-qZJJHo","suresh service station CNG","petrol pump, Nadesar, Varanasi","25.3331132","82.99039180000001",""
"ChIJj-Jv0p4vjjkRGnfVTx_6n74","Petrol pump","C28, 137, Raja Bazar Road, Near Chaura Mata Mandir, Maldahiya, Chetganj, Varanasi","25.328049","82.9949075","false"
"ChIJUdf6esUtjjkRSFsDjwgUWmY","Hindustan Petroleum Corporation Limited","Ground Floor, Victory Bridge, Varanasi","25.341211","82.980351","true"
"ChIJcWc7CHUujjkRMJlJklpeovk","Hindustan Petroleum Corporation Limited","Ground Floor, Chaukaghat, Varanasi","25.33359099999999","82.995091","true"
"ChIJdxrOSocvjjkRCjOYtpCiJc4","vikas shop","J-12-107, Dhupchandi, Jaitpura, Varanasi","25.3282555","83.0014736",""
"ChIJxRWLNq8vjjkRg-P9PB3X5tk","Bharat Petroleum, Petrol Pump -Saroja Petroleums","GANESH BAGH,VMALIK PATTI,D, Varanasi","25.321933","83.00411299999999",""
"ChIJRaxH-QEtjjkRTD_qlci6ISQ","IndianOil","Maqbool Alam Road, Khajuri Colony, Varanasi","25.343164","82.98889899999999","true"
"ChIJ_9UaAXkvjjkRUpiSaa2Jqao","Petrol Pump.Bharat Petroleum. GAURAKALA, Balua Road. VARANASI.","Gaura Kala","25.3610945","83.0712547",""
"ChIJTwL0DjcujjkRDwyks376g-g","Bharat Petroleum, Petrol Pump -Nk Pandey &Co.","Mirzapur - Varanasi Road, Jalil Pur, Ratanpur","25.31553629999999","83.0407956",""
"ChIJs0xrqnsvjjkROhNGsdNekZU","IndianOil","Ground Floor, near Kusht Ashram, Old, GT Road, Parao, Bentairi","25.313311","83.04900099999999","true"
"ChIJB1NvB9kvjjkRkdHtqqgYCEs","Hans Automobiles IOCL","827X+994, near Petrol Pump, Padao Road, Jalil Pur, Varanasi","25.31308","83.049606",""
"ChIJgWGd6RovjjkRq3-Wcc2qpKs","GAIL Gas CNG Station","BHARTIYA PARK, Rajghat, Varanasi","25.325261","83.03418289999999",""
"ChIJZSbeyzYujjkRsP4vMxKBjXE","Bharat Petroleum","India","25.3267228","83.02917360000001","true"
"ChIJIdu9JAAvjjkRMPaPffygIaQ","Neelam HP","82FG+FG3, Kachhwa, Mirzapur","25.32363","83.02629499999999",""
"ChIJGZ09GTcujjkRX5VtXq-9vtw","Indian Oil","India","25.32794999999999","83.02747819999999",""
"ChIJ9ZBKDTcujjkRoqmXT__dxCE","Hindustan Petroleum Corporation Limited","Ground Floor, Rajghat, Varanasi","25.328501","83.02680099999999","true"
"ChIJ9bvUsTMvjjkRUUIRypdbWM8","ALTAF PETROL PUMP","1, Saraiya","25.3347803","83.02633999999999",""
"ChIJC2F5iDAvjjkRYGe5Z4-bzCI","ZR FUEL","1, Saraiya","25.3361924","83.0261221",""
"ChIJuWbN9D4ujjkRjLcvuyeSZ7g","HP PETROL PUMP - S P VERMA & COMPANY","HPC Dealers, Pili Kothi, Varanasi","25.3273145","83.01756549999999","true"
"ChIJ1coIspYvjjkR_tV6O9-LpJI","Petrol","Petrol, Saraiya","25.3381933","83.0258995",""
"ChIJ64WzKqgvjjkRlv-LCbOEu3o","Bharat Petroleum, Petrol Pump -Maidagin F/S (Ms)","MAIDAGIN, VARNASI CITY,DST, Varanasi","25.3203793","83.01311350000002","true"
"ChIJsXSKqX0vjjkRTMaYTTi60yA","Rashid Jamal","A 35 / 40 B1G, Jalalipura, Varanasi","25.3356952","83.0198565",""
"ChIJ7YRxYyYvjjkR_WbhNYkwLN4","Musht Fuil","A2 Jalali, A 35/40, Jalalipura, Varanasi","25.3332585","83.01450849999999",""
"ChIJqc7UGR0ujjkRbwrtgBRMLY4","HP PETROL PUMP - SPEED CENTRE","Lahurabrre, Lahurabir Road, Kabir Nagar Churaha, Varanasi","25.3217114","83.0086087","true"
"ChIJm5qE1jkvjjkR6XbxwSzSYQw","GAIL Gas CNG Station","Railway Station, near Varanasi City, Alaipura, Near Varanasi City, Jalalipura, Varanasi","25.3346805","83.0130938",""
"ChIJP7HX94svjjkR8qUV-pK52eg","RESHMA FUEL","1, BUNKAR ROAD, Varanasi","25.3320327","83.00822939999999",""
"ChIJpXb0GB0ujjkRcb6tuFkkmS0","Hindustan Petroleum Corporation Limited","H No 39/47, Kodai Chowki, Sidhgiribagh, Varanasi","25.30978619999999","83.00542039999999","true"
"ChIJy-aeGmwujjkRFf5K8ZfrGcg","Hindustan Petroleum Corporation Limited","Ground Floor, Old GT Road, Alaipur, Varanasi","25.3363701","83.00863009999999","true"
"ChIJSfWK5VkujjkRGNoNOKRJC7g","Hindustan Petroleum Corporation Limited","No 21/28A, Sarnath Marg, Ruppanpur, Varanasi","25.350741","83.024731","true"
"ChIJn33z99I7jjkRuIdJ9oQUOmU","Sharib Husain","Satpokhari","25.3052122","83.084954",""
"ChIJrdZNg1HUjzkROQK5PJqA8Qg","Hindustan Petroleum Corporation Limited","Ground Floor, Varanasi - Lucknow Road, Babatpur, Sagunha","25.435101","82.85550099999999","true"
"ChIJ6TbgbWvTjzkRGM_Q-mylPlE","potrol fual","Varanasi Division, Mobile 786 Varanasi.Kotwan","25.3910139","82.901742",""
"ChIJaXykqlnTjzkR3DkJOBNmyuA","IndianOil","Ground Floor NH 56, Birapatti, Harahua, Luchchepur","25.393397","82.893625","true"
"ChIJD6KZCqXTjzkR0r79RTEMTI0","Bharat Petroleum Petrol Pump , GAUTAM FILLING CENTRE","VILLAGE DUNIYAPURHARHUA, Rameshwar Road, Varanasi","25.39049","82.888361",""
"ChIJj-ctPmgtjjkRYQsIF69vPY4","GAIL CNG CGS Mother Filling Station","9WQM+XP7, Varanasi Ring Road","25.3899182","82.9342984",""
"ChIJ0RlZVgDVjzkRzo2qaaNVn60","AJAY FILING STATION CNG","CV6P+M83, Sehmalpur","25.4116453","82.88578989999999",""
"ChIJ0d8iiL3UjzkRu0UCHzgo1HY","Ajay Automobile","Sarayswami","25.4116934","82.88563300000001","true"
"ChIJ5cvRKZTUjzkRRYpFfg9HeKA","Jiobp Petrol Pump Vill.Sehmalpur Haraua, Varanasi","Lucknow-Varnasi Road Varnasi, Sehmalpur","25.4139655","82.8824132","true"
"ChIJ2ZOPlMnVjzkRCR0cB_SMEP4","IOCL BOTTLING PLANT VARANASI","CVCF+4J4, Bamokhar","25.4202592","82.8740637",""
"ChIJNcnRB4bTjzkRk2rdqaYmhYY","IndianOil","Ajgara, Rameshwar","25.388655","82.853926","true"
"ChIJSXfVMvLUjzkRaUTcEEPLSgs","BBC petrol pump","CVFC+HR7, Jamaalpur","25.4239133","82.8720542",""
"ChIJ1a9iXPHUjzkRuYLs4h2fiHk","IndianOil","Ground Floor, NH 56, Airport Rd, Bamokhar","25.4253891","82.87050119999999","true"
"ChIJ9VL-NuYtjjkRuWuzalU5iWY","Mahadev Indane Gas Agency","Chhataripur, Varanasi","25.3638759","82.9529428",""
"ChIJN7A_dQDTjzkRO973KnBhVPg","Shree Satguru Felling Station","9V82+93V, Barema","25.3659827","82.8501581","true"
"ChIJd9l6ipctjjkROH59FNoGL9c","IndianOil","Ground Floor, Sadar, Dandoopur","25.3867692","82.96424189999999","true"
"ChIJjzX6Xk7VjzkRzTIJGzSKslc","Hindustan Petroleum Corporation Limited","Ground Floor, Airport Road, Babatpur","25.430831","82.859161","true"
"ChIJ_YK5VgDVjzkRhPP36gHLQZ4","GAIL CNG ,JNG FILLING STATION BABATPUR VARANASI.","CVJ5+CP5, Shishwa","25.4310044","82.8593447",""
"ChIJeTjpXGvVjzkRBWNtW2ruc3g","JNG Feeling Station","NH-31 (Old NH -56, Airport Road, Babatpur","25.4312547","82.8595043","true"
"ChIJs-LbtH7VjzkRXSvI_X735uM","GAIL CNG Sanchetana Filing Station","CVM4+RMC, near PNB BANK, Sagunha","25.4345684","82.8566302",""
"ChIJsd0GAqQtjjkR_R1LOG_wnpY","IndianOil","Arazi No 207, 11, Navalpur, Sadar, Varanasi","25.368538","82.97372","true"
"ChIJr6KSBp4ujjkRTa5iYSJiNqQ","Hindustan Petroleum Corporation Limited","No 171/7 Azamgarh Road, Lalpur, Soyepur","25.372121","82.99362099999999","true"
"ChIJ0_r7a1wvjjkR698ZFTzSMBY","GAIL CNG Shankar Station Filling Station","LALPUR,VRNSI-AZMGD RD,DST, Varanasi","25.3694461","82.99372269999999","true"
"ChIJW5PxW50ujjkRv_MGzwpPK8o","IndianOil","Azamgarh Road, State Highway 73, Lalpur Pandeypur, Varanasi","25.367018","82.993679","true"
"ChIJ684xwnArjjkRMk_Op6qQT4E","Badami Gas Agency","CX7Q+Q28, Unnamed Road, Chandapur","25.4144071","82.987563",""
"ChIJOWOOgoIujjkRRO6_WE_KljU","Bpcl Petrol Pump","75, National Highway 28, Mawai","25.3635664","82.9932208",""
"ChIJJd_2Bq0tjjkR-CkW-RR4KlQ","Hindustan Petroleum Corporation Limited","Ground Floor, Sindhora Road, Bhojuveer, Varanasi","25.356701","82.976101","true"
"ChIJj1kYLQAvjjkRXuPSVK-iU9A","M/से SHREE फिलिंग KSK","92H5+X37, Bela Road, PAHARIYA, Sathawan","25.3799146","83.00768529999999",""
"ChIJb83zTQAvjjkRvzCMHSDo2YA","Sathwan pahariya bela roud","पेट्रोल पम्प, सतावन","25.3976943","83.0106234",""
"ChIJ724GewAvjjkRabHsOACG6D0","Petrol pump","C226+P6C, Sathawan","25.4018238","83.010514","true"
"ChIJv6yZ5bIvjjkR1OfU19lAFGs","Sharda devi gas agency","9X3W+4VW, Pandeypur, Varanasi","25.35285249999999","82.99719089999999",""
"ChIJ-0s6un0ujjkRrTTbP7hxC70","Hindustan Petroleum Corporation Limited","9222+H5J, No 4/67A, Gazipur Road, NH 29, Pandeypur-Sarnath Road, Pandeypur, Daulatpur","25.3523901","83.0002701","true"
"ChIJxbDNLwAtjjkRxv34PmFq-s8","Amarrnath Fuels","AH1, Bagahi, Kumhapur","25.346495","82.988545","true"
"ChIJZ6MTh4kujjkRLC4gm0DvvfI","IndianOil","NH 29, Ashapur Road, Pandeypur, Paharia, Varanasi","25.357128","83.00915499999999","true"
"ChIJ7-zhRgEpjjkRK1p8huCwabU","Hindustan Petroleum Corporation Limited","Ground Floor, Azamgarh Road, Allopur","25.42520099999999","83.001401","true"
"ChIJ-Z529XgujjkRyrn2ZZeCAoc","PSJ PETROL STATION","S-9\34 5-K, Pandeypur, Naibasti, Varanasi","25.3454326","82.9946571",""
"ChIJMyhi5eQvjjkRjsYzpqF27I4","Baba Vishwanath Auto Fuels","SA-6/125, M/5, Gautam Buddha Rajpath Road, Asapur, Varanasi","25.3597653","83.02070739999999","true"
"ChIJHygWrzwpjjkRaGXc_MaPbl0","IndianOil","Ground Floor, Ajgara, Damodarpur","25.4052998","83.02704659999999","true"
"ChIJ_bkHNbArjjkRhe954lijMQk","Abhay Diesel Store","CXQ6+5RH, Market, Ayar","25.4379284","82.96212129999999",""
"ChIJe1odcSwrjjkR2WwPWGBrVwY","Hindustan Petroleum Corporation Limited","Ground Floor, Sindhora - Garthama Road, Varanasi","25.443051","82.961941","true"
"ChIJiVE58XkvjjkRahDiUikcA-Q","IndianOil","Sadar, Ashapur Road, Varanasi","25.3625724","83.0307569","true"
"ChIJedsxu74vjjkR4g6LuSOV_-0","Vinayaka Filling Station","Sa, opposite Union Bank of India, 20/170-B, Paigamberpur, Asapur, Varanasi","25.3536291","83.0250465","true"
"ChIJ39vYDjIpjjkRtI1vrZmx3ZQ","Bharat Petroleum, Petrol Pump -Cholapur Auto Sales","CHOLAPUR,GOSAINPUR,DST VAR, Varanasi","25.4404139","83.0008242","true"
"ChIJgQXlB7AvjjkRxmYIg6dVjoU","Bharat Petroleum, Petrol Pump -Dhanwantri Filling Station (Adhoc)","TILMAPUR ON NH,SARNATH ,DS, Varanasi","25.36446459999999","83.035466",""
"ChIJk0mGihgmjjkRvNWm4RZ-_3M","Bharat Petroleum - Aditya Filling Station","Panihari","25.4280038","83.08711339999999","true"
"ChIJGWRh5rcljjkRVmPk7BmzGAQ","IndianOil","Ground Floor Jhalupur, Sadar, Chaubepur","25.38266399999999","83.112392","true"
"ChIJrTmU9GYvjjkRQVVhM1GfKDA","IndianOil","93W6+FVQ, Varanasi - Gorakhpur Highway, Umaraha","25.3882791","83.0646745","true"
"ChIJoU9ZOYstjjkRXvvDWWOs_5Q","IndianOil","Ground Floor, Near, Ashapur Road, Tilmapur","25.3674045","83.0399094","true"
"ChIJw0ACZAAvjjkRWN0UmeGeasY","Alok filling station","SA-15/232, Hiramanpur, Varanasi","25.3658333","83.0389766",""
"ChIJ51aTsXMvjjkRJODuLfalRLk","Hindustan Petroleum Corporation Limited","Ground Floor, near Post Office, Chiraigaon","25.3653802","83.0614133","true"
"ChIJdTLvwPMvjjkRG1qIZd-wgrw","Shree Energy Solutions","Chiraigaon - Rustampur Marg, Milkopur","25.3653422","83.0614015","true"
"ChIJXWK_wWsvjjkRK8ObKdWY-Hs","Rajghat Gas Service","925Q+MJH, Lerhupur","25.3591941","83.03909569999999",""
"ChIJI_98iQkvjjkR9uepBnqNMoI","Hindustan Petroleum Corporation Limited","Plot No 99 & 100, Chiraigaon","25.3586689","83.0521839","true"
"ChIJ4bAf-FQvjjkRsakWvqMwZGo","IndianOil","Sadar, Lerhupur","25.3577014","83.0444418","true"
"ChIJjbANKHgvjjkRK7s0XUPrk1w","Humara Pump Shree HP CNG Station","Balua Road, Chiraigaon","25.3586566","83.052236","true"
"ChIJoQLva2EpjjkR0pkE2oJYRNA","DEO KSK","Jairampur","25.4190625","83.0343125","true"
"ChIJo33DkEcpjjkRZxuOkbYd7qU","IndianOil","Ground Floor, Sarnath - Munari Road, Jairampur","25.419391","83.0342034","true"
"ChIJN_UIKBAvjjkRYQp4xR6C4gI","Suman Bharat Gas","Chiraigaon","25.3626998","83.0734709",""
"ChIJ3SI9wIApjjkRXNr0PNzs6O4","IndianOil","Ground Floor NH 29, Dubkiya","25.410412","83.076225","true"
"ChIJVVzvVAApjjkRMsBz2f6vvlQ","INDIAN OIL PETROL PUMP -JYOTI GANESH KSK","C3H8+656, Bikapur, Varanasi","25.428035","83.06539169999999","true"
"ChIJG13HLZgnjjkRK3CQ69BgeYM","ADITYA PETRO DIESEL","ADITYA PETRO DIESEL, Gazipur Road, Varanasi","25.4311116","83.0871695",""
"ChIJuxbwVvgojjkRM6_Pw5nGmjQ","IndianOil","Arazi No 829 Munari, Sadar, Amouli","25.448424","83.0444062","true"